<tr>
<td>axtls.cnf</td>
<td>94</td>
<td>190</td>
<td>58</td>
<td>0.009618</td>
<td>1962126104736</td>
</tr>
<tr>
<td>axtls.cnf</td>
<td>94</td>
<td>190</td>
<td>58</td>
<td>0.007351</td>
<td>1962126104736</td>
</tr>
<tr>
<td>axtls__k1__q0.cnf</td>
<td>94</td>
<td>191</td>
<td>53</td>
<td>0.004431</td>
<td>1957662604800</td>
</tr>
<tr>
<td>axtls__k1__q1.cnf</td>
<td>94</td>
<td>191</td>
<td>54</td>
<td>0.005824</td>
<td>891877848144</td>
</tr>
<tr>
<td>axtls__k1__q2.cnf</td>
<td>94</td>
<td>191</td>
<td>49</td>
<td>0.00405</td>
<td>356740816896</td>
</tr>
<tr>
<td>axtls__k1__q3.cnf</td>
<td>94</td>
<td>191</td>
<td>43</td>
<td>0.004634</td>
<td>1280334701184</td>
</tr>
<tr>
<td>axtls__k1__q4.cnf</td>
<td>94</td>
<td>191</td>
<td>47</td>
<td>0.005559</td>
<td>178370408448</td>
</tr>
<tr>
<td>axtls__k1__q5.cnf</td>
<td>94</td>
<td>191</td>
<td>52</td>
<td>0.005148</td>
<td>654024830976</td>
</tr>
<tr>
<td>axtls__k1__q6.cnf</td>
<td>94</td>
<td>191</td>
<td>43</td>
<td>0.004602</td>
<td>1717181053056</td>
</tr>
<tr>
<td>axtls__k1__q7.cnf</td>
<td>94</td>
<td>191</td>
<td>53</td>
<td>0.003733</td>
<td>978831302400</td>
</tr>
<tr>
<td>axtls__k1__q8.cnf</td>
<td>94</td>
<td>191</td>
<td>30</td>
<td>0.003651</td>
<td>7197074304</td>
</tr>
<tr>
<td>axtls__k1__q9.cnf</td>
<td>94</td>
<td>191</td>
<td>36</td>
<td>0.003742</td>
<td>609962996160</td>
</tr>
<tr>
<td>axtls__k1__q10.cnf</td>
<td>94</td>
<td>191</td>
<td>36</td>
<td>0.004146</td>
<td>609962996160</td>
</tr>
<tr>
<td>axtls__k1__q11.cnf</td>
<td>94</td>
<td>191</td>
<td>54</td>
<td>0.004541</td>
<td>1962074492928</td>
</tr>
<tr>
<td>axtls__k1__q12.cnf</td>
<td>94</td>
<td>191</td>
<td>42</td>
<td>0.003998</td>
<td>1280334701184</td>
</tr>
<tr>
<td>axtls__k1__q13.cnf</td>
<td>94</td>
<td>191</td>
<td>38</td>
<td>0.003645</td>
<td>11229917664</td>
</tr>
<tr>
<td>axtls__k1__q14.cnf</td>
<td>94</td>
<td>191</td>
<td>58</td>
<td>0.004112</td>
<td>1962126104736</td>
</tr>
<tr>
<td>axtls__k1__q15.cnf</td>
<td>94</td>
<td>191</td>
<td>38</td>
<td>0.003818</td>
<td>975448093536</td>
</tr>
<tr>
<td>axtls__k1__q16.cnf</td>
<td>94</td>
<td>191</td>
<td>58</td>
<td>0.004495</td>
<td>1962126104736</td>
</tr>
<tr>
<td>axtls__k1__q17.cnf</td>
<td>94</td>
<td>191</td>
<td>52</td>
<td>0.005666</td>
<td>654024830976</td>
</tr>
<tr>
<td>axtls__k1__q18.cnf</td>
<td>94</td>
<td>191</td>
<td>44</td>
<td>0.006248</td>
<td>918751060416</td>
</tr>
<tr>
<td>axtls__k1__q19.cnf</td>
<td>94</td>
<td>191</td>
<td>58</td>
<td>0.005159</td>
<td>1962126104736</td>
</tr>
<tr>
<td>axtls__k1__q20.cnf</td>
<td>94</td>
<td>191</td>
<td>52</td>
<td>0.005251</td>
<td>654024830976</td>
</tr>
<tr>
<td>axtls__k1__q21.cnf</td>
<td>94</td>
<td>191</td>
<td>37</td>
<td>0.005514</td>
<td>609962996160</td>
</tr>
<tr>
<td>axtls__k1__q22.cnf</td>
<td>94</td>
<td>191</td>
<td>53</td>
<td>0.004271</td>
<td>981037246464</td>
</tr>
<tr>
<td>axtls__k1__q23.cnf</td>
<td>94</td>
<td>191</td>
<td>57</td>
<td>0.005297</td>
<td>655913687856</td>
</tr>
<tr>
<td>axtls__k1__q24.cnf</td>
<td>94</td>
<td>191</td>
<td>36</td>
<td>0.004728</td>
<td>3743305888</td>
</tr>
<tr>
<td>axtls__k1__q25.cnf</td>
<td>94</td>
<td>191</td>
<td>30</td>
<td>0.004818</td>
<td>606612633984</td>
</tr>
<tr>
<td>axtls__k1__q26.cnf</td>
<td>94</td>
<td>191</td>
<td>52</td>
<td>0.00668</td>
<td>654024830976</td>
</tr>
<tr>
<td>axtls__k1__q27.cnf</td>
<td>94</td>
<td>191</td>
<td>53</td>
<td>0.004371</td>
<td>1957662604800</td>
</tr>
<tr>
<td>axtls__k1__q28.cnf</td>
<td>94</td>
<td>191</td>
<td>54</td>
<td>0.004534</td>
<td>891877848144</td>
</tr>
<tr>
<td>axtls__k1__q29.cnf</td>
<td>94</td>
<td>191</td>
<td>54</td>
<td>0.004428</td>
<td>981037246464</td>
</tr>
<tr>
<td>axtls__k1__q30.cnf</td>
<td>94</td>
<td>191</td>
<td>52</td>
<td>0.003762</td>
<td>1605333676032</td>
</tr>
<tr>
<td>axtls__k1__q31.cnf</td>
<td>94</td>
<td>191</td>
<td>36</td>
<td>0.003531</td>
<td>3743305888</td>
</tr>
<tr>
<td>axtls__k1__q32.cnf</td>
<td>94</td>
<td>191</td>
<td>38</td>
<td>0.003594</td>
<td>1950896187072</td>
</tr>
<tr>
<td>axtls__k1__q33.cnf</td>
<td>94</td>
<td>191</td>
<td>36</td>
<td>0.003489</td>
<td>3743305888</td>
</tr>
<tr>
<td>axtls__k1__q34.cnf</td>
<td>94</td>
<td>191</td>
<td>49</td>
<td>0.004212</td>
<td>535111225344</td>
</tr>
<tr>
<td>axtls__k1__q35.cnf</td>
<td>94</td>
<td>191</td>
<td>41</td>
<td>0.004056</td>
<td>1280334701184</td>
</tr>
<tr>
<td>axtls__k1__q36.cnf</td>
<td>94</td>
<td>191</td>
<td>49</td>
<td>0.003606</td>
<td>535111225344</td>
</tr>
<tr>
<td>axtls__k1__q37.cnf</td>
<td>94</td>
<td>191</td>
<td>52</td>
<td>0.004034</td>
<td>654024830976</td>
</tr>
<tr>
<td>axtls__k1__q38.cnf</td>
<td>94</td>
<td>191</td>
<td>53</td>
<td>0.004647</td>
<td>1957662604800</td>
</tr>
<tr>
<td>axtls__k1__q39.cnf</td>
<td>94</td>
<td>191</td>
<td>53</td>
<td>0.003715</td>
<td>1957662604800</td>
</tr>
<tr>
<td>axtls__k1__q40.cnf</td>
<td>94</td>
<td>191</td>
<td>58</td>
<td>0.004419</td>
<td>981063052368</td>
</tr>
<tr>
<td>axtls__k1__q41.cnf</td>
<td>94</td>
<td>191</td>
<td>41</td>
<td>0.004911</td>
<td>1280334701184</td>
</tr>
<tr>
<td>axtls__k1__q42.cnf</td>
<td>94</td>
<td>191</td>
<td>34</td>
<td>0.003495</td>
<td>973546635264</td>
</tr>
<tr>
<td>axtls__k1__q43.cnf</td>
<td>94</td>
<td>191</td>
<td>38</td>
<td>0.003901</td>
<td>51611808</td>
</tr>
<tr>
<td>axtls__k1__q44.cnf</td>
<td>94</td>
<td>191</td>
<td>53</td>
<td>0.003741</td>
<td>981037246464</td>
</tr>
<tr>
<td>axtls__k1__q45.cnf</td>
<td>94</td>
<td>191</td>
<td>38</td>
<td>0.004061</td>
<td>975448093536</td>
</tr>
<tr>
<td>axtls__k1__q46.cnf</td>
<td>94</td>
<td>191</td>
<td>36</td>
<td>0.004915</td>
<td>609962996160</td>
</tr>
<tr>
<td>axtls__k1__q47.cnf</td>
<td>94</td>
<td>191</td>
<td>34</td>
<td>0.003312</td>
<td>486773317632</td>
</tr>
<tr>
<td>axtls__k1__q48.cnf</td>
<td>94</td>
<td>191</td>
<td>36</td>
<td>0.00351</td>
<td>3743305888</td>
</tr>
<tr>
<td>axtls__k1__q49.cnf</td>
<td>94</td>
<td>191</td>
<td>49</td>
<td>0.003864</td>
<td>356740816896</td>
</tr>
<tr>
<td>axtls__k1__q50.cnf</td>
<td>94</td>
<td>191</td>
<td>52</td>
<td>0.004</td>
<td>490518623232</td>
</tr>
<tr>
<td>axtls__k1__q51.cnf</td>
<td>94</td>
<td>191</td>
<td>58</td>
<td>0.004084</td>
<td>1962126104736</td>
</tr>
<tr>
<td>axtls__k1__q52.cnf</td>
<td>94</td>
<td>191</td>
<td>37</td>
<td>0.003436</td>
<td>650298729024</td>
</tr>
<tr>
<td>axtls__k1__q53.cnf</td>
<td>94</td>
<td>191</td>
<td>49</td>
<td>0.003752</td>
<td>356740816896</td>
</tr>
<tr>
<td>axtls__k1__q54.cnf</td>
<td>94</td>
<td>191</td>
<td>51</td>
<td>0.00409</td>
<td>981037246464</td>
</tr>
<tr>
<td>axtls__k1__q55.cnf</td>
<td>94</td>
<td>191</td>
<td>49</td>
<td>0.003895</td>
<td>713481633792</td>
</tr>
<tr>
<td>axtls__k1__q56.cnf</td>
<td>94</td>
<td>191</td>
<td>53</td>
<td>0.003883</td>
<td>1957662604800</td>
</tr>
<tr>
<td>axtls__k1__q57.cnf</td>
<td>94</td>
<td>191</td>
<td>53</td>
<td>0.003716</td>
<td>978831302400</td>
</tr>
<tr>
<td>axtls__k1__q58.cnf</td>
<td>94</td>
<td>191</td>
<td>53</td>
<td>0.004187</td>
<td>1957662604800</td>
</tr>
<tr>
<td>axtls__k1__q59.cnf</td>
<td>94</td>
<td>191</td>
<td>35</td>
<td>0.003559</td>
<td>1460319952896</td>
</tr>
<tr>
<td>axtls__k1__q60.cnf</td>
<td>94</td>
<td>191</td>
<td>58</td>
<td>0.005412</td>
<td>981063052368</td>
</tr>
<tr>
<td>axtls__k1__q61.cnf</td>
<td>94</td>
<td>191</td>
<td>54</td>
<td>0.004708</td>
<td>981037246464</td>
</tr>
<tr>
<td>axtls__k1__q62.cnf</td>
<td>94</td>
<td>191</td>
<td>36</td>
<td>0.004829</td>
<td>3743305888</td>
</tr>
<tr>
<td>axtls__k1__q63.cnf</td>
<td>94</td>
<td>191</td>
<td>53</td>
<td>0.007197</td>
<td>981037246464</td>
</tr>
<tr>
<td>axtls__k1__q64.cnf</td>
<td>94</td>
<td>191</td>
<td>54</td>
<td>0.00511</td>
<td>981037246464</td>
</tr>
<tr>
<td>axtls__k1__q65.cnf</td>
<td>94</td>
<td>191</td>
<td>35</td>
<td>0.003659</td>
<td>973546635264</td>
</tr>
<tr>
<td>axtls__k1__q66.cnf</td>
<td>94</td>
<td>191</td>
<td>34</td>
<td>0.003719</td>
<td>1273137626880</td>
</tr>
<tr>
<td>axtls__k1__q67.cnf</td>
<td>94</td>
<td>191</td>
<td>36</td>
<td>0.003916</td>
<td>3743305888</td>
</tr>
<tr>
<td>axtls__k1__q68.cnf</td>
<td>94</td>
<td>191</td>
<td>35</td>
<td>0.003534</td>
<td>1460319952896</td>
</tr>
<tr>
<td>axtls__k1__q69.cnf</td>
<td>94</td>
<td>191</td>
<td>30</td>
<td>0.003636</td>
<td>7197074304</td>
</tr>
<tr>
<td>axtls__k1__q70.cnf</td>
<td>94</td>
<td>191</td>
<td>52</td>
<td>0.003991</td>
<td>654024830976</td>
</tr>
<tr>
<td>axtls__k1__q71.cnf</td>
<td>94</td>
<td>191</td>
<td>45</td>
<td>0.005231</td>
<td>1950706406208</td>
</tr>
<tr>
<td>axtls__k1__q72.cnf</td>
<td>94</td>
<td>191</td>
<td>36</td>
<td>0.004432</td>
<td>973546635264</td>
</tr>
<tr>
<td>axtls__k1__q73.cnf</td>
<td>94</td>
<td>191</td>
<td>37</td>
<td>0.003895</td>
<td>975448093536</td>
</tr>
<tr>
<td>axtls__k1__q74.cnf</td>
<td>94</td>
<td>191</td>
<td>52</td>
<td>0.004117</td>
<td>981037246464</td>
</tr>
<tr>
<td>axtls__k1__q75.cnf</td>
<td>94</td>
<td>191</td>
<td>34</td>
<td>0.003814</td>
<td>1273137626880</td>
</tr>
<tr>
<td>axtls__k1__q76.cnf</td>
<td>94</td>
<td>191</td>
<td>53</td>
<td>0.004418</td>
<td>978831302400</td>
</tr>
<tr>
<td>axtls__k1__q77.cnf</td>
<td>94</td>
<td>191</td>
<td>52</td>
<td>0.004356</td>
<td>654024830976</td>
</tr>
<tr>
<td>axtls__k1__q78.cnf</td>
<td>94</td>
<td>191</td>
<td>34</td>
<td>0.003749</td>
<td>973546635264</td>
</tr>
<tr>
<td>axtls__k1__q79.cnf</td>
<td>94</td>
<td>191</td>
<td>43</td>
<td>1.64162</td>
<td>1280334701184</td>
</tr>
<tr>
<td>axtls__k1__q80.cnf</td>
<td>94</td>
<td>191</td>
<td>54</td>
<td>0.004226</td>
<td>891877848144</td>
</tr>
<tr>
<td>axtls__k1__q81.cnf</td>
<td>94</td>
<td>191</td>
<td>35</td>
<td>0.003568</td>
<td>973546635264</td>
</tr>
<tr>
<td>axtls__k1__q82.cnf</td>
<td>94</td>
<td>191</td>
<td>54</td>
<td>0.004703</td>
<td>981037246464</td>
</tr>
<tr>
<td>axtls__k1__q83.cnf</td>
<td>94</td>
<td>191</td>
<td>52</td>
<td>0.004355</td>
<td>654024830976</td>
</tr>
<tr>
<td>axtls__k1__q84.cnf</td>
<td>94</td>
<td>191</td>
<td>44</td>
<td>0.004552</td>
<td>1837502120832</td>
</tr>
<tr>
<td>axtls__k1__q85.cnf</td>
<td>94</td>
<td>191</td>
<td>54</td>
<td>0.004684</td>
<td>891877848144</td>
</tr>
<tr>
<td>axtls__k1__q86.cnf</td>
<td>94</td>
<td>191</td>
<td>37</td>
<td>0.004057</td>
<td>975448093536</td>
</tr>
<tr>
<td>axtls__k1__q87.cnf</td>
<td>94</td>
<td>191</td>
<td>36</td>
<td>0.003431</td>
<td>973546635264</td>
</tr>
<tr>
<td>axtls__k1__q88.cnf</td>
<td>94</td>
<td>191</td>
<td>52</td>
<td>0.005693</td>
<td>654024830976</td>
</tr>
<tr>
<td>axtls__k1__q89.cnf</td>
<td>94</td>
<td>191</td>
<td>53</td>
<td>0.005198</td>
<td>978831302400</td>
</tr>
<tr>
<td>axtls__k1__q90.cnf</td>
<td>94</td>
<td>191</td>
<td>53</td>
<td>0.004268</td>
<td>981037246464</td>
</tr>
<tr>
<td>axtls__k1__q91.cnf</td>
<td>94</td>
<td>191</td>
<td>35</td>
<td>0.003557</td>
<td>1460319952896</td>
</tr>
<tr>
<td>axtls__k1__q92.cnf</td>
<td>94</td>
<td>191</td>
<td>51</td>
<td>0.003928</td>
<td>490518623232</td>
</tr>
<tr>
<td>axtls__k1__q93.cnf</td>
<td>94</td>
<td>191</td>
<td>38</td>
<td>0.003859</td>
<td>5614958832</td>
</tr>
<tr>
<td>axtls.cnf</td>
<td>94</td>
<td>190</td>
<td>58</td>
<td>0.004541</td>
<td>1962126104736</td>
</tr>
<tr>
<td>axtls.cnf</td>
<td>94</td>
<td>190</td>
<td>58</td>
<td>0.005127</td>
<td>1962126104736</td>
</tr>
<tr>
<td>axtls.cnf</td>
<td>94</td>
<td>190</td>
<td>58</td>
<td>0.005071</td>
<td>1962126104736</td>
</tr>
<tr>
<td>axtls.cnf</td>
<td>94</td>
<td>190</td>
<td>58</td>
<td>0.005177</td>
<td>1962126104736</td>
</tr>
<tr>
<td>axtls.cnf</td>
<td>94</td>
<td>190</td>
<td>58</td>
<td>0.005916</td>
<td>1962126104736</td>
</tr>
<tr>
<td>axtls.cnf</td>
<td>94</td>
<td>190</td>
<td>58</td>
<td>0.004369</td>
<td>1962126104736</td>
</tr>
<tr>
<td>axtls.cnf</td>
<td>94</td>
<td>190</td>
<td>58</td>
<td>0.004231</td>
<td>1962126104736</td>
</tr>
<tr>
<td>axtls.cnf</td>
<td>94</td>
<td>190</td>
<td>58</td>
<td>0.004103</td>
<td>1962126104736</td>
</tr>
<tr>
<td>axtls.cnf</td>
<td>94</td>
<td>190</td>
<td>58</td>
<td>0.004309</td>
<td>1962126104736</td>
</tr>
<tr>
<td>axtls.cnf</td>
<td>94</td>
<td>190</td>
<td>58</td>
<td>0.004525</td>
<td>1962126104736</td>
</tr>
<tr>
<td>axtls.cnf</td>
<td>94</td>
<td>190</td>
<td>58</td>
<td>0.005508</td>
<td>1962126104736</td>
</tr>
<tr>
<td>axtls.cnf</td>
<td>94</td>
<td>190</td>
<td>58</td>
<td>0.004285</td>
<td>1962126104736</td>
</tr>
<tr>
<td>axtls.cnf</td>
<td>94</td>
<td>190</td>
<td>58</td>
<td>0.004381</td>
<td>1962126104736</td>
</tr>
<tr>
<td>axtls.cnf</td>
<td>94</td>
<td>190</td>
<td>58</td>
<td>0.004279</td>
<td>1962126104736</td>
</tr>
<tr>
<td>axtls.cnf</td>
<td>94</td>
<td>190</td>
<td>58</td>
<td>0.004626</td>
<td>1962126104736</td>
</tr>
<tr>
<td>axtls.cnf</td>
<td>94</td>
<td>190</td>
<td>58</td>
<td>0.004249</td>
<td>1962126104736</td>
</tr>
<tr>
<td>axtls.cnf</td>
<td>94</td>
<td>190</td>
<td>58</td>
<td>0.00477</td>
<td>1962126104736</td>
</tr>
<tr>
<td>axtls.cnf</td>
<td>94</td>
<td>190</td>
<td>58</td>
<td>0.004212</td>
<td>1962126104736</td>
</tr>
<tr>
<td>axtls.cnf</td>
<td>94</td>
<td>190</td>
<td>58</td>
<td>0.004496</td>
<td>1962126104736</td>
</tr>
<tr>
<td>axtls.cnf</td>
<td>94</td>
<td>190</td>
<td>58</td>
<td>0.003974</td>
<td>1962126104736</td>
</tr>
<tr>
<td>axtls.cnf</td>
<td>94</td>
<td>190</td>
<td>58</td>
<td>0.004455</td>
<td>1962126104736</td>
</tr>
<tr>
<td>axtls__k1__q0.cnf</td>
<td>94</td>
<td>191</td>
<td>53</td>
<td>0.00518</td>
<td>1957662604800</td>
</tr>
<tr>
<td>axtls__k1__q1.cnf</td>
<td>94</td>
<td>191</td>
<td>54</td>
<td>0.004138</td>
<td>891877848144</td>
</tr>
<tr>
<td>axtls__k1__q2.cnf</td>
<td>94</td>
<td>191</td>
<td>49</td>
<td>0.004107</td>
<td>356740816896</td>
</tr>
<tr>
<td>axtls__k1__q3.cnf</td>
<td>94</td>
<td>191</td>
<td>43</td>
<td>0.004179</td>
<td>1280334701184</td>
</tr>
<tr>
<td>axtls__k1__q4.cnf</td>
<td>94</td>
<td>191</td>
<td>47</td>
<td>0.004246</td>
<td>178370408448</td>
</tr>
<tr>
<td>axtls__k1__q5.cnf</td>
<td>94</td>
<td>191</td>
<td>52</td>
<td>0.003899</td>
<td>654024830976</td>
</tr>
<tr>
<td>axtls__k1__q6.cnf</td>
<td>94</td>
<td>191</td>
<td>43</td>
<td>0.004335</td>
<td>1717181053056</td>
</tr>
<tr>
<td>axtls__k1__q7.cnf</td>
<td>94</td>
<td>191</td>
<td>53</td>
<td>0.003806</td>
<td>978831302400</td>
</tr>
<tr>
<td>axtls__k1__q8.cnf</td>
<td>94</td>
<td>191</td>
<td>30</td>
<td>0.003349</td>
<td>7197074304</td>
</tr>
<tr>
<td>axtls__k1__q9.cnf</td>
<td>94</td>
<td>191</td>
<td>36</td>
<td>0.003691</td>
<td>609962996160</td>
</tr>
<tr>
<td>axtls__k1__q10.cnf</td>
<td>94</td>
<td>191</td>
<td>36</td>
<td>0.005199</td>
<td>609962996160</td>
</tr>
<tr>
<td>axtls__k1__q11.cnf</td>
<td>94</td>
<td>191</td>
<td>54</td>
<td>0.004241</td>
<td>1962074492928</td>
</tr>
<tr>
<td>axtls__k1__q12.cnf</td>
<td>94</td>
<td>191</td>
<td>42</td>
<td>0.003953</td>
<td>1280334701184</td>
</tr>
<tr>
<td>axtls__k1__q13.cnf</td>
<td>94</td>
<td>191</td>
<td>38</td>
<td>0.003382</td>
<td>11229917664</td>
</tr>
<tr>
<td>axtls__k1__q14.cnf</td>
<td>94</td>
<td>191</td>
<td>58</td>
<td>0.005454</td>
<td>1962126104736</td>
</tr>
<tr>
<td>axtls__k1__q15.cnf</td>
<td>94</td>
<td>191</td>
<td>38</td>
<td>0.003662</td>
<td>975448093536</td>
</tr>
<tr>
<td>axtls__k1__q16.cnf</td>
<td>94</td>
<td>191</td>
<td>58</td>
<td>0.004269</td>
<td>1962126104736</td>
</tr>
<tr>
<td>axtls__k1__q17.cnf</td>
<td>94</td>
<td>191</td>
<td>52</td>
<td>0.003781</td>
<td>654024830976</td>
</tr>
<tr>
<td>axtls__k1__q18.cnf</td>
<td>94</td>
<td>191</td>
<td>44</td>
<td>0.004152</td>
<td>918751060416</td>
</tr>
<tr>
<td>axtls__k1__q19.cnf</td>
<td>94</td>
<td>191</td>
<td>58</td>
<td>0.004132</td>
<td>1962126104736</td>
</tr>
<tr>
<td>axtls__k1__q20.cnf</td>
<td>94</td>
<td>191</td>
<td>52</td>
<td>0.004544</td>
<td>654024830976</td>
</tr>
<tr>
<td>axtls__k1__q21.cnf</td>
<td>94</td>
<td>191</td>
<td>37</td>
<td>0.004881</td>
<td>609962996160</td>
</tr>
<tr>
<td>axtls__k1__q22.cnf</td>
<td>94</td>
<td>191</td>
<td>53</td>
<td>0.003796</td>
<td>981037246464</td>
</tr>
<tr>
<td>axtls__k1__q23.cnf</td>
<td>94</td>
<td>191</td>
<td>57</td>
<td>0.004268</td>
<td>655913687856</td>
</tr>
<tr>
<td>axtls__k1__q24.cnf</td>
<td>94</td>
<td>191</td>
<td>36</td>
<td>0.011418</td>
<td>3743305888</td>
</tr>
<tr>
<td>axtls__k1__q25.cnf</td>
<td>94</td>
<td>191</td>
<td>30</td>
<td>0.010113</td>
<td>606612633984</td>
</tr>
<tr>
<td>axtls__k1__q26.cnf</td>
<td>94</td>
<td>191</td>
<td>52</td>
<td>0.005487</td>
<td>654024830976</td>
</tr>
<tr>
<td>axtls__k1__q27.cnf</td>
<td>94</td>
<td>191</td>
<td>53</td>
<td>0.004312</td>
<td>1957662604800</td>
</tr>
<tr>
<td>axtls__k1__q28.cnf</td>
<td>94</td>
<td>191</td>
<td>54</td>
<td>0.004155</td>
<td>891877848144</td>
</tr>
<tr>
<td>axtls__k1__q29.cnf</td>
<td>94</td>
<td>191</td>
<td>54</td>
<td>0.004501</td>
<td>981037246464</td>
</tr>
<tr>
<td>axtls__k1__q30.cnf</td>
<td>94</td>
<td>191</td>
<td>52</td>
<td>0.005105</td>
<td>1605333676032</td>
</tr>
<tr>
<td>axtls__k1__q31.cnf</td>
<td>94</td>
<td>191</td>
<td>36</td>
<td>0.003439</td>
<td>3743305888</td>
</tr>
<tr>
<td>axtls__k1__q32.cnf</td>
<td>94</td>
<td>191</td>
<td>38</td>
<td>0.003742</td>
<td>1950896187072</td>
</tr>
<tr>
<td>axtls__k1__q33.cnf</td>
<td>94</td>
<td>191</td>
<td>36</td>
<td>0.003734</td>
<td>3743305888</td>
</tr>
<tr>
<td>axtls__k1__q34.cnf</td>
<td>94</td>
<td>191</td>
<td>49</td>
<td>0.003806</td>
<td>535111225344</td>
</tr>
<tr>
<td>axtls__k1__q35.cnf</td>
<td>94</td>
<td>191</td>
<td>41</td>
<td>0.003878</td>
<td>1280334701184</td>
</tr>
<tr>
<td>axtls__k1__q36.cnf</td>
<td>94</td>
<td>191</td>
<td>49</td>
<td>0.003704</td>
<td>535111225344</td>
</tr>
<tr>
<td>axtls__k1__q37.cnf</td>
<td>94</td>
<td>191</td>
<td>52</td>
<td>0.003859</td>
<td>654024830976</td>
</tr>
<tr>
<td>axtls__k1__q38.cnf</td>
<td>94</td>
<td>191</td>
<td>53</td>
<td>0.003859</td>
<td>1957662604800</td>
</tr>
<tr>
<td>axtls__k1__q39.cnf</td>
<td>94</td>
<td>191</td>
<td>53</td>
<td>0.003801</td>
<td>1957662604800</td>
</tr>
<tr>
<td>axtls__k1__q40.cnf</td>
<td>94</td>
<td>191</td>
<td>58</td>
<td>0.004208</td>
<td>981063052368</td>
</tr>
<tr>
<td>axtls__k1__q41.cnf</td>
<td>94</td>
<td>191</td>
<td>41</td>
<td>0.003855</td>
<td>1280334701184</td>
</tr>
<tr>
<td>axtls__k1__q42.cnf</td>
<td>94</td>
<td>191</td>
<td>34</td>
<td>0.003985</td>
<td>973546635264</td>
</tr>
<tr>
<td>axtls__k1__q43.cnf</td>
<td>94</td>
<td>191</td>
<td>38</td>
<td>0.003618</td>
<td>51611808</td>
</tr>
<tr>
<td>axtls__k1__q44.cnf</td>
<td>94</td>
<td>191</td>
<td>53</td>
<td>0.003709</td>
<td>981037246464</td>
</tr>
<tr>
<td>axtls__k1__q45.cnf</td>
<td>94</td>
<td>191</td>
<td>38</td>
<td>0.003591</td>
<td>975448093536</td>
</tr>
<tr>
<td>axtls__k1__q46.cnf</td>
<td>94</td>
<td>191</td>
<td>36</td>
<td>0.004031</td>
<td>609962996160</td>
</tr>
<tr>
<td>axtls__k1__q47.cnf</td>
<td>94</td>
<td>191</td>
<td>34</td>
<td>0.003358</td>
<td>486773317632</td>
</tr>
<tr>
<td>axtls__k1__q48.cnf</td>
<td>94</td>
<td>191</td>
<td>36</td>
<td>0.003359</td>
<td>3743305888</td>
</tr>
<tr>
<td>axtls__k1__q49.cnf</td>
<td>94</td>
<td>191</td>
<td>49</td>
<td>0.003937</td>
<td>356740816896</td>
</tr>
<tr>
<td>axtls__k1__q50.cnf</td>
<td>94</td>
<td>191</td>
<td>52</td>
<td>0.004009</td>
<td>490518623232</td>
</tr>
<tr>
<td>axtls__k1__q51.cnf</td>
<td>94</td>
<td>191</td>
<td>58</td>
<td>0.00461</td>
<td>1962126104736</td>
</tr>
<tr>
<td>axtls__k1__q52.cnf</td>
<td>94</td>
<td>191</td>
<td>37</td>
<td>0.005039</td>
<td>650298729024</td>
</tr>
<tr>
<td>axtls__k1__q53.cnf</td>
<td>94</td>
<td>191</td>
<td>49</td>
<td>0.003883</td>
<td>356740816896</td>
</tr>
<tr>
<td>axtls__k1__q54.cnf</td>
<td>94</td>
<td>191</td>
<td>51</td>
<td>0.003896</td>
<td>981037246464</td>
</tr>
<tr>
<td>axtls__k1__q55.cnf</td>
<td>94</td>
<td>191</td>
<td>49</td>
<td>0.003763</td>
<td>713481633792</td>
</tr>
<tr>
<td>axtls__k1__q56.cnf</td>
<td>94</td>
<td>191</td>
<td>53</td>
<td>0.003816</td>
<td>1957662604800</td>
</tr>
<tr>
<td>axtls__k1__q57.cnf</td>
<td>94</td>
<td>191</td>
<td>53</td>
<td>0.003992</td>
<td>978831302400</td>
</tr>
<tr>
<td>axtls__k1__q58.cnf</td>
<td>94</td>
<td>191</td>
<td>53</td>
<td>0.003857</td>
<td>1957662604800</td>
</tr>
<tr>
<td>axtls__k1__q59.cnf</td>
<td>94</td>
<td>191</td>
<td>35</td>
<td>0.003229</td>
<td>1460319952896</td>
</tr>
<tr>
<td>axtls__k1__q60.cnf</td>
<td>94</td>
<td>191</td>
<td>58</td>
<td>0.005825</td>
<td>981063052368</td>
</tr>
<tr>
<td>axtls__k1__q61.cnf</td>
<td>94</td>
<td>191</td>
<td>54</td>
<td>0.004172</td>
<td>981037246464</td>
</tr>
<tr>
<td>axtls__k1__q62.cnf</td>
<td>94</td>
<td>191</td>
<td>36</td>
<td>0.003375</td>
<td>3743305888</td>
</tr>
<tr>
<td>axtls__k1__q63.cnf</td>
<td>94</td>
<td>191</td>
<td>53</td>
<td>0.003874</td>
<td>981037246464</td>
</tr>
<tr>
<td>axtls__k1__q64.cnf</td>
<td>94</td>
<td>191</td>
<td>54</td>
<td>0.00387</td>
<td>981037246464</td>
</tr>
<tr>
<td>axtls__k1__q65.cnf</td>
<td>94</td>
<td>191</td>
<td>35</td>
<td>0.003306</td>
<td>973546635264</td>
</tr>
<tr>
<td>axtls__k1__q66.cnf</td>
<td>94</td>
<td>191</td>
<td>34</td>
<td>0.003453</td>
<td>1273137626880</td>
</tr>
<tr>
<td>axtls__k1__q67.cnf</td>
<td>94</td>
<td>191</td>
<td>36</td>
<td>0.003331</td>
<td>3743305888</td>
</tr>
<tr>
<td>axtls__k1__q68.cnf</td>
<td>94</td>
<td>191</td>
<td>35</td>
<td>0.00374</td>
<td>1460319952896</td>
</tr>
<tr>
<td>axtls__k1__q69.cnf</td>
<td>94</td>
<td>191</td>
<td>30</td>
<td>0.003473</td>
<td>7197074304</td>
</tr>
<tr>
<td>axtls__k1__q70.cnf</td>
<td>94</td>
<td>191</td>
<td>52</td>
<td>0.003864</td>
<td>654024830976</td>
</tr>
<tr>
<td>axtls__k1__q71.cnf</td>
<td>94</td>
<td>191</td>
<td>45</td>
<td>0.004131</td>
<td>1950706406208</td>
</tr>
<tr>
<td>axtls__k1__q72.cnf</td>
<td>94</td>
<td>191</td>
<td>36</td>
<td>0.003873</td>
<td>973546635264</td>
</tr>
<tr>
<td>axtls__k1__q73.cnf</td>
<td>94</td>
<td>191</td>
<td>37</td>
<td>0.003769</td>
<td>975448093536</td>
</tr>
<tr>
<td>axtls__k1__q74.cnf</td>
<td>94</td>
<td>191</td>
<td>52</td>
<td>0.003801</td>
<td>981037246464</td>
</tr>
<tr>
<td>axtls__k1__q75.cnf</td>
<td>94</td>
<td>191</td>
<td>34</td>
<td>0.003416</td>
<td>1273137626880</td>
</tr>
<tr>
<td>axtls__k1__q76.cnf</td>
<td>94</td>
<td>191</td>
<td>53</td>
<td>0.003832</td>
<td>978831302400</td>
</tr>
<tr>
<td>axtls__k1__q77.cnf</td>
<td>94</td>
<td>191</td>
<td>52</td>
<td>0.003772</td>
<td>654024830976</td>
</tr>
<tr>
<td>axtls__k1__q78.cnf</td>
<td>94</td>
<td>191</td>
<td>34</td>
<td>0.003289</td>
<td>973546635264</td>
</tr>
<tr>
<td>axtls__k1__q79.cnf</td>
<td>94</td>
<td>191</td>
<td>43</td>
<td>0.005122</td>
<td>1280334701184</td>
</tr>
<tr>
<td>axtls__k1__q80.cnf</td>
<td>94</td>
<td>191</td>
<td>54</td>
<td>0.004036</td>
<td>891877848144</td>
</tr>
<tr>
<td>axtls__k1__q81.cnf</td>
<td>94</td>
<td>191</td>
<td>35</td>
<td>0.003644</td>
<td>973546635264</td>
</tr>
<tr>
<td>axtls__k1__q82.cnf</td>
<td>94</td>
<td>191</td>
<td>54</td>
<td>0.004401</td>
<td>981037246464</td>
</tr>
<tr>
<td>axtls__k1__q83.cnf</td>
<td>94</td>
<td>191</td>
<td>52</td>
<td>0.004357</td>
<td>654024830976</td>
</tr>
<tr>
<td>axtls__k1__q84.cnf</td>
<td>94</td>
<td>191</td>
<td>44</td>
<td>0.004128</td>
<td>1837502120832</td>
</tr>
<tr>
<td>axtls__k1__q85.cnf</td>
<td>94</td>
<td>191</td>
<td>54</td>
<td>0.00423</td>
<td>891877848144</td>
</tr>
<tr>
<td>axtls__k1__q86.cnf</td>
<td>94</td>
<td>191</td>
<td>37</td>
<td>0.004104</td>
<td>975448093536</td>
</tr>
<tr>
<td>axtls__k1__q87.cnf</td>
<td>94</td>
<td>191</td>
<td>36</td>
<td>0.00361</td>
<td>973546635264</td>
</tr>
<tr>
<td>axtls__k1__q88.cnf</td>
<td>94</td>
<td>191</td>
<td>52</td>
<td>0.003835</td>
<td>654024830976</td>
</tr>
<tr>
<td>axtls__k1__q89.cnf</td>
<td>94</td>
<td>191</td>
<td>53</td>
<td>0.004702</td>
<td>978831302400</td>
</tr>
<tr>
<td>axtls__k1__q90.cnf</td>
<td>94</td>
<td>191</td>
<td>53</td>
<td>0.005051</td>
<td>981037246464</td>
</tr>
<tr>
<td>axtls__k1__q91.cnf</td>
<td>94</td>
<td>191</td>
<td>35</td>
<td>0.00348</td>
<td>1460319952896</td>
</tr>
<tr>
<td>axtls__k1__q92.cnf</td>
<td>94</td>
<td>191</td>
<td>51</td>
<td>0.004226</td>
<td>490518623232</td>
</tr>
<tr>
<td>axtls__k1__q93.cnf</td>
<td>94</td>
<td>191</td>
<td>38</td>
<td>0.006171</td>
<td>5614958832</td>
</tr>
<tr>
<td>axtls__k1__q0.cnf</td>
<td>94</td>
<td>191</td>
<td>53</td>
<td>0.005249</td>
<td>1957662604800</td>
</tr>
<tr>
<td>axtls__k1__q1.cnf</td>
<td>94</td>
<td>191</td>
<td>54</td>
<td>0.004435</td>
<td>891877848144</td>
</tr>
<tr>
<td>axtls__k1__q2.cnf</td>
<td>94</td>
<td>191</td>
<td>49</td>
<td>0.004857</td>
<td>356740816896</td>
</tr>
<tr>
<td>axtls__k1__q3.cnf</td>
<td>94</td>
<td>191</td>
<td>43</td>
<td>0.004428</td>
<td>1280334701184</td>
</tr>
<tr>
<td>axtls__k1__q4.cnf</td>
<td>94</td>
<td>191</td>
<td>47</td>
<td>0.003632</td>
<td>178370408448</td>
</tr>
<tr>
<td>axtls__k1__q5.cnf</td>
<td>94</td>
<td>191</td>
<td>52</td>
<td>0.004407</td>
<td>654024830976</td>
</tr>
<tr>
<td>axtls__k1__q6.cnf</td>
<td>94</td>
<td>191</td>
<td>43</td>
<td>0.005003</td>
<td>1717181053056</td>
</tr>
<tr>
<td>axtls__k1__q7.cnf</td>
<td>94</td>
<td>191</td>
<td>53</td>
<td>0.004091</td>
<td>978831302400</td>
</tr>
<tr>
<td>axtls__k1__q8.cnf</td>
<td>94</td>
<td>191</td>
<td>30</td>
<td>0.003735</td>
<td>7197074304</td>
</tr>
<tr>
<td>axtls__k1__q9.cnf</td>
<td>94</td>
<td>191</td>
<td>36</td>
<td>0.004332</td>
<td>609962996160</td>
</tr>
<tr>
<td>axtls__k1__q10.cnf</td>
<td>94</td>
<td>191</td>
<td>36</td>
<td>0.004928</td>
<td>609962996160</td>
</tr>
<tr>
<td>axtls__k1__q11.cnf</td>
<td>94</td>
<td>191</td>
<td>54</td>
<td>0.004462</td>
<td>1962074492928</td>
</tr>
<tr>
<td>axtls__k1__q12.cnf</td>
<td>94</td>
<td>191</td>
<td>42</td>
<td>0.004088</td>
<td>1280334701184</td>
</tr>
<tr>
<td>axtls__k1__q13.cnf</td>
<td>94</td>
<td>191</td>
<td>38</td>
<td>0.003558</td>
<td>11229917664</td>
</tr>
<tr>
<td>axtls__k1__q14.cnf</td>
<td>94</td>
<td>191</td>
<td>58</td>
<td>0.003965</td>
<td>1962126104736</td>
</tr>
<tr>
<td>axtls__k1__q15.cnf</td>
<td>94</td>
<td>191</td>
<td>38</td>
<td>0.003609</td>
<td>975448093536</td>
</tr>
<tr>
<td>axtls__k1__q16.cnf</td>
<td>94</td>
<td>191</td>
<td>58</td>
<td>0.004568</td>
<td>1962126104736</td>
</tr>
<tr>
<td>axtls__k1__q17.cnf</td>
<td>94</td>
<td>191</td>
<td>52</td>
<td>0.003814</td>
<td>654024830976</td>
</tr>
<tr>
<td>axtls__k1__q18.cnf</td>
<td>94</td>
<td>191</td>
<td>44</td>
<td>0.003823</td>
<td>918751060416</td>
</tr>
<tr>
<td>axtls__k1__q19.cnf</td>
<td>94</td>
<td>191</td>
<td>58</td>
<td>0.004245</td>
<td>1962126104736</td>
</tr>
<tr>
<td>axtls__k1__q20.cnf</td>
<td>94</td>
<td>191</td>
<td>52</td>
<td>0.003805</td>
<td>654024830976</td>
</tr>
<tr>
<td>axtls__k1__q21.cnf</td>
<td>94</td>
<td>191</td>
<td>37</td>
<td>0.003772</td>
<td>609962996160</td>
</tr>
<tr>
<td>axtls__k1__q22.cnf</td>
<td>94</td>
<td>191</td>
<td>53</td>
<td>0.003741</td>
<td>981037246464</td>
</tr>
<tr>
<td>axtls__k1__q23.cnf</td>
<td>94</td>
<td>191</td>
<td>57</td>
<td>0.004049</td>
<td>655913687856</td>
</tr>
<tr>
<td>axtls__k1__q24.cnf</td>
<td>94</td>
<td>191</td>
<td>36</td>
<td>0.003444</td>
<td>3743305888</td>
</tr>
<tr>
<td>axtls__k1__q25.cnf</td>
<td>94</td>
<td>191</td>
<td>30</td>
<td>0.003397</td>
<td>606612633984</td>
</tr>
<tr>
<td>axtls__k1__q26.cnf</td>
<td>94</td>
<td>191</td>
<td>52</td>
<td>0.003763</td>
<td>654024830976</td>
</tr>
<tr>
<td>axtls__k1__q27.cnf</td>
<td>94</td>
<td>191</td>
<td>53</td>
<td>0.003708</td>
<td>1957662604800</td>
</tr>
<tr>
<td>axtls__k1__q28.cnf</td>
<td>94</td>
<td>191</td>
<td>54</td>
<td>0.004175</td>
<td>891877848144</td>
</tr>
<tr>
<td>axtls__k1__q29.cnf</td>
<td>94</td>
<td>191</td>
<td>54</td>
<td>0.004226</td>
<td>981037246464</td>
</tr>
<tr>
<td>axtls__k1__q30.cnf</td>
<td>94</td>
<td>191</td>
<td>52</td>
<td>0.004111</td>
<td>1605333676032</td>
</tr>
<tr>
<td>axtls__k1__q31.cnf</td>
<td>94</td>
<td>191</td>
<td>36</td>
<td>0.003373</td>
<td>3743305888</td>
</tr>
<tr>
<td>axtls__k1__q32.cnf</td>
<td>94</td>
<td>191</td>
<td>38</td>
<td>0.003522</td>
<td>1950896187072</td>
</tr>
<tr>
<td>axtls__k1__q33.cnf</td>
<td>94</td>
<td>191</td>
<td>36</td>
<td>0.00343</td>
<td>3743305888</td>
</tr>
<tr>
<td>axtls__k1__q34.cnf</td>
<td>94</td>
<td>191</td>
<td>49</td>
<td>0.004042</td>
<td>535111225344</td>
</tr>
<tr>
<td>axtls__k1__q35.cnf</td>
<td>94</td>
<td>191</td>
<td>41</td>
<td>0.003881</td>
<td>1280334701184</td>
</tr>
<tr>
<td>axtls__k1__q36.cnf</td>
<td>94</td>
<td>191</td>
<td>49</td>
<td>0.00428</td>
<td>535111225344</td>
</tr>
<tr>
<td>axtls__k1__q37.cnf</td>
<td>94</td>
<td>191</td>
<td>52</td>
<td>0.003775</td>
<td>654024830976</td>
</tr>
<tr>
<td>axtls__k1__q38.cnf</td>
<td>94</td>
<td>191</td>
<td>53</td>
<td>0.003834</td>
<td>1957662604800</td>
</tr>
<tr>
<td>axtls__k1__q39.cnf</td>
<td>94</td>
<td>191</td>
<td>53</td>
<td>0.003701</td>
<td>1957662604800</td>
</tr>
<tr>
<td>axtls__k1__q40.cnf</td>
<td>94</td>
<td>191</td>
<td>58</td>
<td>0.004649</td>
<td>981063052368</td>
</tr>
<tr>
<td>axtls__k1__q41.cnf</td>
<td>94</td>
<td>191</td>
<td>41</td>
<td>0.004046</td>
<td>1280334701184</td>
</tr>
<tr>
<td>axtls__k1__q42.cnf</td>
<td>94</td>
<td>191</td>
<td>34</td>
<td>0.003241</td>
<td>973546635264</td>
</tr>
<tr>
<td>axtls__k1__q43.cnf</td>
<td>94</td>
<td>191</td>
<td>38</td>
<td>0.003431</td>
<td>51611808</td>
</tr>
<tr>
<td>axtls__k1__q44.cnf</td>
<td>94</td>
<td>191</td>
<td>53</td>
<td>0.003753</td>
<td>981037246464</td>
</tr>
<tr>
<td>axtls__k1__q45.cnf</td>
<td>94</td>
<td>191</td>
<td>38</td>
<td>0.003797</td>
<td>975448093536</td>
</tr>
<tr>
<td>axtls__k1__q46.cnf</td>
<td>94</td>
<td>191</td>
<td>36</td>
<td>0.004376</td>
<td>609962996160</td>
</tr>
<tr>
<td>axtls__k1__q47.cnf</td>
<td>94</td>
<td>191</td>
<td>34</td>
<td>0.00342</td>
<td>486773317632</td>
</tr>
<tr>
<td>axtls__k1__q48.cnf</td>
<td>94</td>
<td>191</td>
<td>36</td>
<td>0.004134</td>
<td>3743305888</td>
</tr>
<tr>
<td>axtls__k1__q49.cnf</td>
<td>94</td>
<td>191</td>
<td>49</td>
<td>0.004347</td>
<td>356740816896</td>
</tr>
<tr>
<td>axtls__k1__q50.cnf</td>
<td>94</td>
<td>191</td>
<td>52</td>
<td>0.004563</td>
<td>490518623232</td>
</tr>
<tr>
<td>axtls__k1__q51.cnf</td>
<td>94</td>
<td>191</td>
<td>58</td>
<td>0.00442</td>
<td>1962126104736</td>
</tr>
<tr>
<td>axtls__k1__q52.cnf</td>
<td>94</td>
<td>191</td>
<td>37</td>
<td>0.00436</td>
<td>650298729024</td>
</tr>
<tr>
<td>axtls__k1__q53.cnf</td>
<td>94</td>
<td>191</td>
<td>49</td>
<td>0.00443</td>
<td>356740816896</td>
</tr>
<tr>
<td>axtls__k1__q54.cnf</td>
<td>94</td>
<td>191</td>
<td>51</td>
<td>0.004775</td>
<td>981037246464</td>
</tr>
<tr>
<td>axtls__k1__q55.cnf</td>
<td>94</td>
<td>191</td>
<td>49</td>
<td>0.004636</td>
<td>713481633792</td>
</tr>
<tr>
<td>axtls__k1__q56.cnf</td>
<td>94</td>
<td>191</td>
<td>53</td>
<td>0.003995</td>
<td>1957662604800</td>
</tr>
<tr>
<td>axtls__k1__q57.cnf</td>
<td>94</td>
<td>191</td>
<td>53</td>
<td>0.004104</td>
<td>978831302400</td>
</tr>
<tr>
<td>axtls__k1__q58.cnf</td>
<td>94</td>
<td>191</td>
<td>53</td>
<td>0.005796</td>
<td>1957662604800</td>
</tr>
<tr>
<td>axtls__k1__q59.cnf</td>
<td>94</td>
<td>191</td>
<td>35</td>
<td>0.003505</td>
<td>1460319952896</td>
</tr>
<tr>
<td>axtls__k1__q60.cnf</td>
<td>94</td>
<td>191</td>
<td>58</td>
<td>0.006351</td>
<td>981063052368</td>
</tr>
<tr>
<td>axtls__k1__q61.cnf</td>
<td>94</td>
<td>191</td>
<td>54</td>
<td>0.005618</td>
<td>981037246464</td>
</tr>
<tr>
<td>axtls__k1__q62.cnf</td>
<td>94</td>
<td>191</td>
<td>36</td>
<td>0.00342</td>
<td>3743305888</td>
</tr>
<tr>
<td>axtls__k1__q63.cnf</td>
<td>94</td>
<td>191</td>
<td>53</td>
<td>0.007186</td>
<td>981037246464</td>
</tr>
<tr>
<td>axtls__k1__q64.cnf</td>
<td>94</td>
<td>191</td>
<td>54</td>
<td>0.00541</td>
<td>981037246464</td>
</tr>
<tr>
<td>axtls__k1__q65.cnf</td>
<td>94</td>
<td>191</td>
<td>35</td>
<td>0.003403</td>
<td>973546635264</td>
</tr>
<tr>
<td>axtls__k1__q66.cnf</td>
<td>94</td>
<td>191</td>
<td>34</td>
<td>0.003821</td>
<td>1273137626880</td>
</tr>
<tr>
<td>axtls__k1__q67.cnf</td>
<td>94</td>
<td>191</td>
<td>36</td>
<td>0.003669</td>
<td>3743305888</td>
</tr>
<tr>
<td>axtls__k1__q68.cnf</td>
<td>94</td>
<td>191</td>
<td>35</td>
<td>0.007111</td>
<td>1460319952896</td>
</tr>
<tr>
<td>axtls__k1__q69.cnf</td>
<td>94</td>
<td>191</td>
<td>30</td>
<td>0.004172</td>
<td>7197074304</td>
</tr>
<tr>
<td>axtls__k1__q70.cnf</td>
<td>94</td>
<td>191</td>
<td>52</td>
<td>0.003969</td>
<td>654024830976</td>
</tr>
<tr>
<td>axtls__k1__q71.cnf</td>
<td>94</td>
<td>191</td>
<td>45</td>
<td>0.007892</td>
<td>1950706406208</td>
</tr>
<tr>
<td>axtls__k1__q72.cnf</td>
<td>94</td>
<td>191</td>
<td>36</td>
<td>0.003916</td>
<td>973546635264</td>
</tr>
<tr>
<td>axtls__k1__q73.cnf</td>
<td>94</td>
<td>191</td>
<td>37</td>
<td>0.003788</td>
<td>975448093536</td>
</tr>
<tr>
<td>axtls__k1__q74.cnf</td>
<td>94</td>
<td>191</td>
<td>52</td>
<td>0.006298</td>
<td>981037246464</td>
</tr>
<tr>
<td>axtls__k1__q75.cnf</td>
<td>94</td>
<td>191</td>
<td>34</td>
<td>0.0036</td>
<td>1273137626880</td>
</tr>
<tr>
<td>axtls__k1__q76.cnf</td>
<td>94</td>
<td>191</td>
<td>53</td>
<td>0.003984</td>
<td>978831302400</td>
</tr>
<tr>
<td>axtls__k1__q77.cnf</td>
<td>94</td>
<td>191</td>
<td>52</td>
<td>0.003916</td>
<td>654024830976</td>
</tr>
<tr>
<td>axtls__k1__q78.cnf</td>
<td>94</td>
<td>191</td>
<td>34</td>
<td>0.003395</td>
<td>973546635264</td>
</tr>
<tr>
<td>axtls__k1__q79.cnf</td>
<td>94</td>
<td>191</td>
<td>43</td>
<td>0.005232</td>
<td>1280334701184</td>
</tr>
<tr>
<td>axtls__k1__q80.cnf</td>
<td>94</td>
<td>191</td>
<td>54</td>
<td>0.003981</td>
<td>891877848144</td>
</tr>
<tr>
<td>axtls__k1__q81.cnf</td>
<td>94</td>
<td>191</td>
<td>35</td>
<td>0.004699</td>
<td>973546635264</td>
</tr>
<tr>
<td>axtls__k1__q82.cnf</td>
<td>94</td>
<td>191</td>
<td>54</td>
<td>0.004157</td>
<td>981037246464</td>
</tr>
<tr>
<td>axtls__k1__q83.cnf</td>
<td>94</td>
<td>191</td>
<td>52</td>
<td>0.004885</td>
<td>654024830976</td>
</tr>
<tr>
<td>axtls__k1__q84.cnf</td>
<td>94</td>
<td>191</td>
<td>44</td>
<td>0.00521</td>
<td>1837502120832</td>
</tr>
<tr>
<td>axtls__k1__q85.cnf</td>
<td>94</td>
<td>191</td>
<td>54</td>
<td>0.004174</td>
<td>891877848144</td>
</tr>
<tr>
<td>axtls__k1__q86.cnf</td>
<td>94</td>
<td>191</td>
<td>37</td>
<td>0.003605</td>
<td>975448093536</td>
</tr>
<tr>
<td>axtls__k1__q87.cnf</td>
<td>94</td>
<td>191</td>
<td>36</td>
<td>0.003493</td>
<td>973546635264</td>
</tr>
<tr>
<td>axtls__k1__q88.cnf</td>
<td>94</td>
<td>191</td>
<td>52</td>
<td>0.003928</td>
<td>654024830976</td>
</tr>
<tr>
<td>axtls__k1__q89.cnf</td>
<td>94</td>
<td>191</td>
<td>53</td>
<td>0.003911</td>
<td>978831302400</td>
</tr>
<tr>
<td>axtls__k1__q90.cnf</td>
<td>94</td>
<td>191</td>
<td>53</td>
<td>0.003837</td>
<td>981037246464</td>
</tr>
<tr>
<td>axtls__k1__q91.cnf</td>
<td>94</td>
<td>191</td>
<td>35</td>
<td>0.003469</td>
<td>1460319952896</td>
</tr>
<tr>
<td>axtls__k1__q92.cnf</td>
<td>94</td>
<td>191</td>
<td>51</td>
<td>0.003971</td>
<td>490518623232</td>
</tr>
<tr>
<td>axtls__k1__q93.cnf</td>
<td>94</td>
<td>191</td>
<td>38</td>
<td>0.003544</td>
<td>5614958832</td>
</tr>
<tr>
<td>axtls__k1__q0.cnf</td>
<td>94</td>
<td>191</td>
<td>53</td>
<td>0.003932</td>
<td>1957662604800</td>
</tr>
<tr>
<td>axtls__k1__q1.cnf</td>
<td>94</td>
<td>191</td>
<td>54</td>
<td>0.004384</td>
<td>891877848144</td>
</tr>
<tr>
<td>axtls__k1__q2.cnf</td>
<td>94</td>
<td>191</td>
<td>49</td>
<td>0.003728</td>
<td>356740816896</td>
</tr>
<tr>
<td>axtls__k1__q3.cnf</td>
<td>94</td>
<td>191</td>
<td>43</td>
<td>0.00394</td>
<td>1280334701184</td>
</tr>
<tr>
<td>axtls__k1__q4.cnf</td>
<td>94</td>
<td>191</td>
<td>47</td>
<td>0.003902</td>
<td>178370408448</td>
</tr>
<tr>
<td>axtls__k1__q5.cnf</td>
<td>94</td>
<td>191</td>
<td>52</td>
<td>0.003787</td>
<td>654024830976</td>
</tr>
<tr>
<td>axtls__k1__q6.cnf</td>
<td>94</td>
<td>191</td>
<td>43</td>
<td>0.004404</td>
<td>1717181053056</td>
</tr>
<tr>
<td>axtls__k1__q7.cnf</td>
<td>94</td>
<td>191</td>
<td>53</td>
<td>0.003853</td>
<td>978831302400</td>
</tr>
<tr>
<td>axtls__k1__q8.cnf</td>
<td>94</td>
<td>191</td>
<td>30</td>
<td>0.003644</td>
<td>7197074304</td>
</tr>
<tr>
<td>axtls__k1__q9.cnf</td>
<td>94</td>
<td>191</td>
<td>36</td>
<td>0.004366</td>
<td>609962996160</td>
</tr>
<tr>
<td>axtls__k1__q10.cnf</td>
<td>94</td>
<td>191</td>
<td>36</td>
<td>0.004439</td>
<td>609962996160</td>
</tr>
<tr>
<td>axtls__k1__q11.cnf</td>
<td>94</td>
<td>191</td>
<td>54</td>
<td>0.00404</td>
<td>1962074492928</td>
</tr>
<tr>
<td>axtls__k1__q12.cnf</td>
<td>94</td>
<td>191</td>
<td>42</td>
<td>0.004105</td>
<td>1280334701184</td>
</tr>
<tr>
<td>axtls__k1__q13.cnf</td>
<td>94</td>
<td>191</td>
<td>38</td>
<td>0.003493</td>
<td>11229917664</td>
</tr>
<tr>
<td>axtls__k1__q14.cnf</td>
<td>94</td>
<td>191</td>
<td>58</td>
<td>0.005195</td>
<td>1962126104736</td>
</tr>
<tr>
<td>axtls__k1__q15.cnf</td>
<td>94</td>
<td>191</td>
<td>38</td>
<td>0.004276</td>
<td>975448093536</td>
</tr>
<tr>
<td>axtls__k1__q16.cnf</td>
<td>94</td>
<td>191</td>
<td>58</td>
<td>0.006657</td>
<td>1962126104736</td>
</tr>
<tr>
<td>axtls__k1__q17.cnf</td>
<td>94</td>
<td>191</td>
<td>52</td>
<td>0.004042</td>
<td>654024830976</td>
</tr>
<tr>
<td>axtls__k1__q18.cnf</td>
<td>94</td>
<td>191</td>
<td>44</td>
<td>0.004143</td>
<td>918751060416</td>
</tr>
<tr>
<td>axtls__k1__q19.cnf</td>
<td>94</td>
<td>191</td>
<td>58</td>
<td>0.004281</td>
<td>1962126104736</td>
</tr>
<tr>
<td>axtls__k1__q20.cnf</td>
<td>94</td>
<td>191</td>
<td>52</td>
<td>0.004034</td>
<td>654024830976</td>
</tr>
<tr>
<td>axtls__k1__q21.cnf</td>
<td>94</td>
<td>191</td>
<td>37</td>
<td>0.004019</td>
<td>609962996160</td>
</tr>
<tr>
<td>axtls__k1__q22.cnf</td>
<td>94</td>
<td>191</td>
<td>53</td>
<td>0.00373</td>
<td>981037246464</td>
</tr>
<tr>
<td>axtls__k1__q23.cnf</td>
<td>94</td>
<td>191</td>
<td>57</td>
<td>0.00442</td>
<td>655913687856</td>
</tr>
<tr>
<td>axtls__k1__q24.cnf</td>
<td>94</td>
<td>191</td>
<td>36</td>
<td>0.003816</td>
<td>3743305888</td>
</tr>
<tr>
<td>axtls__k1__q25.cnf</td>
<td>94</td>
<td>191</td>
<td>30</td>
<td>0.00392</td>
<td>606612633984</td>
</tr>
<tr>
<td>axtls__k1__q26.cnf</td>
<td>94</td>
<td>191</td>
<td>52</td>
<td>0.004168</td>
<td>654024830976</td>
</tr>
<tr>
<td>axtls__k1__q27.cnf</td>
<td>94</td>
<td>191</td>
<td>53</td>
<td>0.003808</td>
<td>1957662604800</td>
</tr>
<tr>
<td>axtls__k1__q28.cnf</td>
<td>94</td>
<td>191</td>
<td>54</td>
<td>0.00402</td>
<td>891877848144</td>
</tr>
<tr>
<td>axtls__k1__q29.cnf</td>
<td>94</td>
<td>191</td>
<td>54</td>
<td>0.00393</td>
<td>981037246464</td>
</tr>
<tr>
<td>axtls__k1__q30.cnf</td>
<td>94</td>
<td>191</td>
<td>52</td>
<td>0.00404</td>
<td>1605333676032</td>
</tr>
<tr>
<td>axtls__k1__q31.cnf</td>
<td>94</td>
<td>191</td>
<td>36</td>
<td>0.004374</td>
<td>3743305888</td>
</tr>
<tr>
<td>axtls__k1__q32.cnf</td>
<td>94</td>
<td>191</td>
<td>38</td>
<td>0.003652</td>
<td>1950896187072</td>
</tr>
<tr>
<td>axtls__k1__q33.cnf</td>
<td>94</td>
<td>191</td>
<td>36</td>
<td>0.003309</td>
<td>3743305888</td>
</tr>
<tr>
<td>axtls__k1__q34.cnf</td>
<td>94</td>
<td>191</td>
<td>49</td>
<td>0.004095</td>
<td>535111225344</td>
</tr>
<tr>
<td>axtls__k1__q35.cnf</td>
<td>94</td>
<td>191</td>
<td>41</td>
<td>0.004329</td>
<td>1280334701184</td>
</tr>
<tr>
<td>axtls__k1__q36.cnf</td>
<td>94</td>
<td>191</td>
<td>49</td>
<td>0.004504</td>
<td>535111225344</td>
</tr>
<tr>
<td>axtls__k1__q37.cnf</td>
<td>94</td>
<td>191</td>
<td>52</td>
<td>0.004083</td>
<td>654024830976</td>
</tr>
<tr>
<td>axtls__k1__q38.cnf</td>
<td>94</td>
<td>191</td>
<td>53</td>
<td>0.003814</td>
<td>1957662604800</td>
</tr>
<tr>
<td>axtls__k1__q39.cnf</td>
<td>94</td>
<td>191</td>
<td>53</td>
<td>0.004027</td>
<td>1957662604800</td>
</tr>
<tr>
<td>axtls__k1__q40.cnf</td>
<td>94</td>
<td>191</td>
<td>58</td>
<td>0.004124</td>
<td>981063052368</td>
</tr>
<tr>
<td>axtls__k1__q41.cnf</td>
<td>94</td>
<td>191</td>
<td>41</td>
<td>0.004463</td>
<td>1280334701184</td>
</tr>
<tr>
<td>axtls__k1__q42.cnf</td>
<td>94</td>
<td>191</td>
<td>34</td>
<td>0.003468</td>
<td>973546635264</td>
</tr>
<tr>
<td>axtls__k1__q43.cnf</td>
<td>94</td>
<td>191</td>
<td>38</td>
<td>0.003668</td>
<td>51611808</td>
</tr>
<tr>
<td>axtls__k1__q44.cnf</td>
<td>94</td>
<td>191</td>
<td>53</td>
<td>0.003808</td>
<td>981037246464</td>
</tr>
<tr>
<td>axtls__k1__q45.cnf</td>
<td>94</td>
<td>191</td>
<td>38</td>
<td>0.003441</td>
<td>975448093536</td>
</tr>
<tr>
<td>axtls__k1__q46.cnf</td>
<td>94</td>
<td>191</td>
<td>36</td>
<td>0.005023</td>
<td>609962996160</td>
</tr>
<tr>
<td>axtls__k1__q47.cnf</td>
<td>94</td>
<td>191</td>
<td>34</td>
<td>0.003645</td>
<td>486773317632</td>
</tr>
<tr>
<td>axtls__k1__q48.cnf</td>
<td>94</td>
<td>191</td>
<td>36</td>
<td>0.003573</td>
<td>3743305888</td>
</tr>
<tr>
<td>axtls__k1__q49.cnf</td>
<td>94</td>
<td>191</td>
<td>49</td>
<td>0.003709</td>
<td>356740816896</td>
</tr>
<tr>
<td>axtls__k1__q50.cnf</td>
<td>94</td>
<td>191</td>
<td>52</td>
<td>0.004049</td>
<td>490518623232</td>
</tr>
<tr>
<td>axtls__k1__q51.cnf</td>
<td>94</td>
<td>191</td>
<td>58</td>
<td>0.004908</td>
<td>1962126104736</td>
</tr>
<tr>
<td>axtls__k1__q52.cnf</td>
<td>94</td>
<td>191</td>
<td>37</td>
<td>0.004392</td>
<td>650298729024</td>
</tr>
<tr>
<td>axtls__k1__q53.cnf</td>
<td>94</td>
<td>191</td>
<td>49</td>
<td>0.004841</td>
<td>356740816896</td>
</tr>
<tr>
<td>axtls__k1__q54.cnf</td>
<td>94</td>
<td>191</td>
<td>51</td>
<td>0.004024</td>
<td>981037246464</td>
</tr>
<tr>
<td>axtls__k1__q55.cnf</td>
<td>94</td>
<td>191</td>
<td>49</td>
<td>0.003877</td>
<td>713481633792</td>
</tr>
<tr>
<td>axtls__k1__q56.cnf</td>
<td>94</td>
<td>191</td>
<td>53</td>
<td>0.004938</td>
<td>1957662604800</td>
</tr>
<tr>
<td>axtls__k1__q57.cnf</td>
<td>94</td>
<td>191</td>
<td>53</td>
<td>0.004641</td>
<td>978831302400</td>
</tr>
<tr>
<td>axtls__k1__q58.cnf</td>
<td>94</td>
<td>191</td>
<td>53</td>
<td>0.003805</td>
<td>1957662604800</td>
</tr>
<tr>
<td>axtls__k1__q59.cnf</td>
<td>94</td>
<td>191</td>
<td>35</td>
<td>0.003829</td>
<td>1460319952896</td>
</tr>
<tr>
<td>axtls__k1__q60.cnf</td>
<td>94</td>
<td>191</td>
<td>58</td>
<td>0.00418</td>
<td>981063052368</td>
</tr>
<tr>
<td>axtls__k1__q61.cnf</td>
<td>94</td>
<td>191</td>
<td>54</td>
<td>0.004449</td>
<td>981037246464</td>
</tr>
<tr>
<td>axtls__k1__q62.cnf</td>
<td>94</td>
<td>191</td>
<td>36</td>
<td>0.005218</td>
<td>3743305888</td>
</tr>
<tr>
<td>axtls__k1__q63.cnf</td>
<td>94</td>
<td>191</td>
<td>53</td>
<td>0.005321</td>
<td>981037246464</td>
</tr>
<tr>
<td>axtls__k1__q64.cnf</td>
<td>94</td>
<td>191</td>
<td>54</td>
<td>0.004201</td>
<td>981037246464</td>
</tr>
<tr>
<td>axtls__k1__q65.cnf</td>
<td>94</td>
<td>191</td>
<td>35</td>
<td>0.003943</td>
<td>973546635264</td>
</tr>
<tr>
<td>axtls__k1__q66.cnf</td>
<td>94</td>
<td>191</td>
<td>34</td>
<td>0.004909</td>
<td>1273137626880</td>
</tr>
<tr>
<td>axtls__k1__q67.cnf</td>
<td>94</td>
<td>191</td>
<td>36</td>
<td>0.003555</td>
<td>3743305888</td>
</tr>
<tr>
<td>axtls__k1__q68.cnf</td>
<td>94</td>
<td>191</td>
<td>35</td>
<td>0.003742</td>
<td>1460319952896</td>
</tr>
<tr>
<td>axtls__k1__q69.cnf</td>
<td>94</td>
<td>191</td>
<td>30</td>
<td>0.003566</td>
<td>7197074304</td>
</tr>
<tr>
<td>axtls__k1__q70.cnf</td>
<td>94</td>
<td>191</td>
<td>52</td>
<td>0.00389</td>
<td>654024830976</td>
</tr>
<tr>
<td>axtls__k1__q71.cnf</td>
<td>94</td>
<td>191</td>
<td>45</td>
<td>0.003963</td>
<td>1950706406208</td>
</tr>
<tr>
<td>axtls__k1__q72.cnf</td>
<td>94</td>
<td>191</td>
<td>36</td>
<td>0.004048</td>
<td>973546635264</td>
</tr>
<tr>
<td>axtls__k1__q73.cnf</td>
<td>94</td>
<td>191</td>
<td>37</td>
<td>0.003918</td>
<td>975448093536</td>
</tr>
<tr>
<td>axtls__k1__q74.cnf</td>
<td>94</td>
<td>191</td>
<td>52</td>
<td>0.004257</td>
<td>981037246464</td>
</tr>
<tr>
<td>axtls__k1__q75.cnf</td>
<td>94</td>
<td>191</td>
<td>34</td>
<td>0.003494</td>
<td>1273137626880</td>
</tr>
<tr>
<td>axtls__k1__q76.cnf</td>
<td>94</td>
<td>191</td>
<td>53</td>
<td>0.003853</td>
<td>978831302400</td>
</tr>
<tr>
<td>axtls__k1__q77.cnf</td>
<td>94</td>
<td>191</td>
<td>52</td>
<td>0.004395</td>
<td>654024830976</td>
</tr>
<tr>
<td>axtls__k1__q78.cnf</td>
<td>94</td>
<td>191</td>
<td>34</td>
<td>0.003319</td>
<td>973546635264</td>
</tr>
<tr>
<td>axtls__k1__q79.cnf</td>
<td>94</td>
<td>191</td>
<td>43</td>
<td>0.004014</td>
<td>1280334701184</td>
</tr>
<tr>
<td>axtls__k1__q80.cnf</td>
<td>94</td>
<td>191</td>
<td>54</td>
<td>0.003923</td>
<td>891877848144</td>
</tr>
<tr>
<td>axtls__k1__q81.cnf</td>
<td>94</td>
<td>191</td>
<td>35</td>
<td>0.003512</td>
<td>973546635264</td>
</tr>
<tr>
<td>axtls__k1__q82.cnf</td>
<td>94</td>
<td>191</td>
<td>54</td>
<td>0.003977</td>
<td>981037246464</td>
</tr>
<tr>
<td>axtls__k1__q83.cnf</td>
<td>94</td>
<td>191</td>
<td>52</td>
<td>0.004518</td>
<td>654024830976</td>
</tr>
<tr>
<td>axtls__k1__q84.cnf</td>
<td>94</td>
<td>191</td>
<td>44</td>
<td>0.004432</td>
<td>1837502120832</td>
</tr>
<tr>
<td>axtls__k1__q85.cnf</td>
<td>94</td>
<td>191</td>
<td>54</td>
<td>0.00382</td>
<td>891877848144</td>
</tr>
<tr>
<td>axtls__k1__q86.cnf</td>
<td>94</td>
<td>191</td>
<td>37</td>
<td>0.003688</td>
<td>975448093536</td>
</tr>
<tr>
<td>axtls__k1__q87.cnf</td>
<td>94</td>
<td>191</td>
<td>36</td>
<td>0.005185</td>
<td>973546635264</td>
</tr>
<tr>
<td>axtls__k1__q88.cnf</td>
<td>94</td>
<td>191</td>
<td>52</td>
<td>0.003802</td>
<td>654024830976</td>
</tr>
<tr>
<td>axtls__k1__q89.cnf</td>
<td>94</td>
<td>191</td>
<td>53</td>
<td>0.00414</td>
<td>978831302400</td>
</tr>
<tr>
<td>axtls__k1__q90.cnf</td>
<td>94</td>
<td>191</td>
<td>53</td>
<td>0.005706</td>
<td>981037246464</td>
</tr>
<tr>
<td>axtls__k1__q91.cnf</td>
<td>94</td>
<td>191</td>
<td>35</td>
<td>0.005429</td>
<td>1460319952896</td>
</tr>
<tr>
<td>axtls__k1__q92.cnf</td>
<td>94</td>
<td>191</td>
<td>51</td>
<td>0.00806</td>
<td>490518623232</td>
</tr>
<tr>
<td>axtls__k1__q93.cnf</td>
<td>94</td>
<td>191</td>
<td>38</td>
<td>0.00629</td>
<td>5614958832</td>
</tr>
<tr>
<td>axtls__k1__q0.cnf</td>
<td>94</td>
<td>191</td>
<td>53</td>
<td>0.006445</td>
<td>1957662604800</td>
</tr>
<tr>
<td>axtls__k1__q1.cnf</td>
<td>94</td>
<td>191</td>
<td>54</td>
<td>0.007007</td>
<td>891877848144</td>
</tr>
<tr>
<td>axtls__k1__q2.cnf</td>
<td>94</td>
<td>191</td>
<td>49</td>
<td>0.005653</td>
<td>356740816896</td>
</tr>
<tr>
<td>axtls__k1__q3.cnf</td>
<td>94</td>
<td>191</td>
<td>43</td>
<td>0.006986</td>
<td>1280334701184</td>
</tr>
<tr>
<td>axtls__k1__q4.cnf</td>
<td>94</td>
<td>191</td>
<td>47</td>
<td>0.005415</td>
<td>178370408448</td>
</tr>
<tr>
<td>axtls__k1__q5.cnf</td>
<td>94</td>
<td>191</td>
<td>52</td>
<td>0.00581</td>
<td>654024830976</td>
</tr>
<tr>
<td>axtls__k1__q6.cnf</td>
<td>94</td>
<td>191</td>
<td>43</td>
<td>0.008938</td>
<td>1717181053056</td>
</tr>
<tr>
<td>axtls__k1__q7.cnf</td>
<td>94</td>
<td>191</td>
<td>53</td>
<td>0.00635</td>
<td>978831302400</td>
</tr>
<tr>
<td>axtls__k1__q8.cnf</td>
<td>94</td>
<td>191</td>
<td>30</td>
<td>0.004563</td>
<td>7197074304</td>
</tr>
<tr>
<td>axtls__k1__q9.cnf</td>
<td>94</td>
<td>191</td>
<td>36</td>
<td>0.004396</td>
<td>609962996160</td>
</tr>
<tr>
<td>axtls__k1__q10.cnf</td>
<td>94</td>
<td>191</td>
<td>36</td>
<td>0.004758</td>
<td>609962996160</td>
</tr>
<tr>
<td>axtls__k1__q11.cnf</td>
<td>94</td>
<td>191</td>
<td>54</td>
<td>0.004211</td>
<td>1962074492928</td>
</tr>
<tr>
<td>axtls__k1__q12.cnf</td>
<td>94</td>
<td>191</td>
<td>42</td>
<td>0.004632</td>
<td>1280334701184</td>
</tr>
<tr>
<td>axtls__k1__q13.cnf</td>
<td>94</td>
<td>191</td>
<td>38</td>
<td>0.003748</td>
<td>11229917664</td>
</tr>
<tr>
<td>axtls__k1__q14.cnf</td>
<td>94</td>
<td>191</td>
<td>58</td>
<td>0.004351</td>
<td>1962126104736</td>
</tr>
<tr>
<td>axtls__k1__q15.cnf</td>
<td>94</td>
<td>191</td>
<td>38</td>
<td>0.005278</td>
<td>975448093536</td>
</tr>
<tr>
<td>axtls__k1__q16.cnf</td>
<td>94</td>
<td>191</td>
<td>58</td>
<td>0.004756</td>
<td>1962126104736</td>
</tr>
<tr>
<td>axtls__k1__q17.cnf</td>
<td>94</td>
<td>191</td>
<td>52</td>
<td>0.003649</td>
<td>654024830976</td>
</tr>
<tr>
<td>axtls__k1__q18.cnf</td>
<td>94</td>
<td>191</td>
<td>44</td>
<td>0.00412</td>
<td>918751060416</td>
</tr>
<tr>
<td>axtls__k1__q19.cnf</td>
<td>94</td>
<td>191</td>
<td>58</td>
<td>0.004403</td>
<td>1962126104736</td>
</tr>
<tr>
<td>axtls__k1__q20.cnf</td>
<td>94</td>
<td>191</td>
<td>52</td>
<td>0.004482</td>
<td>654024830976</td>
</tr>
<tr>
<td>axtls__k1__q21.cnf</td>
<td>94</td>
<td>191</td>
<td>37</td>
<td>0.003901</td>
<td>609962996160</td>
</tr>
<tr>
<td>axtls__k1__q22.cnf</td>
<td>94</td>
<td>191</td>
<td>53</td>
<td>0.004721</td>
<td>981037246464</td>
</tr>
<tr>
<td>axtls__k1__q23.cnf</td>
<td>94</td>
<td>191</td>
<td>57</td>
<td>0.004391</td>
<td>655913687856</td>
</tr>
<tr>
<td>axtls__k1__q24.cnf</td>
<td>94</td>
<td>191</td>
<td>36</td>
<td>0.003514</td>
<td>3743305888</td>
</tr>
<tr>
<td>axtls__k1__q25.cnf</td>
<td>94</td>
<td>191</td>
<td>30</td>
<td>0.003929</td>
<td>606612633984</td>
</tr>
<tr>
<td>axtls__k1__q26.cnf</td>
<td>94</td>
<td>191</td>
<td>52</td>
<td>0.00433</td>
<td>654024830976</td>
</tr>
<tr>
<td>axtls__k1__q27.cnf</td>
<td>94</td>
<td>191</td>
<td>53</td>
<td>0.003959</td>
<td>1957662604800</td>
</tr>
<tr>
<td>axtls__k1__q28.cnf</td>
<td>94</td>
<td>191</td>
<td>54</td>
<td>0.004297</td>
<td>891877848144</td>
</tr>
<tr>
<td>axtls__k1__q29.cnf</td>
<td>94</td>
<td>191</td>
<td>54</td>
<td>0.004231</td>
<td>981037246464</td>
</tr>
<tr>
<td>axtls__k1__q30.cnf</td>
<td>94</td>
<td>191</td>
<td>52</td>
<td>0.003908</td>
<td>1605333676032</td>
</tr>
<tr>
<td>axtls__k1__q31.cnf</td>
<td>94</td>
<td>191</td>
<td>36</td>
<td>0.003687</td>
<td>3743305888</td>
</tr>
<tr>
<td>axtls__k1__q32.cnf</td>
<td>94</td>
<td>191</td>
<td>38</td>
<td>0.003616</td>
<td>1950896187072</td>
</tr>
<tr>
<td>axtls__k1__q33.cnf</td>
<td>94</td>
<td>191</td>
<td>36</td>
<td>0.005116</td>
<td>3743305888</td>
</tr>
<tr>
<td>axtls__k1__q34.cnf</td>
<td>94</td>
<td>191</td>
<td>49</td>
<td>0.00387</td>
<td>535111225344</td>
</tr>
<tr>
<td>axtls__k1__q35.cnf</td>
<td>94</td>
<td>191</td>
<td>41</td>
<td>0.003917</td>
<td>1280334701184</td>
</tr>
<tr>
<td>axtls__k1__q36.cnf</td>
<td>94</td>
<td>191</td>
<td>49</td>
<td>0.004623</td>
<td>535111225344</td>
</tr>
<tr>
<td>axtls__k1__q37.cnf</td>
<td>94</td>
<td>191</td>
<td>52</td>
<td>0.003945</td>
<td>654024830976</td>
</tr>
<tr>
<td>axtls__k1__q38.cnf</td>
<td>94</td>
<td>191</td>
<td>53</td>
<td>0.006073</td>
<td>1957662604800</td>
</tr>
<tr>
<td>axtls__k1__q39.cnf</td>
<td>94</td>
<td>191</td>
<td>53</td>
<td>0.004367</td>
<td>1957662604800</td>
</tr>
<tr>
<td>axtls__k1__q40.cnf</td>
<td>94</td>
<td>191</td>
<td>58</td>
<td>0.005037</td>
<td>981063052368</td>
</tr>
<tr>
<td>axtls__k1__q41.cnf</td>
<td>94</td>
<td>191</td>
<td>41</td>
<td>0.009527</td>
<td>1280334701184</td>
</tr>
<tr>
<td>axtls__k1__q42.cnf</td>
<td>94</td>
<td>191</td>
<td>34</td>
<td>0.003584</td>
<td>973546635264</td>
</tr>
<tr>
<td>axtls__k1__q43.cnf</td>
<td>94</td>
<td>191</td>
<td>38</td>
<td>0.003655</td>
<td>51611808</td>
</tr>
<tr>
<td>axtls__k1__q44.cnf</td>
<td>94</td>
<td>191</td>
<td>53</td>
<td>0.01104</td>
<td>981037246464</td>
</tr>
<tr>
<td>axtls__k1__q45.cnf</td>
<td>94</td>
<td>191</td>
<td>38</td>
<td>0.003619</td>
<td>975448093536</td>
</tr>
<tr>
<td>axtls__k1__q46.cnf</td>
<td>94</td>
<td>191</td>
<td>36</td>
<td>0.004496</td>
<td>609962996160</td>
</tr>
<tr>
<td>axtls__k1__q47.cnf</td>
<td>94</td>
<td>191</td>
<td>34</td>
<td>0.003626</td>
<td>486773317632</td>
</tr>
<tr>
<td>axtls__k1__q48.cnf</td>
<td>94</td>
<td>191</td>
<td>36</td>
<td>0.003885</td>
<td>3743305888</td>
</tr>
<tr>
<td>axtls__k1__q49.cnf</td>
<td>94</td>
<td>191</td>
<td>49</td>
<td>0.006264</td>
<td>356740816896</td>
</tr>
<tr>
<td>axtls__k1__q50.cnf</td>
<td>94</td>
<td>191</td>
<td>52</td>
<td>0.004126</td>
<td>490518623232</td>
</tr>
<tr>
<td>axtls__k1__q51.cnf</td>
<td>94</td>
<td>191</td>
<td>58</td>
<td>0.004814</td>
<td>1962126104736</td>
</tr>
<tr>
<td>axtls__k1__q52.cnf</td>
<td>94</td>
<td>191</td>
<td>37</td>
<td>0.005061</td>
<td>650298729024</td>
</tr>
<tr>
<td>axtls__k1__q53.cnf</td>
<td>94</td>
<td>191</td>
<td>49</td>
<td>0.003918</td>
<td>356740816896</td>
</tr>
<tr>
<td>axtls__k1__q54.cnf</td>
<td>94</td>
<td>191</td>
<td>51</td>
<td>0.004292</td>
<td>981037246464</td>
</tr>
<tr>
<td>axtls__k1__q55.cnf</td>
<td>94</td>
<td>191</td>
<td>49</td>
<td>0.003648</td>
<td>713481633792</td>
</tr>
<tr>
<td>axtls__k1__q56.cnf</td>
<td>94</td>
<td>191</td>
<td>53</td>
<td>0.009445</td>
<td>1957662604800</td>
</tr>
<tr>
<td>axtls__k1__q57.cnf</td>
<td>94</td>
<td>191</td>
<td>53</td>
<td>0.006029</td>
<td>978831302400</td>
</tr>
<tr>
<td>axtls__k1__q58.cnf</td>
<td>94</td>
<td>191</td>
<td>53</td>
<td>0.010722</td>
<td>1957662604800</td>
</tr>
<tr>
<td>axtls__k1__q59.cnf</td>
<td>94</td>
<td>191</td>
<td>35</td>
<td>0.004717</td>
<td>1460319952896</td>
</tr>
<tr>
<td>axtls__k1__q60.cnf</td>
<td>94</td>
<td>191</td>
<td>58</td>
<td>0.004549</td>
<td>981063052368</td>
</tr>
<tr>
<td>axtls__k1__q61.cnf</td>
<td>94</td>
<td>191</td>
<td>54</td>
<td>0.003788</td>
<td>981037246464</td>
</tr>
<tr>
<td>axtls__k1__q62.cnf</td>
<td>94</td>
<td>191</td>
<td>36</td>
<td>0.003881</td>
<td>3743305888</td>
</tr>
<tr>
<td>axtls__k1__q63.cnf</td>
<td>94</td>
<td>191</td>
<td>53</td>
<td>0.004785</td>
<td>981037246464</td>
</tr>
<tr>
<td>axtls__k1__q64.cnf</td>
<td>94</td>
<td>191</td>
<td>54</td>
<td>0.004859</td>
<td>981037246464</td>
</tr>
<tr>
<td>axtls__k1__q65.cnf</td>
<td>94</td>
<td>191</td>
<td>35</td>
<td>0.004915</td>
<td>973546635264</td>
</tr>
<tr>
<td>axtls__k1__q66.cnf</td>
<td>94</td>
<td>191</td>
<td>34</td>
<td>0.006122</td>
<td>1273137626880</td>
</tr>
<tr>
<td>axtls__k1__q67.cnf</td>
<td>94</td>
<td>191</td>
<td>36</td>
<td>0.005832</td>
<td>3743305888</td>
</tr>
<tr>
<td>axtls__k1__q68.cnf</td>
<td>94</td>
<td>191</td>
<td>35</td>
<td>0.004094</td>
<td>1460319952896</td>
</tr>
<tr>
<td>axtls__k1__q69.cnf</td>
<td>94</td>
<td>191</td>
<td>30</td>
<td>0.003549</td>
<td>7197074304</td>
</tr>
<tr>
<td>axtls__k1__q70.cnf</td>
<td>94</td>
<td>191</td>
<td>52</td>
<td>0.003869</td>
<td>654024830976</td>
</tr>
<tr>
<td>axtls__k1__q71.cnf</td>
<td>94</td>
<td>191</td>
<td>45</td>
<td>0.004309</td>
<td>1950706406208</td>
</tr>
<tr>
<td>axtls__k1__q72.cnf</td>
<td>94</td>
<td>191</td>
<td>36</td>
<td>0.003735</td>
<td>973546635264</td>
</tr>
<tr>
<td>axtls__k1__q73.cnf</td>
<td>94</td>
<td>191</td>
<td>37</td>
<td>0.005126</td>
<td>975448093536</td>
</tr>
<tr>
<td>axtls__k1__q74.cnf</td>
<td>94</td>
<td>191</td>
<td>52</td>
<td>0.005044</td>
<td>981037246464</td>
</tr>
<tr>
<td>axtls__k1__q75.cnf</td>
<td>94</td>
<td>191</td>
<td>34</td>
<td>0.004387</td>
<td>1273137626880</td>
</tr>
<tr>
<td>axtls__k1__q76.cnf</td>
<td>94</td>
<td>191</td>
<td>53</td>
<td>0.005927</td>
<td>978831302400</td>
</tr>
<tr>
<td>axtls__k1__q77.cnf</td>
<td>94</td>
<td>191</td>
<td>52</td>
<td>0.00722</td>
<td>654024830976</td>
</tr>
<tr>
<td>axtls__k1__q78.cnf</td>
<td>94</td>
<td>191</td>
<td>34</td>
<td>0.004404</td>
<td>973546635264</td>
</tr>
<tr>
<td>axtls__k1__q79.cnf</td>
<td>94</td>
<td>191</td>
<td>43</td>
<td>0.00577</td>
<td>1280334701184</td>
</tr>
<tr>
<td>axtls__k1__q80.cnf</td>
<td>94</td>
<td>191</td>
<td>54</td>
<td>0.005631</td>
<td>891877848144</td>
</tr>
<tr>
<td>axtls__k1__q81.cnf</td>
<td>94</td>
<td>191</td>
<td>35</td>
<td>0.004214</td>
<td>973546635264</td>
</tr>
<tr>
<td>axtls__k1__q82.cnf</td>
<td>94</td>
<td>191</td>
<td>54</td>
<td>0.00474</td>
<td>981037246464</td>
</tr>
<tr>
<td>axtls__k1__q83.cnf</td>
<td>94</td>
<td>191</td>
<td>52</td>
<td>0.004668</td>
<td>654024830976</td>
</tr>
<tr>
<td>axtls__k1__q84.cnf</td>
<td>94</td>
<td>191</td>
<td>44</td>
<td>0.004882</td>
<td>1837502120832</td>
</tr>
<tr>
<td>axtls__k1__q85.cnf</td>
<td>94</td>
<td>191</td>
<td>54</td>
<td>0.005966</td>
<td>891877848144</td>
</tr>
<tr>
<td>axtls__k1__q86.cnf</td>
<td>94</td>
<td>191</td>
<td>37</td>
<td>0.004512</td>
<td>975448093536</td>
</tr>
<tr>
<td>axtls__k1__q87.cnf</td>
<td>94</td>
<td>191</td>
<td>36</td>
<td>0.006887</td>
<td>973546635264</td>
</tr>
<tr>
<td>axtls__k1__q88.cnf</td>
<td>94</td>
<td>191</td>
<td>52</td>
<td>0.00429</td>
<td>654024830976</td>
</tr>
<tr>
<td>axtls__k1__q89.cnf</td>
<td>94</td>
<td>191</td>
<td>53</td>
<td>0.004835</td>
<td>978831302400</td>
</tr>
<tr>
<td>axtls__k1__q90.cnf</td>
<td>94</td>
<td>191</td>
<td>53</td>
<td>0.003793</td>
<td>981037246464</td>
</tr>
<tr>
<td>axtls__k1__q91.cnf</td>
<td>94</td>
<td>191</td>
<td>35</td>
<td>0.003461</td>
<td>1460319952896</td>
</tr>
<tr>
<td>axtls__k1__q92.cnf</td>
<td>94</td>
<td>191</td>
<td>51</td>
<td>0.003803</td>
<td>490518623232</td>
</tr>
<tr>
<td>axtls__k1__q93.cnf</td>
<td>94</td>
<td>191</td>
<td>38</td>
<td>0.003655</td>
<td>5614958832</td>
</tr>
<tr>
<td>axtls__k1__q0.cnf</td>
<td>94</td>
<td>191</td>
<td>53</td>
<td>0.004241</td>
<td>1957662604800</td>
</tr>
<tr>
<td>axtls__k1__q1.cnf</td>
<td>94</td>
<td>191</td>
<td>54</td>
<td>0.005854</td>
<td>891877848144</td>
</tr>
<tr>
<td>axtls__k1__q2.cnf</td>
<td>94</td>
<td>191</td>
<td>49</td>
<td>0.004176</td>
<td>356740816896</td>
</tr>
<tr>
<td>axtls__k1__q3.cnf</td>
<td>94</td>
<td>191</td>
<td>43</td>
<td>0.004419</td>
<td>1280334701184</td>
</tr>
<tr>
<td>axtls__k1__q4.cnf</td>
<td>94</td>
<td>191</td>
<td>47</td>
<td>0.004147</td>
<td>178370408448</td>
</tr>
<tr>
<td>axtls__k1__q5.cnf</td>
<td>94</td>
<td>191</td>
<td>52</td>
<td>0.004172</td>
<td>654024830976</td>
</tr>
<tr>
<td>axtls__k1__q6.cnf</td>
<td>94</td>
<td>191</td>
<td>43</td>
<td>0.004128</td>
<td>1717181053056</td>
</tr>
<tr>
<td>axtls__k1__q7.cnf</td>
<td>94</td>
<td>191</td>
<td>53</td>
<td>0.003745</td>
<td>978831302400</td>
</tr>
<tr>
<td>axtls__k1__q8.cnf</td>
<td>94</td>
<td>191</td>
<td>30</td>
<td>0.003756</td>
<td>7197074304</td>
</tr>
<tr>
<td>axtls__k1__q9.cnf</td>
<td>94</td>
<td>191</td>
<td>36</td>
<td>0.004572</td>
<td>609962996160</td>
</tr>
<tr>
<td>axtls__k1__q10.cnf</td>
<td>94</td>
<td>191</td>
<td>36</td>
<td>0.004635</td>
<td>609962996160</td>
</tr>
<tr>
<td>axtls__k1__q11.cnf</td>
<td>94</td>
<td>191</td>
<td>54</td>
<td>0.004887</td>
<td>1962074492928</td>
</tr>
<tr>
<td>axtls__k1__q12.cnf</td>
<td>94</td>
<td>191</td>
<td>42</td>
<td>0.005007</td>
<td>1280334701184</td>
</tr>
<tr>
<td>axtls__k1__q13.cnf</td>
<td>94</td>
<td>191</td>
<td>38</td>
<td>0.005736</td>
<td>11229917664</td>
</tr>
<tr>
<td>axtls__k1__q14.cnf</td>
<td>94</td>
<td>191</td>
<td>58</td>
<td>0.006336</td>
<td>1962126104736</td>
</tr>
<tr>
<td>axtls__k1__q15.cnf</td>
<td>94</td>
<td>191</td>
<td>38</td>
<td>0.004682</td>
<td>975448093536</td>
</tr>
<tr>
<td>axtls__k1__q16.cnf</td>
<td>94</td>
<td>191</td>
<td>58</td>
<td>0.004462</td>
<td>1962126104736</td>
</tr>
<tr>
<td>axtls__k1__q17.cnf</td>
<td>94</td>
<td>191</td>
<td>52</td>
<td>0.003931</td>
<td>654024830976</td>
</tr>
<tr>
<td>axtls__k1__q18.cnf</td>
<td>94</td>
<td>191</td>
<td>44</td>
<td>0.005003</td>
<td>918751060416</td>
</tr>
<tr>
<td>axtls__k1__q19.cnf</td>
<td>94</td>
<td>191</td>
<td>58</td>
<td>0.008088</td>
<td>1962126104736</td>
</tr>
<tr>
<td>axtls__k1__q20.cnf</td>
<td>94</td>
<td>191</td>
<td>52</td>
<td>0.007252</td>
<td>654024830976</td>
</tr>
<tr>
<td>axtls__k1__q21.cnf</td>
<td>94</td>
<td>191</td>
<td>37</td>
<td>0.007448</td>
<td>609962996160</td>
</tr>
<tr>
<td>axtls__k1__q22.cnf</td>
<td>94</td>
<td>191</td>
<td>53</td>
<td>0.007233</td>
<td>981037246464</td>
</tr>
<tr>
<td>axtls__k1__q23.cnf</td>
<td>94</td>
<td>191</td>
<td>57</td>
<td>0.008436</td>
<td>655913687856</td>
</tr>
<tr>
<td>axtls__k1__q24.cnf</td>
<td>94</td>
<td>191</td>
<td>36</td>
<td>0.004546</td>
<td>3743305888</td>
</tr>
<tr>
<td>axtls__k1__q25.cnf</td>
<td>94</td>
<td>191</td>
<td>30</td>
<td>0.004988</td>
<td>606612633984</td>
</tr>
<tr>
<td>axtls__k1__q26.cnf</td>
<td>94</td>
<td>191</td>
<td>52</td>
<td>0.004863</td>
<td>654024830976</td>
</tr>
<tr>
<td>axtls__k1__q27.cnf</td>
<td>94</td>
<td>191</td>
<td>53</td>
<td>0.003842</td>
<td>1957662604800</td>
</tr>
<tr>
<td>axtls__k1__q28.cnf</td>
<td>94</td>
<td>191</td>
<td>54</td>
<td>0.006091</td>
<td>891877848144</td>
</tr>
<tr>
<td>axtls__k1__q29.cnf</td>
<td>94</td>
<td>191</td>
<td>54</td>
<td>0.004386</td>
<td>981037246464</td>
</tr>
<tr>
<td>axtls__k1__q30.cnf</td>
<td>94</td>
<td>191</td>
<td>52</td>
<td>0.003785</td>
<td>1605333676032</td>
</tr>
<tr>
<td>axtls__k1__q31.cnf</td>
<td>94</td>
<td>191</td>
<td>36</td>
<td>0.003492</td>
<td>3743305888</td>
</tr>
<tr>
<td>axtls__k1__q32.cnf</td>
<td>94</td>
<td>191</td>
<td>38</td>
<td>0.003605</td>
<td>1950896187072</td>
</tr>
<tr>
<td>axtls__k1__q33.cnf</td>
<td>94</td>
<td>191</td>
<td>36</td>
<td>0.003738</td>
<td>3743305888</td>
</tr>
<tr>
<td>axtls__k1__q34.cnf</td>
<td>94</td>
<td>191</td>
<td>49</td>
<td>0.004191</td>
<td>535111225344</td>
</tr>
<tr>
<td>axtls__k1__q35.cnf</td>
<td>94</td>
<td>191</td>
<td>41</td>
<td>0.004668</td>
<td>1280334701184</td>
</tr>
<tr>
<td>axtls__k1__q36.cnf</td>
<td>94</td>
<td>191</td>
<td>49</td>
<td>0.004907</td>
<td>535111225344</td>
</tr>
<tr>
<td>axtls__k1__q37.cnf</td>
<td>94</td>
<td>191</td>
<td>52</td>
<td>0.004777</td>
<td>654024830976</td>
</tr>
<tr>
<td>axtls__k1__q38.cnf</td>
<td>94</td>
<td>191</td>
<td>53</td>
<td>0.003825</td>
<td>1957662604800</td>
</tr>
<tr>
<td>axtls__k1__q39.cnf</td>
<td>94</td>
<td>191</td>
<td>53</td>
<td>0.004824</td>
<td>1957662604800</td>
</tr>
<tr>
<td>axtls__k1__q40.cnf</td>
<td>94</td>
<td>191</td>
<td>58</td>
<td>0.004285</td>
<td>981063052368</td>
</tr>
<tr>
<td>axtls__k1__q41.cnf</td>
<td>94</td>
<td>191</td>
<td>41</td>
<td>0.003918</td>
<td>1280334701184</td>
</tr>
<tr>
<td>axtls__k1__q42.cnf</td>
<td>94</td>
<td>191</td>
<td>34</td>
<td>0.006751</td>
<td>973546635264</td>
</tr>
<tr>
<td>axtls__k1__q43.cnf</td>
<td>94</td>
<td>191</td>
<td>38</td>
<td>0.00391</td>
<td>51611808</td>
</tr>
<tr>
<td>axtls__k1__q44.cnf</td>
<td>94</td>
<td>191</td>
<td>53</td>
<td>0.003865</td>
<td>981037246464</td>
</tr>
<tr>
<td>axtls__k1__q45.cnf</td>
<td>94</td>
<td>191</td>
<td>38</td>
<td>0.003789</td>
<td>975448093536</td>
</tr>
<tr>
<td>axtls__k1__q46.cnf</td>
<td>94</td>
<td>191</td>
<td>36</td>
<td>0.00397</td>
<td>609962996160</td>
</tr>
<tr>
<td>axtls__k1__q47.cnf</td>
<td>94</td>
<td>191</td>
<td>34</td>
<td>0.00339</td>
<td>486773317632</td>
</tr>
<tr>
<td>axtls__k1__q48.cnf</td>
<td>94</td>
<td>191</td>
<td>36</td>
<td>0.003772</td>
<td>3743305888</td>
</tr>
<tr>
<td>axtls__k1__q49.cnf</td>
<td>94</td>
<td>191</td>
<td>49</td>
<td>0.003953</td>
<td>356740816896</td>
</tr>
<tr>
<td>axtls__k1__q50.cnf</td>
<td>94</td>
<td>191</td>
<td>52</td>
<td>0.004016</td>
<td>490518623232</td>
</tr>
<tr>
<td>axtls__k1__q51.cnf</td>
<td>94</td>
<td>191</td>
<td>58</td>
<td>0.004381</td>
<td>1962126104736</td>
</tr>
<tr>
<td>axtls__k1__q52.cnf</td>
<td>94</td>
<td>191</td>
<td>37</td>
<td>0.003695</td>
<td>650298729024</td>
</tr>
<tr>
<td>axtls__k1__q53.cnf</td>
<td>94</td>
<td>191</td>
<td>49</td>
<td>0.00372</td>
<td>356740816896</td>
</tr>
<tr>
<td>axtls__k1__q54.cnf</td>
<td>94</td>
<td>191</td>
<td>51</td>
<td>0.003853</td>
<td>981037246464</td>
</tr>
<tr>
<td>axtls__k1__q55.cnf</td>
<td>94</td>
<td>191</td>
<td>49</td>
<td>0.003856</td>
<td>713481633792</td>
</tr>
<tr>
<td>axtls__k1__q56.cnf</td>
<td>94</td>
<td>191</td>
<td>53</td>
<td>0.003938</td>
<td>1957662604800</td>
</tr>
<tr>
<td>axtls__k1__q57.cnf</td>
<td>94</td>
<td>191</td>
<td>53</td>
<td>0.004103</td>
<td>978831302400</td>
</tr>
<tr>
<td>axtls__k1__q58.cnf</td>
<td>94</td>
<td>191</td>
<td>53</td>
<td>0.004107</td>
<td>1957662604800</td>
</tr>
<tr>
<td>axtls__k1__q59.cnf</td>
<td>94</td>
<td>191</td>
<td>35</td>
<td>0.003543</td>
<td>1460319952896</td>
</tr>
<tr>
<td>axtls__k1__q60.cnf</td>
<td>94</td>
<td>191</td>
<td>58</td>
<td>0.004251</td>
<td>981063052368</td>
</tr>
<tr>
<td>axtls__k1__q61.cnf</td>
<td>94</td>
<td>191</td>
<td>54</td>
<td>0.004094</td>
<td>981037246464</td>
</tr>
<tr>
<td>axtls__k1__q62.cnf</td>
<td>94</td>
<td>191</td>
<td>36</td>
<td>0.007059</td>
<td>3743305888</td>
</tr>
<tr>
<td>axtls__k1__q63.cnf</td>
<td>94</td>
<td>191</td>
<td>53</td>
<td>0.003987</td>
<td>981037246464</td>
</tr>
<tr>
<td>axtls__k1__q64.cnf</td>
<td>94</td>
<td>191</td>
<td>54</td>
<td>0.004692</td>
<td>981037246464</td>
</tr>
<tr>
<td>axtls__k1__q65.cnf</td>
<td>94</td>
<td>191</td>
<td>35</td>
<td>0.004562</td>
<td>973546635264</td>
</tr>
<tr>
<td>axtls__k1__q66.cnf</td>
<td>94</td>
<td>191</td>
<td>34</td>
<td>0.0035</td>
<td>1273137626880</td>
</tr>
<tr>
<td>axtls__k1__q67.cnf</td>
<td>94</td>
<td>191</td>
<td>36</td>
<td>0.003674</td>
<td>3743305888</td>
</tr>
<tr>
<td>axtls__k1__q68.cnf</td>
<td>94</td>
<td>191</td>
<td>35</td>
<td>0.00361</td>
<td>1460319952896</td>
</tr>
<tr>
<td>axtls__k1__q69.cnf</td>
<td>94</td>
<td>191</td>
<td>30</td>
<td>0.003739</td>
<td>7197074304</td>
</tr>
<tr>
<td>axtls__k1__q70.cnf</td>
<td>94</td>
<td>191</td>
<td>52</td>
<td>0.003941</td>
<td>654024830976</td>
</tr>
<tr>
<td>axtls__k1__q71.cnf</td>
<td>94</td>
<td>191</td>
<td>45</td>
<td>0.004</td>
<td>1950706406208</td>
</tr>
<tr>
<td>axtls__k1__q72.cnf</td>
<td>94</td>
<td>191</td>
<td>36</td>
<td>0.003601</td>
<td>973546635264</td>
</tr>
<tr>
<td>axtls__k1__q73.cnf</td>
<td>94</td>
<td>191</td>
<td>37</td>
<td>0.003732</td>
<td>975448093536</td>
</tr>
<tr>
<td>axtls__k1__q74.cnf</td>
<td>94</td>
<td>191</td>
<td>52</td>
<td>0.004133</td>
<td>981037246464</td>
</tr>
<tr>
<td>axtls__k1__q75.cnf</td>
<td>94</td>
<td>191</td>
<td>34</td>
<td>0.003645</td>
<td>1273137626880</td>
</tr>
<tr>
<td>axtls__k1__q76.cnf</td>
<td>94</td>
<td>191</td>
<td>53</td>
<td>0.003881</td>
<td>978831302400</td>
</tr>
<tr>
<td>axtls__k1__q77.cnf</td>
<td>94</td>
<td>191</td>
<td>52</td>
<td>0.004501</td>
<td>654024830976</td>
</tr>
<tr>
<td>axtls__k1__q78.cnf</td>
<td>94</td>
<td>191</td>
<td>34</td>
<td>0.003588</td>
<td>973546635264</td>
</tr>
<tr>
<td>axtls__k1__q79.cnf</td>
<td>94</td>
<td>191</td>
<td>43</td>
<td>0.004029</td>
<td>1280334701184</td>
</tr>
<tr>
<td>axtls__k1__q80.cnf</td>
<td>94</td>
<td>191</td>
<td>54</td>
<td>0.003843</td>
<td>891877848144</td>
</tr>
<tr>
<td>axtls__k1__q81.cnf</td>
<td>94</td>
<td>191</td>
<td>35</td>
<td>0.003418</td>
<td>973546635264</td>
</tr>
<tr>
<td>axtls__k1__q82.cnf</td>
<td>94</td>
<td>191</td>
<td>54</td>
<td>0.003804</td>
<td>981037246464</td>
</tr>
<tr>
<td>axtls__k1__q83.cnf</td>
<td>94</td>
<td>191</td>
<td>52</td>
<td>0.004531</td>
<td>654024830976</td>
</tr>
<tr>
<td>axtls__k1__q84.cnf</td>
<td>94</td>
<td>191</td>
<td>44</td>
<td>0.004912</td>
<td>1837502120832</td>
</tr>
<tr>
<td>axtls__k1__q85.cnf</td>
<td>94</td>
<td>191</td>
<td>54</td>
<td>0.00382</td>
<td>891877848144</td>
</tr>
<tr>
<td>axtls__k1__q86.cnf</td>
<td>94</td>
<td>191</td>
<td>37</td>
<td>0.003389</td>
<td>975448093536</td>
</tr>
<tr>
<td>axtls__k1__q87.cnf</td>
<td>94</td>
<td>191</td>
<td>36</td>
<td>0.003394</td>
<td>973546635264</td>
</tr>
<tr>
<td>axtls__k1__q88.cnf</td>
<td>94</td>
<td>191</td>
<td>52</td>
<td>0.003735</td>
<td>654024830976</td>
</tr>
<tr>
<td>axtls__k1__q89.cnf</td>
<td>94</td>
<td>191</td>
<td>53</td>
<td>0.003629</td>
<td>978831302400</td>
</tr>
<tr>
<td>axtls__k1__q90.cnf</td>
<td>94</td>
<td>191</td>
<td>53</td>
<td>0.003677</td>
<td>981037246464</td>
</tr>
<tr>
<td>axtls__k1__q91.cnf</td>
<td>94</td>
<td>191</td>
<td>35</td>
<td>0.00315</td>
<td>1460319952896</td>
</tr>
<tr>
<td>axtls__k1__q92.cnf</td>
<td>94</td>
<td>191</td>
<td>51</td>
<td>0.003552</td>
<td>490518623232</td>
</tr>
<tr>
<td>axtls__k1__q93.cnf</td>
<td>94</td>
<td>191</td>
<td>38</td>
<td>0.003393</td>
<td>5614958832</td>
</tr>
<tr>
<td>axtls__k1__q0.cnf</td>
<td>94</td>
<td>191</td>
<td>53</td>
<td>0.003709</td>
<td>1957662604800</td>
</tr>
<tr>
<td>axtls__k1__q1.cnf</td>
<td>94</td>
<td>191</td>
<td>54</td>
<td>0.003996</td>
<td>891877848144</td>
</tr>
<tr>
<td>axtls__k1__q2.cnf</td>
<td>94</td>
<td>191</td>
<td>49</td>
<td>0.003752</td>
<td>356740816896</td>
</tr>
<tr>
<td>axtls__k1__q3.cnf</td>
<td>94</td>
<td>191</td>
<td>43</td>
<td>0.003962</td>
<td>1280334701184</td>
</tr>
<tr>
<td>axtls__k1__q4.cnf</td>
<td>94</td>
<td>191</td>
<td>47</td>
<td>0.003515</td>
<td>178370408448</td>
</tr>
<tr>
<td>axtls__k1__q5.cnf</td>
<td>94</td>
<td>191</td>
<td>52</td>
<td>0.00382</td>
<td>654024830976</td>
</tr>
<tr>
<td>axtls__k1__q6.cnf</td>
<td>94</td>
<td>191</td>
<td>43</td>
<td>0.004102</td>
<td>1717181053056</td>
</tr>
<tr>
<td>axtls__k1__q7.cnf</td>
<td>94</td>
<td>191</td>
<td>53</td>
<td>0.003662</td>
<td>978831302400</td>
</tr>
<tr>
<td>axtls__k1__q8.cnf</td>
<td>94</td>
<td>191</td>
<td>30</td>
<td>0.003586</td>
<td>7197074304</td>
</tr>
<tr>
<td>axtls__k1__q9.cnf</td>
<td>94</td>
<td>191</td>
<td>36</td>
<td>0.003888</td>
<td>609962996160</td>
</tr>
<tr>
<td>axtls__k1__q10.cnf</td>
<td>94</td>
<td>191</td>
<td>36</td>
<td>0.004085</td>
<td>609962996160</td>
</tr>
<tr>
<td>axtls__k1__q11.cnf</td>
<td>94</td>
<td>191</td>
<td>54</td>
<td>0.004017</td>
<td>1962074492928</td>
</tr>
<tr>
<td>axtls__k1__q12.cnf</td>
<td>94</td>
<td>191</td>
<td>42</td>
<td>0.004344</td>
<td>1280334701184</td>
</tr>
<tr>
<td>axtls__k1__q13.cnf</td>
<td>94</td>
<td>191</td>
<td>38</td>
<td>0.003727</td>
<td>11229917664</td>
</tr>
<tr>
<td>axtls__k1__q14.cnf</td>
<td>94</td>
<td>191</td>
<td>58</td>
<td>0.004852</td>
<td>1962126104736</td>
</tr>
<tr>
<td>axtls__k1__q15.cnf</td>
<td>94</td>
<td>191</td>
<td>38</td>
<td>0.003901</td>
<td>975448093536</td>
</tr>
<tr>
<td>axtls__k1__q16.cnf</td>
<td>94</td>
<td>191</td>
<td>58</td>
<td>0.0043</td>
<td>1962126104736</td>
</tr>
<tr>
<td>axtls__k1__q17.cnf</td>
<td>94</td>
<td>191</td>
<td>52</td>
<td>0.003912</td>
<td>654024830976</td>
</tr>
<tr>
<td>axtls__k1__q18.cnf</td>
<td>94</td>
<td>191</td>
<td>44</td>
<td>0.004245</td>
<td>918751060416</td>
</tr>
<tr>
<td>axtls__k1__q19.cnf</td>
<td>94</td>
<td>191</td>
<td>58</td>
<td>0.00417</td>
<td>1962126104736</td>
</tr>
<tr>
<td>axtls__k1__q20.cnf</td>
<td>94</td>
<td>191</td>
<td>52</td>
<td>0.003995</td>
<td>654024830976</td>
</tr>
<tr>
<td>axtls__k1__q21.cnf</td>
<td>94</td>
<td>191</td>
<td>37</td>
<td>0.004262</td>
<td>609962996160</td>
</tr>
<tr>
<td>axtls__k1__q22.cnf</td>
<td>94</td>
<td>191</td>
<td>53</td>
<td>0.003956</td>
<td>981037246464</td>
</tr>
<tr>
<td>axtls__k1__q23.cnf</td>
<td>94</td>
<td>191</td>
<td>57</td>
<td>0.004196</td>
<td>655913687856</td>
</tr>
<tr>
<td>axtls__k1__q24.cnf</td>
<td>94</td>
<td>191</td>
<td>36</td>
<td>0.003554</td>
<td>3743305888</td>
</tr>
<tr>
<td>axtls__k1__q25.cnf</td>
<td>94</td>
<td>191</td>
<td>30</td>
<td>0.003623</td>
<td>606612633984</td>
</tr>
<tr>
<td>axtls__k1__q26.cnf</td>
<td>94</td>
<td>191</td>
<td>52</td>
<td>0.003905</td>
<td>654024830976</td>
</tr>
<tr>
<td>axtls__k1__q27.cnf</td>
<td>94</td>
<td>191</td>
<td>53</td>
<td>0.003831</td>
<td>1957662604800</td>
</tr>
<tr>
<td>axtls__k1__q28.cnf</td>
<td>94</td>
<td>191</td>
<td>54</td>
<td>0.004</td>
<td>891877848144</td>
</tr>
<tr>
<td>axtls__k1__q29.cnf</td>
<td>94</td>
<td>191</td>
<td>54</td>
<td>0.003751</td>
<td>981037246464</td>
</tr>
<tr>
<td>axtls__k1__q30.cnf</td>
<td>94</td>
<td>191</td>
<td>52</td>
<td>0.004167</td>
<td>1605333676032</td>
</tr>
<tr>
<td>axtls__k1__q31.cnf</td>
<td>94</td>
<td>191</td>
<td>36</td>
<td>0.003674</td>
<td>3743305888</td>
</tr>
<tr>
<td>axtls__k1__q32.cnf</td>
<td>94</td>
<td>191</td>
<td>38</td>
<td>0.00368</td>
<td>1950896187072</td>
</tr>
<tr>
<td>axtls__k1__q33.cnf</td>
<td>94</td>
<td>191</td>
<td>36</td>
<td>0.003572</td>
<td>3743305888</td>
</tr>
<tr>
<td>axtls__k1__q34.cnf</td>
<td>94</td>
<td>191</td>
<td>49</td>
<td>0.003731</td>
<td>535111225344</td>
</tr>
<tr>
<td>axtls__k1__q35.cnf</td>
<td>94</td>
<td>191</td>
<td>41</td>
<td>0.003866</td>
<td>1280334701184</td>
</tr>
<tr>
<td>axtls__k1__q36.cnf</td>
<td>94</td>
<td>191</td>
<td>49</td>
<td>0.004129</td>
<td>535111225344</td>
</tr>
<tr>
<td>axtls__k1__q37.cnf</td>
<td>94</td>
<td>191</td>
<td>52</td>
<td>0.004025</td>
<td>654024830976</td>
</tr>
<tr>
<td>axtls__k1__q38.cnf</td>
<td>94</td>
<td>191</td>
<td>53</td>
<td>0.003716</td>
<td>1957662604800</td>
</tr>
<tr>
<td>axtls__k1__q39.cnf</td>
<td>94</td>
<td>191</td>
<td>53</td>
<td>0.003774</td>
<td>1957662604800</td>
</tr>
<tr>
<td>axtls__k1__q40.cnf</td>
<td>94</td>
<td>191</td>
<td>58</td>
<td>0.003953</td>
<td>981063052368</td>
</tr>
<tr>
<td>axtls__k1__q41.cnf</td>
<td>94</td>
<td>191</td>
<td>41</td>
<td>0.003975</td>
<td>1280334701184</td>
</tr>
<tr>
<td>axtls__k1__q42.cnf</td>
<td>94</td>
<td>191</td>
<td>34</td>
<td>0.003586</td>
<td>973546635264</td>
</tr>
<tr>
<td>axtls__k1__q43.cnf</td>
<td>94</td>
<td>191</td>
<td>38</td>
<td>0.003581</td>
<td>51611808</td>
</tr>
<tr>
<td>axtls__k1__q44.cnf</td>
<td>94</td>
<td>191</td>
<td>53</td>
<td>0.003763</td>
<td>981037246464</td>
</tr>
<tr>
<td>axtls__k1__q45.cnf</td>
<td>94</td>
<td>191</td>
<td>38</td>
<td>0.003415</td>
<td>975448093536</td>
</tr>
<tr>
<td>axtls__k1__q46.cnf</td>
<td>94</td>
<td>191</td>
<td>36</td>
<td>0.003777</td>
<td>609962996160</td>
</tr>
<tr>
<td>axtls__k1__q47.cnf</td>
<td>94</td>
<td>191</td>
<td>34</td>
<td>0.003188</td>
<td>486773317632</td>
</tr>
<tr>
<td>axtls__k1__q48.cnf</td>
<td>94</td>
<td>191</td>
<td>36</td>
<td>0.003282</td>
<td>3743305888</td>
</tr>
<tr>
<td>axtls__k1__q49.cnf</td>
<td>94</td>
<td>191</td>
<td>49</td>
<td>0.003603</td>
<td>356740816896</td>
</tr>
<tr>
<td>axtls__k1__q50.cnf</td>
<td>94</td>
<td>191</td>
<td>52</td>
<td>0.003885</td>
<td>490518623232</td>
</tr>
<tr>
<td>axtls__k1__q51.cnf</td>
<td>94</td>
<td>191</td>
<td>58</td>
<td>0.004065</td>
<td>1962126104736</td>
</tr>
<tr>
<td>axtls__k1__q52.cnf</td>
<td>94</td>
<td>191</td>
<td>37</td>
<td>0.003475</td>
<td>650298729024</td>
</tr>
<tr>
<td>axtls__k1__q53.cnf</td>
<td>94</td>
<td>191</td>
<td>49</td>
<td>0.004098</td>
<td>356740816896</td>
</tr>
<tr>
<td>axtls__k1__q54.cnf</td>
<td>94</td>
<td>191</td>
<td>51</td>
<td>0.003881</td>
<td>981037246464</td>
</tr>
<tr>
<td>axtls__k1__q55.cnf</td>
<td>94</td>
<td>191</td>
<td>49</td>
<td>0.003936</td>
<td>713481633792</td>
</tr>
<tr>
<td>axtls__k1__q56.cnf</td>
<td>94</td>
<td>191</td>
<td>53</td>
<td>0.004361</td>
<td>1957662604800</td>
</tr>
<tr>
<td>axtls__k1__q57.cnf</td>
<td>94</td>
<td>191</td>
<td>53</td>
<td>0.00489</td>
<td>978831302400</td>
</tr>
<tr>
<td>axtls__k1__q58.cnf</td>
<td>94</td>
<td>191</td>
<td>53</td>
<td>0.005198</td>
<td>1957662604800</td>
</tr>
<tr>
<td>axtls__k1__q59.cnf</td>
<td>94</td>
<td>191</td>
<td>35</td>
<td>0.005098</td>
<td>1460319952896</td>
</tr>
<tr>
<td>axtls__k1__q60.cnf</td>
<td>94</td>
<td>191</td>
<td>58</td>
<td>0.008122</td>
<td>981063052368</td>
</tr>
<tr>
<td>axtls__k1__q61.cnf</td>
<td>94</td>
<td>191</td>
<td>54</td>
<td>0.006713</td>
<td>981037246464</td>
</tr>
<tr>
<td>axtls__k1__q62.cnf</td>
<td>94</td>
<td>191</td>
<td>36</td>
<td>0.004577</td>
<td>3743305888</td>
</tr>
<tr>
<td>axtls__k1__q63.cnf</td>
<td>94</td>
<td>191</td>
<td>53</td>
<td>0.004593</td>
<td>981037246464</td>
</tr>
<tr>
<td>axtls__k1__q64.cnf</td>
<td>94</td>
<td>191</td>
<td>54</td>
<td>0.004761</td>
<td>981037246464</td>
</tr>
<tr>
<td>axtls__k1__q65.cnf</td>
<td>94</td>
<td>191</td>
<td>35</td>
<td>0.004246</td>
<td>973546635264</td>
</tr>
<tr>
<td>axtls__k1__q66.cnf</td>
<td>94</td>
<td>191</td>
<td>34</td>
<td>0.004562</td>
<td>1273137626880</td>
</tr>
<tr>
<td>axtls__k1__q67.cnf</td>
<td>94</td>
<td>191</td>
<td>36</td>
<td>0.005349</td>
<td>3743305888</td>
</tr>
<tr>
<td>axtls__k1__q68.cnf</td>
<td>94</td>
<td>191</td>
<td>35</td>
<td>0.003681</td>
<td>1460319952896</td>
</tr>
<tr>
<td>axtls__k1__q69.cnf</td>
<td>94</td>
<td>191</td>
<td>30</td>
<td>0.003443</td>
<td>7197074304</td>
</tr>
<tr>
<td>axtls__k1__q70.cnf</td>
<td>94</td>
<td>191</td>
<td>52</td>
<td>0.003842</td>
<td>654024830976</td>
</tr>
<tr>
<td>axtls__k1__q71.cnf</td>
<td>94</td>
<td>191</td>
<td>45</td>
<td>0.00414</td>
<td>1950706406208</td>
</tr>
<tr>
<td>axtls__k1__q72.cnf</td>
<td>94</td>
<td>191</td>
<td>36</td>
<td>0.003535</td>
<td>973546635264</td>
</tr>
<tr>
<td>axtls__k1__q73.cnf</td>
<td>94</td>
<td>191</td>
<td>37</td>
<td>0.003723</td>
<td>975448093536</td>
</tr>
<tr>
<td>axtls__k1__q74.cnf</td>
<td>94</td>
<td>191</td>
<td>52</td>
<td>0.004597</td>
<td>981037246464</td>
</tr>
<tr>
<td>axtls__k1__q75.cnf</td>
<td>94</td>
<td>191</td>
<td>34</td>
<td>0.003698</td>
<td>1273137626880</td>
</tr>
<tr>
<td>axtls__k1__q76.cnf</td>
<td>94</td>
<td>191</td>
<td>53</td>
<td>0.004198</td>
<td>978831302400</td>
</tr>
<tr>
<td>axtls__k1__q77.cnf</td>
<td>94</td>
<td>191</td>
<td>52</td>
<td>0.003698</td>
<td>654024830976</td>
</tr>
<tr>
<td>axtls__k1__q78.cnf</td>
<td>94</td>
<td>191</td>
<td>34</td>
<td>0.003344</td>
<td>973546635264</td>
</tr>
<tr>
<td>axtls__k1__q79.cnf</td>
<td>94</td>
<td>191</td>
<td>43</td>
<td>0.004914</td>
<td>1280334701184</td>
</tr>
<tr>
<td>axtls__k1__q80.cnf</td>
<td>94</td>
<td>191</td>
<td>54</td>
<td>0.005525</td>
<td>891877848144</td>
</tr>
<tr>
<td>axtls__k1__q81.cnf</td>
<td>94</td>
<td>191</td>
<td>35</td>
<td>0.003883</td>
<td>973546635264</td>
</tr>
<tr>
<td>axtls__k1__q82.cnf</td>
<td>94</td>
<td>191</td>
<td>54</td>
<td>0.004144</td>
<td>981037246464</td>
</tr>
<tr>
<td>axtls__k1__q83.cnf</td>
<td>94</td>
<td>191</td>
<td>52</td>
<td>0.004219</td>
<td>654024830976</td>
</tr>
<tr>
<td>axtls__k1__q84.cnf</td>
<td>94</td>
<td>191</td>
<td>44</td>
<td>0.004733</td>
<td>1837502120832</td>
</tr>
<tr>
<td>axtls__k1__q85.cnf</td>
<td>94</td>
<td>191</td>
<td>54</td>
<td>0.004153</td>
<td>891877848144</td>
</tr>
<tr>
<td>axtls__k1__q86.cnf</td>
<td>94</td>
<td>191</td>
<td>37</td>
<td>0.003929</td>
<td>975448093536</td>
</tr>
<tr>
<td>axtls__k1__q87.cnf</td>
<td>94</td>
<td>191</td>
<td>36</td>
<td>0.003417</td>
<td>973546635264</td>
</tr>
<tr>
<td>axtls__k1__q88.cnf</td>
<td>94</td>
<td>191</td>
<td>52</td>
<td>0.004983</td>
<td>654024830976</td>
</tr>
<tr>
<td>axtls__k1__q89.cnf</td>
<td>94</td>
<td>191</td>
<td>53</td>
<td>0.007447</td>
<td>978831302400</td>
</tr>
<tr>
<td>axtls__k1__q90.cnf</td>
<td>94</td>
<td>191</td>
<td>53</td>
<td>0.003956</td>
<td>981037246464</td>
</tr>
<tr>
<td>axtls__k1__q91.cnf</td>
<td>94</td>
<td>191</td>
<td>35</td>
<td>0.003284</td>
<td>1460319952896</td>
</tr>
<tr>
<td>axtls__k1__q92.cnf</td>
<td>94</td>
<td>191</td>
<td>51</td>
<td>0.00382</td>
<td>490518623232</td>
</tr>
<tr>
<td>axtls__k1__q93.cnf</td>
<td>94</td>
<td>191</td>
<td>38</td>
<td>0.003377</td>
<td>5614958832</td>
</tr>
<tr>
<td>axtls__k1__q0.cnf</td>
<td>94</td>
<td>191</td>
<td>53</td>
<td>0.003725</td>
<td>1957662604800</td>
</tr>
<tr>
<td>axtls__k1__q1.cnf</td>
<td>94</td>
<td>191</td>
<td>54</td>
<td>0.004014</td>
<td>891877848144</td>
</tr>
<tr>
<td>axtls__k1__q2.cnf</td>
<td>94</td>
<td>191</td>
<td>49</td>
<td>0.006589</td>
<td>356740816896</td>
</tr>
<tr>
<td>axtls__k1__q3.cnf</td>
<td>94</td>
<td>191</td>
<td>43</td>
<td>0.004409</td>
<td>1280334701184</td>
</tr>
<tr>
<td>axtls__k1__q4.cnf</td>
<td>94</td>
<td>191</td>
<td>47</td>
<td>0.003981</td>
<td>178370408448</td>
</tr>
<tr>
<td>axtls__k1__q5.cnf</td>
<td>94</td>
<td>191</td>
<td>52</td>
<td>0.003807</td>
<td>654024830976</td>
</tr>
<tr>
<td>axtls__k1__q6.cnf</td>
<td>94</td>
<td>191</td>
<td>43</td>
<td>0.004755</td>
<td>1717181053056</td>
</tr>
<tr>
<td>axtls__k1__q7.cnf</td>
<td>94</td>
<td>191</td>
<td>53</td>
<td>0.00405</td>
<td>978831302400</td>
</tr>
<tr>
<td>axtls__k1__q8.cnf</td>
<td>94</td>
<td>191</td>
<td>30</td>
<td>0.0035</td>
<td>7197074304</td>
</tr>
<tr>
<td>axtls__k1__q9.cnf</td>
<td>94</td>
<td>191</td>
<td>36</td>
<td>0.003841</td>
<td>609962996160</td>
</tr>
<tr>
<td>axtls__k1__q10.cnf</td>
<td>94</td>
<td>191</td>
<td>36</td>
<td>0.004473</td>
<td>609962996160</td>
</tr>
<tr>
<td>axtls__k1__q11.cnf</td>
<td>94</td>
<td>191</td>
<td>54</td>
<td>0.003922</td>
<td>1962074492928</td>
</tr>
<tr>
<td>axtls__k1__q12.cnf</td>
<td>94</td>
<td>191</td>
<td>42</td>
<td>0.00423</td>
<td>1280334701184</td>
</tr>
<tr>
<td>axtls__k1__q13.cnf</td>
<td>94</td>
<td>191</td>
<td>38</td>
<td>0.003732</td>
<td>11229917664</td>
</tr>
<tr>
<td>axtls__k1__q14.cnf</td>
<td>94</td>
<td>191</td>
<td>58</td>
<td>0.005034</td>
<td>1962126104736</td>
</tr>
<tr>
<td>axtls__k1__q15.cnf</td>
<td>94</td>
<td>191</td>
<td>38</td>
<td>0.003675</td>
<td>975448093536</td>
</tr>
<tr>
<td>axtls__k1__q16.cnf</td>
<td>94</td>
<td>191</td>
<td>58</td>
<td>0.004253</td>
<td>1962126104736</td>
</tr>
<tr>
<td>axtls__k1__q17.cnf</td>
<td>94</td>
<td>191</td>
<td>52</td>
<td>0.003962</td>
<td>654024830976</td>
</tr>
<tr>
<td>axtls__k1__q18.cnf</td>
<td>94</td>
<td>191</td>
<td>44</td>
<td>0.004345</td>
<td>918751060416</td>
</tr>
<tr>
<td>axtls__k1__q19.cnf</td>
<td>94</td>
<td>191</td>
<td>58</td>
<td>0.004336</td>
<td>1962126104736</td>
</tr>
<tr>
<td>axtls__k1__q20.cnf</td>
<td>94</td>
<td>191</td>
<td>52</td>
<td>0.004498</td>
<td>654024830976</td>
</tr>
<tr>
<td>axtls__k1__q21.cnf</td>
<td>94</td>
<td>191</td>
<td>37</td>
<td>0.003977</td>
<td>609962996160</td>
</tr>
<tr>
<td>axtls__k1__q22.cnf</td>
<td>94</td>
<td>191</td>
<td>53</td>
<td>0.004436</td>
<td>981037246464</td>
</tr>
<tr>
<td>axtls__k1__q23.cnf</td>
<td>94</td>
<td>191</td>
<td>57</td>
<td>0.004095</td>
<td>655913687856</td>
</tr>
<tr>
<td>axtls__k1__q24.cnf</td>
<td>94</td>
<td>191</td>
<td>36</td>
<td>0.003528</td>
<td>3743305888</td>
</tr>
<tr>
<td>axtls__k1__q25.cnf</td>
<td>94</td>
<td>191</td>
<td>30</td>
<td>0.003744</td>
<td>606612633984</td>
</tr>
<tr>
<td>axtls__k1__q26.cnf</td>
<td>94</td>
<td>191</td>
<td>52</td>
<td>0.00618</td>
<td>654024830976</td>
</tr>
<tr>
<td>axtls__k1__q27.cnf</td>
<td>94</td>
<td>191</td>
<td>53</td>
<td>0.004642</td>
<td>1957662604800</td>
</tr>
<tr>
<td>axtls__k1__q28.cnf</td>
<td>94</td>
<td>191</td>
<td>54</td>
<td>0.008446</td>
<td>891877848144</td>
</tr>
<tr>
<td>axtls__k1__q29.cnf</td>
<td>94</td>
<td>191</td>
<td>54</td>
<td>0.004075</td>
<td>981037246464</td>
</tr>
<tr>
<td>axtls__k1__q30.cnf</td>
<td>94</td>
<td>191</td>
<td>52</td>
<td>0.004099</td>
<td>1605333676032</td>
</tr>
<tr>
<td>axtls__k1__q31.cnf</td>
<td>94</td>
<td>191</td>
<td>36</td>
<td>0.004335</td>
<td>3743305888</td>
</tr>
<tr>
<td>axtls__k1__q32.cnf</td>
<td>94</td>
<td>191</td>
<td>38</td>
<td>0.003865</td>
<td>1950896187072</td>
</tr>
<tr>
<td>axtls__k1__q33.cnf</td>
<td>94</td>
<td>191</td>
<td>36</td>
<td>0.0035</td>
<td>3743305888</td>
</tr>
<tr>
<td>axtls__k1__q34.cnf</td>
<td>94</td>
<td>191</td>
<td>49</td>
<td>0.003622</td>
<td>535111225344</td>
</tr>
<tr>
<td>axtls__k1__q35.cnf</td>
<td>94</td>
<td>191</td>
<td>41</td>
<td>0.003802</td>
<td>1280334701184</td>
</tr>
<tr>
<td>axtls__k1__q36.cnf</td>
<td>94</td>
<td>191</td>
<td>49</td>
<td>0.003655</td>
<td>535111225344</td>
</tr>
<tr>
<td>axtls__k1__q37.cnf</td>
<td>94</td>
<td>191</td>
<td>52</td>
<td>0.003806</td>
<td>654024830976</td>
</tr>
<tr>
<td>axtls__k1__q38.cnf</td>
<td>94</td>
<td>191</td>
<td>53</td>
<td>0.004004</td>
<td>1957662604800</td>
</tr>
<tr>
<td>axtls__k1__q39.cnf</td>
<td>94</td>
<td>191</td>
<td>53</td>
<td>0.004173</td>
<td>1957662604800</td>
</tr>
<tr>
<td>axtls__k1__q40.cnf</td>
<td>94</td>
<td>191</td>
<td>58</td>
<td>0.005193</td>
<td>981063052368</td>
</tr>
<tr>
<td>axtls__k1__q41.cnf</td>
<td>94</td>
<td>191</td>
<td>41</td>
<td>0.004849</td>
<td>1280334701184</td>
</tr>
<tr>
<td>axtls__k1__q42.cnf</td>
<td>94</td>
<td>191</td>
<td>34</td>
<td>0.00413</td>
<td>973546635264</td>
</tr>
<tr>
<td>axtls__k1__q43.cnf</td>
<td>94</td>
<td>191</td>
<td>38</td>
<td>0.004441</td>
<td>51611808</td>
</tr>
<tr>
<td>axtls__k1__q44.cnf</td>
<td>94</td>
<td>191</td>
<td>53</td>
<td>0.006262</td>
<td>981037246464</td>
</tr>
<tr>
<td>axtls__k1__q45.cnf</td>
<td>94</td>
<td>191</td>
<td>38</td>
<td>0.005679</td>
<td>975448093536</td>
</tr>
<tr>
<td>axtls__k1__q46.cnf</td>
<td>94</td>
<td>191</td>
<td>36</td>
<td>0.004274</td>
<td>609962996160</td>
</tr>
<tr>
<td>axtls__k1__q47.cnf</td>
<td>94</td>
<td>191</td>
<td>34</td>
<td>0.004304</td>
<td>486773317632</td>
</tr>
<tr>
<td>axtls__k1__q48.cnf</td>
<td>94</td>
<td>191</td>
<td>36</td>
<td>0.006609</td>
<td>3743305888</td>
</tr>
<tr>
<td>axtls__k1__q49.cnf</td>
<td>94</td>
<td>191</td>
<td>49</td>
<td>0.006514</td>
<td>356740816896</td>
</tr>
<tr>
<td>axtls__k1__q50.cnf</td>
<td>94</td>
<td>191</td>
<td>52</td>
<td>0.003966</td>
<td>490518623232</td>
</tr>
<tr>
<td>axtls__k1__q51.cnf</td>
<td>94</td>
<td>191</td>
<td>58</td>
<td>0.004174</td>
<td>1962126104736</td>
</tr>
<tr>
<td>axtls__k1__q52.cnf</td>
<td>94</td>
<td>191</td>
<td>37</td>
<td>0.003689</td>
<td>650298729024</td>
</tr>
<tr>
<td>axtls__k1__q53.cnf</td>
<td>94</td>
<td>191</td>
<td>49</td>
<td>0.005201</td>
<td>356740816896</td>
</tr>
<tr>
<td>axtls__k1__q54.cnf</td>
<td>94</td>
<td>191</td>
<td>51</td>
<td>0.004302</td>
<td>981037246464</td>
</tr>
<tr>
<td>axtls__k1__q55.cnf</td>
<td>94</td>
<td>191</td>
<td>49</td>
<td>0.004256</td>
<td>713481633792</td>
</tr>
<tr>
<td>axtls__k1__q56.cnf</td>
<td>94</td>
<td>191</td>
<td>53</td>
<td>0.004182</td>
<td>1957662604800</td>
</tr>
<tr>
<td>axtls__k1__q57.cnf</td>
<td>94</td>
<td>191</td>
<td>53</td>
<td>0.004117</td>
<td>978831302400</td>
</tr>
<tr>
<td>axtls__k1__q58.cnf</td>
<td>94</td>
<td>191</td>
<td>53</td>
<td>0.004046</td>
<td>1957662604800</td>
</tr>
<tr>
<td>axtls__k1__q59.cnf</td>
<td>94</td>
<td>191</td>
<td>35</td>
<td>0.003673</td>
<td>1460319952896</td>
</tr>
<tr>
<td>axtls__k1__q60.cnf</td>
<td>94</td>
<td>191</td>
<td>58</td>
<td>0.005535</td>
<td>981063052368</td>
</tr>
<tr>
<td>axtls__k1__q61.cnf</td>
<td>94</td>
<td>191</td>
<td>54</td>
<td>0.00468</td>
<td>981037246464</td>
</tr>
<tr>
<td>axtls__k1__q62.cnf</td>
<td>94</td>
<td>191</td>
<td>36</td>
<td>0.004152</td>
<td>3743305888</td>
</tr>
<tr>
<td>axtls__k1__q63.cnf</td>
<td>94</td>
<td>191</td>
<td>53</td>
<td>0.004631</td>
<td>981037246464</td>
</tr>
<tr>
<td>axtls__k1__q64.cnf</td>
<td>94</td>
<td>191</td>
<td>54</td>
<td>0.004375</td>
<td>981037246464</td>
</tr>
<tr>
<td>axtls__k1__q65.cnf</td>
<td>94</td>
<td>191</td>
<td>35</td>
<td>0.003474</td>
<td>973546635264</td>
</tr>
<tr>
<td>axtls__k1__q66.cnf</td>
<td>94</td>
<td>191</td>
<td>34</td>
<td>0.003617</td>
<td>1273137626880</td>
</tr>
<tr>
<td>axtls__k1__q67.cnf</td>
<td>94</td>
<td>191</td>
<td>36</td>
<td>0.003616</td>
<td>3743305888</td>
</tr>
<tr>
<td>axtls__k1__q68.cnf</td>
<td>94</td>
<td>191</td>
<td>35</td>
<td>0.003635</td>
<td>1460319952896</td>
</tr>
<tr>
<td>axtls__k1__q69.cnf</td>
<td>94</td>
<td>191</td>
<td>30</td>
<td>0.004167</td>
<td>7197074304</td>
</tr>
<tr>
<td>axtls__k1__q70.cnf</td>
<td>94</td>
<td>191</td>
<td>52</td>
<td>0.004029</td>
<td>654024830976</td>
</tr>
<tr>
<td>axtls__k1__q71.cnf</td>
<td>94</td>
<td>191</td>
<td>45</td>
<td>0.00465</td>
<td>1950706406208</td>
</tr>
<tr>
<td>axtls__k1__q72.cnf</td>
<td>94</td>
<td>191</td>
<td>36</td>
<td>0.003611</td>
<td>973546635264</td>
</tr>
<tr>
<td>axtls__k1__q73.cnf</td>
<td>94</td>
<td>191</td>
<td>37</td>
<td>0.005941</td>
<td>975448093536</td>
</tr>
<tr>
<td>axtls__k1__q74.cnf</td>
<td>94</td>
<td>191</td>
<td>52</td>
<td>0.004119</td>
<td>981037246464</td>
</tr>
<tr>
<td>axtls__k1__q75.cnf</td>
<td>94</td>
<td>191</td>
<td>34</td>
<td>0.003618</td>
<td>1273137626880</td>
</tr>
<tr>
<td>axtls__k1__q76.cnf</td>
<td>94</td>
<td>191</td>
<td>53</td>
<td>0.003988</td>
<td>978831302400</td>
</tr>
<tr>
<td>axtls__k1__q77.cnf</td>
<td>94</td>
<td>191</td>
<td>52</td>
<td>0.00401</td>
<td>654024830976</td>
</tr>
<tr>
<td>axtls__k1__q78.cnf</td>
<td>94</td>
<td>191</td>
<td>34</td>
<td>0.003349</td>
<td>973546635264</td>
</tr>
<tr>
<td>axtls__k1__q79.cnf</td>
<td>94</td>
<td>191</td>
<td>43</td>
<td>0.004685</td>
<td>1280334701184</td>
</tr>
<tr>
<td>axtls__k1__q80.cnf</td>
<td>94</td>
<td>191</td>
<td>54</td>
<td>0.004107</td>
<td>891877848144</td>
</tr>
<tr>
<td>axtls__k1__q81.cnf</td>
<td>94</td>
<td>191</td>
<td>35</td>
<td>0.003521</td>
<td>973546635264</td>
</tr>
<tr>
<td>axtls__k1__q82.cnf</td>
<td>94</td>
<td>191</td>
<td>54</td>
<td>0.004155</td>
<td>981037246464</td>
</tr>
<tr>
<td>axtls__k1__q83.cnf</td>
<td>94</td>
<td>191</td>
<td>52</td>
<td>0.004276</td>
<td>654024830976</td>
</tr>
<tr>
<td>axtls__k1__q84.cnf</td>
<td>94</td>
<td>191</td>
<td>44</td>
<td>0.003922</td>
<td>1837502120832</td>
</tr>
<tr>
<td>axtls__k1__q85.cnf</td>
<td>94</td>
<td>191</td>
<td>54</td>
<td>0.003891</td>
<td>891877848144</td>
</tr>
<tr>
<td>axtls__k1__q86.cnf</td>
<td>94</td>
<td>191</td>
<td>37</td>
<td>0.003576</td>
<td>975448093536</td>
</tr>
<tr>
<td>axtls__k1__q87.cnf</td>
<td>94</td>
<td>191</td>
<td>36</td>
<td>0.003561</td>
<td>973546635264</td>
</tr>
<tr>
<td>axtls__k1__q88.cnf</td>
<td>94</td>
<td>191</td>
<td>52</td>
<td>0.004421</td>
<td>654024830976</td>
</tr>
<tr>
<td>axtls__k1__q89.cnf</td>
<td>94</td>
<td>191</td>
<td>53</td>
<td>0.005287</td>
<td>978831302400</td>
</tr>
<tr>
<td>axtls__k1__q90.cnf</td>
<td>94</td>
<td>191</td>
<td>53</td>
<td>0.004833</td>
<td>981037246464</td>
</tr>
<tr>
<td>axtls__k1__q91.cnf</td>
<td>94</td>
<td>191</td>
<td>35</td>
<td>0.004755</td>
<td>1460319952896</td>
</tr>
<tr>
<td>axtls__k1__q92.cnf</td>
<td>94</td>
<td>191</td>
<td>51</td>
<td>0.005012</td>
<td>490518623232</td>
</tr>
<tr>
<td>axtls__k1__q93.cnf</td>
<td>94</td>
<td>191</td>
<td>38</td>
<td>0.004639</td>
<td>5614958832</td>
</tr>
<tr>
<td>axtls__k1__q0.cnf</td>
<td>94</td>
<td>191</td>
<td>53</td>
<td>0.0068</td>
<td>1957662604800</td>
</tr>
<tr>
<td>axtls__k1__q1.cnf</td>
<td>94</td>
<td>191</td>
<td>54</td>
<td>0.006289</td>
<td>891877848144</td>
</tr>
<tr>
<td>axtls__k1__q2.cnf</td>
<td>94</td>
<td>191</td>
<td>49</td>
<td>0.006101</td>
<td>356740816896</td>
</tr>
<tr>
<td>axtls__k1__q3.cnf</td>
<td>94</td>
<td>191</td>
<td>43</td>
<td>0.004744</td>
<td>1280334701184</td>
</tr>
<tr>
<td>axtls__k1__q4.cnf</td>
<td>94</td>
<td>191</td>
<td>47</td>
<td>0.003912</td>
<td>178370408448</td>
</tr>
<tr>
<td>axtls__k1__q5.cnf</td>
<td>94</td>
<td>191</td>
<td>52</td>
<td>0.003938</td>
<td>654024830976</td>
</tr>
<tr>
<td>axtls__k1__q6.cnf</td>
<td>94</td>
<td>191</td>
<td>43</td>
<td>0.01162</td>
<td>1717181053056</td>
</tr>
<tr>
<td>axtls__k1__q7.cnf</td>
<td>94</td>
<td>191</td>
<td>53</td>
<td>0.007618</td>
<td>978831302400</td>
</tr>
<tr>
<td>axtls__k1__q8.cnf</td>
<td>94</td>
<td>191</td>
<td>30</td>
<td>0.003838</td>
<td>7197074304</td>
</tr>
<tr>
<td>axtls__k1__q9.cnf</td>
<td>94</td>
<td>191</td>
<td>36</td>
<td>0.004924</td>
<td>609962996160</td>
</tr>
<tr>
<td>axtls__k1__q10.cnf</td>
<td>94</td>
<td>191</td>
<td>36</td>
<td>0.005066</td>
<td>609962996160</td>
</tr>
<tr>
<td>axtls__k1__q11.cnf</td>
<td>94</td>
<td>191</td>
<td>54</td>
<td>0.005438</td>
<td>1962074492928</td>
</tr>
<tr>
<td>axtls__k1__q12.cnf</td>
<td>94</td>
<td>191</td>
<td>42</td>
<td>0.004954</td>
<td>1280334701184</td>
</tr>
<tr>
<td>axtls__k1__q13.cnf</td>
<td>94</td>
<td>191</td>
<td>38</td>
<td>0.035035</td>
<td>11229917664</td>
</tr>
<tr>
<td>axtls__k1__q14.cnf</td>
<td>94</td>
<td>191</td>
<td>58</td>
<td>0.004241</td>
<td>1962126104736</td>
</tr>
<tr>
<td>axtls__k1__q15.cnf</td>
<td>94</td>
<td>191</td>
<td>38</td>
<td>0.005292</td>
<td>975448093536</td>
</tr>
<tr>
<td>axtls__k1__q16.cnf</td>
<td>94</td>
<td>191</td>
<td>58</td>
<td>0.005393</td>
<td>1962126104736</td>
</tr>
<tr>
<td>axtls__k1__q17.cnf</td>
<td>94</td>
<td>191</td>
<td>52</td>
<td>0.004876</td>
<td>654024830976</td>
</tr>
<tr>
<td>axtls__k1__q18.cnf</td>
<td>94</td>
<td>191</td>
<td>44</td>
<td>0.004729</td>
<td>918751060416</td>
</tr>
<tr>
<td>axtls__k1__q19.cnf</td>
<td>94</td>
<td>191</td>
<td>58</td>
<td>0.00502</td>
<td>1962126104736</td>
</tr>
<tr>
<td>axtls__k1__q20.cnf</td>
<td>94</td>
<td>191</td>
<td>52</td>
<td>0.005166</td>
<td>654024830976</td>
</tr>
<tr>
<td>axtls__k1__q21.cnf</td>
<td>94</td>
<td>191</td>
<td>37</td>
<td>0.00654</td>
<td>609962996160</td>
</tr>
<tr>
<td>axtls__k1__q22.cnf</td>
<td>94</td>
<td>191</td>
<td>53</td>
<td>0.004803</td>
<td>981037246464</td>
</tr>
<tr>
<td>axtls__k1__q23.cnf</td>
<td>94</td>
<td>191</td>
<td>57</td>
<td>0.01413</td>
<td>655913687856</td>
</tr>
<tr>
<td>axtls__k1__q24.cnf</td>
<td>94</td>
<td>191</td>
<td>36</td>
<td>0.004481</td>
<td>3743305888</td>
</tr>
<tr>
<td>axtls__k1__q25.cnf</td>
<td>94</td>
<td>191</td>
<td>30</td>
<td>0.004604</td>
<td>606612633984</td>
</tr>
<tr>
<td>axtls__k1__q26.cnf</td>
<td>94</td>
<td>191</td>
<td>52</td>
<td>0.004859</td>
<td>654024830976</td>
</tr>
<tr>
<td>axtls__k1__q27.cnf</td>
<td>94</td>
<td>191</td>
<td>53</td>
<td>0.004448</td>
<td>1957662604800</td>
</tr>
<tr>
<td>axtls__k1__q28.cnf</td>
<td>94</td>
<td>191</td>
<td>54</td>
<td>0.005495</td>
<td>891877848144</td>
</tr>
<tr>
<td>axtls__k1__q29.cnf</td>
<td>94</td>
<td>191</td>
<td>54</td>
<td>0.004617</td>
<td>981037246464</td>
</tr>
<tr>
<td>axtls__k1__q30.cnf</td>
<td>94</td>
<td>191</td>
<td>52</td>
<td>0.004412</td>
<td>1605333676032</td>
</tr>
<tr>
<td>axtls__k1__q31.cnf</td>
<td>94</td>
<td>191</td>
<td>36</td>
<td>0.003994</td>
<td>3743305888</td>
</tr>
<tr>
<td>axtls__k1__q32.cnf</td>
<td>94</td>
<td>191</td>
<td>38</td>
<td>0.003991</td>
<td>1950896187072</td>
</tr>
<tr>
<td>axtls__k1__q33.cnf</td>
<td>94</td>
<td>191</td>
<td>36</td>
<td>0.005018</td>
<td>3743305888</td>
</tr>
<tr>
<td>axtls__k1__q34.cnf</td>
<td>94</td>
<td>191</td>
<td>49</td>
<td>0.004685</td>
<td>535111225344</td>
</tr>
<tr>
<td>axtls__k1__q35.cnf</td>
<td>94</td>
<td>191</td>
<td>41</td>
<td>0.007257</td>
<td>1280334701184</td>
</tr>
<tr>
<td>axtls__k1__q36.cnf</td>
<td>94</td>
<td>191</td>
<td>49</td>
<td>0.007497</td>
<td>535111225344</td>
</tr>
<tr>
<td>axtls__k1__q37.cnf</td>
<td>94</td>
<td>191</td>
<td>52</td>
<td>0.008053</td>
<td>654024830976</td>
</tr>
<tr>
<td>axtls__k1__q38.cnf</td>
<td>94</td>
<td>191</td>
<td>53</td>
<td>0.006387</td>
<td>1957662604800</td>
</tr>
<tr>
<td>axtls__k1__q39.cnf</td>
<td>94</td>
<td>191</td>
<td>53</td>
<td>0.003876</td>
<td>1957662604800</td>
</tr>
<tr>
<td>axtls__k1__q40.cnf</td>
<td>94</td>
<td>191</td>
<td>58</td>
<td>0.004789</td>
<td>981063052368</td>
</tr>
<tr>
<td>axtls__k1__q41.cnf</td>
<td>94</td>
<td>191</td>
<td>41</td>
<td>0.004207</td>
<td>1280334701184</td>
</tr>
<tr>
<td>axtls__k1__q42.cnf</td>
<td>94</td>
<td>191</td>
<td>34</td>
<td>0.00415</td>
<td>973546635264</td>
</tr>
<tr>
<td>axtls__k1__q43.cnf</td>
<td>94</td>
<td>191</td>
<td>38</td>
<td>0.003558</td>
<td>51611808</td>
</tr>
<tr>
<td>axtls__k1__q44.cnf</td>
<td>94</td>
<td>191</td>
<td>53</td>
<td>0.003914</td>
<td>981037246464</td>
</tr>
<tr>
<td>axtls__k1__q45.cnf</td>
<td>94</td>
<td>191</td>
<td>38</td>
<td>0.003635</td>
<td>975448093536</td>
</tr>
<tr>
<td>axtls__k1__q46.cnf</td>
<td>94</td>
<td>191</td>
<td>36</td>
<td>0.004868</td>
<td>609962996160</td>
</tr>
<tr>
<td>axtls__k1__q47.cnf</td>
<td>94</td>
<td>191</td>
<td>34</td>
<td>0.003689</td>
<td>486773317632</td>
</tr>
<tr>
<td>axtls__k1__q48.cnf</td>
<td>94</td>
<td>191</td>
<td>36</td>
<td>0.003791</td>
<td>3743305888</td>
</tr>
<tr>
<td>axtls__k1__q49.cnf</td>
<td>94</td>
<td>191</td>
<td>49</td>
<td>0.003997</td>
<td>356740816896</td>
</tr>
<tr>
<td>axtls__k1__q50.cnf</td>
<td>94</td>
<td>191</td>
<td>52</td>
<td>0.003902</td>
<td>490518623232</td>
</tr>
<tr>
<td>axtls__k1__q51.cnf</td>
<td>94</td>
<td>191</td>
<td>58</td>
<td>0.004272</td>
<td>1962126104736</td>
</tr>
<tr>
<td>axtls__k1__q52.cnf</td>
<td>94</td>
<td>191</td>
<td>37</td>
<td>0.003546</td>
<td>650298729024</td>
</tr>
<tr>
<td>axtls__k1__q53.cnf</td>
<td>94</td>
<td>191</td>
<td>49</td>
<td>0.00394</td>
<td>356740816896</td>
</tr>
<tr>
<td>axtls__k1__q54.cnf</td>
<td>94</td>
<td>191</td>
<td>51</td>
<td>0.004086</td>
<td>981037246464</td>
</tr>
<tr>
<td>axtls__k1__q55.cnf</td>
<td>94</td>
<td>191</td>
<td>49</td>
<td>0.00386</td>
<td>713481633792</td>
</tr>
<tr>
<td>axtls__k1__q56.cnf</td>
<td>94</td>
<td>191</td>
<td>53</td>
<td>0.00404</td>
<td>1957662604800</td>
</tr>
<tr>
<td>axtls__k1__q57.cnf</td>
<td>94</td>
<td>191</td>
<td>53</td>
<td>0.004106</td>
<td>978831302400</td>
</tr>
<tr>
<td>axtls__k1__q58.cnf</td>
<td>94</td>
<td>191</td>
<td>53</td>
<td>0.004098</td>
<td>1957662604800</td>
</tr>
<tr>
<td>axtls__k1__q59.cnf</td>
<td>94</td>
<td>191</td>
<td>35</td>
<td>0.003514</td>
<td>1460319952896</td>
</tr>
<tr>
<td>axtls__k1__q60.cnf</td>
<td>94</td>
<td>191</td>
<td>58</td>
<td>0.004647</td>
<td>981063052368</td>
</tr>
<tr>
<td>axtls__k1__q61.cnf</td>
<td>94</td>
<td>191</td>
<td>54</td>
<td>0.004093</td>
<td>981037246464</td>
</tr>
<tr>
<td>axtls__k1__q62.cnf</td>
<td>94</td>
<td>191</td>
<td>36</td>
<td>0.003617</td>
<td>3743305888</td>
</tr>
<tr>
<td>axtls__k1__q63.cnf</td>
<td>94</td>
<td>191</td>
<td>53</td>
<td>0.004351</td>
<td>981037246464</td>
</tr>
<tr>
<td>axtls__k1__q64.cnf</td>
<td>94</td>
<td>191</td>
<td>54</td>
<td>0.003986</td>
<td>981037246464</td>
</tr>
<tr>
<td>axtls__k1__q65.cnf</td>
<td>94</td>
<td>191</td>
<td>35</td>
<td>0.003643</td>
<td>973546635264</td>
</tr>
<tr>
<td>axtls__k1__q66.cnf</td>
<td>94</td>
<td>191</td>
<td>34</td>
<td>0.004556</td>
<td>1273137626880</td>
</tr>
<tr>
<td>axtls__k1__q67.cnf</td>
<td>94</td>
<td>191</td>
<td>36</td>
<td>0.003553</td>
<td>3743305888</td>
</tr>
<tr>
<td>axtls__k1__q68.cnf</td>
<td>94</td>
<td>191</td>
<td>35</td>
<td>0.003398</td>
<td>1460319952896</td>
</tr>
<tr>
<td>axtls__k1__q69.cnf</td>
<td>94</td>
<td>191</td>
<td>30</td>
<td>0.003471</td>
<td>7197074304</td>
</tr>
<tr>
<td>axtls__k1__q70.cnf</td>
<td>94</td>
<td>191</td>
<td>52</td>
<td>0.00387</td>
<td>654024830976</td>
</tr>
<tr>
<td>axtls__k1__q71.cnf</td>
<td>94</td>
<td>191</td>
<td>45</td>
<td>0.004127</td>
<td>1950706406208</td>
</tr>
<tr>
<td>axtls__k1__q72.cnf</td>
<td>94</td>
<td>191</td>
<td>36</td>
<td>0.003514</td>
<td>973546635264</td>
</tr>
<tr>
<td>axtls__k1__q73.cnf</td>
<td>94</td>
<td>191</td>
<td>37</td>
<td>0.004017</td>
<td>975448093536</td>
</tr>
<tr>
<td>axtls__k1__q74.cnf</td>
<td>94</td>
<td>191</td>
<td>52</td>
<td>0.004565</td>
<td>981037246464</td>
</tr>
<tr>
<td>axtls__k1__q75.cnf</td>
<td>94</td>
<td>191</td>
<td>34</td>
<td>0.004106</td>
<td>1273137626880</td>
</tr>
<tr>
<td>axtls__k1__q76.cnf</td>
<td>94</td>
<td>191</td>
<td>53</td>
<td>0.004423</td>
<td>978831302400</td>
</tr>
<tr>
<td>axtls__k1__q77.cnf</td>
<td>94</td>
<td>191</td>
<td>52</td>
<td>0.005008</td>
<td>654024830976</td>
</tr>
<tr>
<td>axtls__k1__q78.cnf</td>
<td>94</td>
<td>191</td>
<td>34</td>
<td>0.004641</td>
<td>973546635264</td>
</tr>
<tr>
<td>axtls__k1__q79.cnf</td>
<td>94</td>
<td>191</td>
<td>43</td>
<td>0.004488</td>
<td>1280334701184</td>
</tr>
<tr>
<td>axtls__k1__q80.cnf</td>
<td>94</td>
<td>191</td>
<td>54</td>
<td>0.005289</td>
<td>891877848144</td>
</tr>
<tr>
<td>axtls__k1__q81.cnf</td>
<td>94</td>
<td>191</td>
<td>35</td>
<td>0.003849</td>
<td>973546635264</td>
</tr>
<tr>
<td>axtls__k1__q82.cnf</td>
<td>94</td>
<td>191</td>
<td>54</td>
<td>0.004131</td>
<td>981037246464</td>
</tr>
<tr>
<td>axtls__k1__q83.cnf</td>
<td>94</td>
<td>191</td>
<td>52</td>
<td>0.004053</td>
<td>654024830976</td>
</tr>
<tr>
<td>axtls__k1__q84.cnf</td>
<td>94</td>
<td>191</td>
<td>44</td>
<td>0.005274</td>
<td>1837502120832</td>
</tr>
<tr>
<td>axtls__k1__q85.cnf</td>
<td>94</td>
<td>191</td>
<td>54</td>
<td>0.004147</td>
<td>891877848144</td>
</tr>
<tr>
<td>axtls__k1__q86.cnf</td>
<td>94</td>
<td>191</td>
<td>37</td>
<td>0.00385</td>
<td>975448093536</td>
</tr>
<tr>
<td>axtls__k1__q87.cnf</td>
<td>94</td>
<td>191</td>
<td>36</td>
<td>0.003668</td>
<td>973546635264</td>
</tr>
<tr>
<td>axtls__k1__q88.cnf</td>
<td>94</td>
<td>191</td>
<td>52</td>
<td>0.004267</td>
<td>654024830976</td>
</tr>
<tr>
<td>axtls__k1__q89.cnf</td>
<td>94</td>
<td>191</td>
<td>53</td>
<td>0.004218</td>
<td>978831302400</td>
</tr>
<tr>
<td>axtls__k1__q90.cnf</td>
<td>94</td>
<td>191</td>
<td>53</td>
<td>0.004113</td>
<td>981037246464</td>
</tr>
<tr>
<td>axtls__k1__q91.cnf</td>
<td>94</td>
<td>191</td>
<td>35</td>
<td>0.003565</td>
<td>1460319952896</td>
</tr>
<tr>
<td>axtls__k1__q92.cnf</td>
<td>94</td>
<td>191</td>
<td>51</td>
<td>0.004146</td>
<td>490518623232</td>
</tr>
<tr>
<td>axtls__k1__q93.cnf</td>
<td>94</td>
<td>191</td>
<td>38</td>
<td>0.003625</td>
<td>5614958832</td>
</tr>
<tr>
<td>axtls__k1__q0.cnf</td>
<td>94</td>
<td>191</td>
<td>53</td>
<td>0.004294</td>
<td>1957662604800</td>
</tr>
<tr>
<td>axtls__k1__q1.cnf</td>
<td>94</td>
<td>191</td>
<td>54</td>
<td>0.004381</td>
<td>891877848144</td>
</tr>
<tr>
<td>axtls__k1__q2.cnf</td>
<td>94</td>
<td>191</td>
<td>49</td>
<td>0.004065</td>
<td>356740816896</td>
</tr>
<tr>
<td>axtls__k1__q3.cnf</td>
<td>94</td>
<td>191</td>
<td>43</td>
<td>0.004436</td>
<td>1280334701184</td>
</tr>
<tr>
<td>axtls__k1__q4.cnf</td>
<td>94</td>
<td>191</td>
<td>47</td>
<td>0.003962</td>
<td>178370408448</td>
</tr>
<tr>
<td>axtls__k1__q5.cnf</td>
<td>94</td>
<td>191</td>
<td>52</td>
<td>0.004007</td>
<td>654024830976</td>
</tr>
<tr>
<td>axtls__k1__q6.cnf</td>
<td>94</td>
<td>191</td>
<td>43</td>
<td>0.004806</td>
<td>1717181053056</td>
</tr>
<tr>
<td>axtls__k1__q7.cnf</td>
<td>94</td>
<td>191</td>
<td>53</td>
<td>0.004035</td>
<td>978831302400</td>
</tr>
<tr>
<td>axtls__k1__q8.cnf</td>
<td>94</td>
<td>191</td>
<td>30</td>
<td>0.003636</td>
<td>7197074304</td>
</tr>
<tr>
<td>axtls__k1__q9.cnf</td>
<td>94</td>
<td>191</td>
<td>36</td>
<td>0.004153</td>
<td>609962996160</td>
</tr>
<tr>
<td>axtls__k1__q10.cnf</td>
<td>94</td>
<td>191</td>
<td>36</td>
<td>0.004129</td>
<td>609962996160</td>
</tr>
<tr>
<td>axtls__k1__q11.cnf</td>
<td>94</td>
<td>191</td>
<td>54</td>
<td>0.004043</td>
<td>1962074492928</td>
</tr>
<tr>
<td>axtls__k1__q12.cnf</td>
<td>94</td>
<td>191</td>
<td>42</td>
<td>0.00442</td>
<td>1280334701184</td>
</tr>
<tr>
<td>axtls__k1__q13.cnf</td>
<td>94</td>
<td>191</td>
<td>38</td>
<td>0.003859</td>
<td>11229917664</td>
</tr>
<tr>
<td>axtls__k1__q14.cnf</td>
<td>94</td>
<td>191</td>
<td>58</td>
<td>0.004311</td>
<td>1962126104736</td>
</tr>
<tr>
<td>axtls__k1__q15.cnf</td>
<td>94</td>
<td>191</td>
<td>38</td>
<td>0.003775</td>
<td>975448093536</td>
</tr>
<tr>
<td>axtls__k1__q16.cnf</td>
<td>94</td>
<td>191</td>
<td>58</td>
<td>0.004535</td>
<td>1962126104736</td>
</tr>
<tr>
<td>axtls__k1__q17.cnf</td>
<td>94</td>
<td>191</td>
<td>52</td>
<td>0.003928</td>
<td>654024830976</td>
</tr>
<tr>
<td>axtls__k1__q18.cnf</td>
<td>94</td>
<td>191</td>
<td>44</td>
<td>0.004067</td>
<td>918751060416</td>
</tr>
<tr>
<td>axtls__k1__q19.cnf</td>
<td>94</td>
<td>191</td>
<td>58</td>
<td>0.004099</td>
<td>1962126104736</td>
</tr>
<tr>
<td>axtls__k1__q20.cnf</td>
<td>94</td>
<td>191</td>
<td>52</td>
<td>0.00403</td>
<td>654024830976</td>
</tr>
<tr>
<td>axtls__k1__q21.cnf</td>
<td>94</td>
<td>191</td>
<td>37</td>
<td>0.004015</td>
<td>609962996160</td>
</tr>
<tr>
<td>axtls__k1__q22.cnf</td>
<td>94</td>
<td>191</td>
<td>53</td>
<td>0.003993</td>
<td>981037246464</td>
</tr>
<tr>
<td>axtls__k1__q23.cnf</td>
<td>94</td>
<td>191</td>
<td>57</td>
<td>0.004583</td>
<td>655913687856</td>
</tr>
<tr>
<td>axtls__k1__q24.cnf</td>
<td>94</td>
<td>191</td>
<td>36</td>
<td>0.003631</td>
<td>3743305888</td>
</tr>
<tr>
<td>axtls__k1__q25.cnf</td>
<td>94</td>
<td>191</td>
<td>30</td>
<td>0.003908</td>
<td>606612633984</td>
</tr>
<tr>
<td>axtls__k1__q26.cnf</td>
<td>94</td>
<td>191</td>
<td>52</td>
<td>0.004249</td>
<td>654024830976</td>
</tr>
<tr>
<td>axtls__k1__q27.cnf</td>
<td>94</td>
<td>191</td>
<td>53</td>
<td>0.004129</td>
<td>1957662604800</td>
</tr>
<tr>
<td>axtls__k1__q28.cnf</td>
<td>94</td>
<td>191</td>
<td>54</td>
<td>0.004779</td>
<td>891877848144</td>
</tr>
<tr>
<td>axtls__k1__q29.cnf</td>
<td>94</td>
<td>191</td>
<td>54</td>
<td>0.004568</td>
<td>981037246464</td>
</tr>
<tr>
<td>axtls__k1__q30.cnf</td>
<td>94</td>
<td>191</td>
<td>52</td>
<td>0.005041</td>
<td>1605333676032</td>
</tr>
<tr>
<td>axtls__k1__q31.cnf</td>
<td>94</td>
<td>191</td>
<td>36</td>
<td>0.00355</td>
<td>3743305888</td>
</tr>
<tr>
<td>axtls__k1__q32.cnf</td>
<td>94</td>
<td>191</td>
<td>38</td>
<td>0.003764</td>
<td>1950896187072</td>
</tr>
<tr>
<td>axtls__k1__q33.cnf</td>
<td>94</td>
<td>191</td>
<td>36</td>
<td>0.003568</td>
<td>3743305888</td>
</tr>
<tr>
<td>axtls__k1__q34.cnf</td>
<td>94</td>
<td>191</td>
<td>49</td>
<td>0.004171</td>
<td>535111225344</td>
</tr>
<tr>
<td>axtls__k1__q35.cnf</td>
<td>94</td>
<td>191</td>
<td>41</td>
<td>0.004071</td>
<td>1280334701184</td>
</tr>
<tr>
<td>axtls__k1__q36.cnf</td>
<td>94</td>
<td>191</td>
<td>49</td>
<td>0.004328</td>
<td>535111225344</td>
</tr>
<tr>
<td>axtls__k1__q37.cnf</td>
<td>94</td>
<td>191</td>
<td>52</td>
<td>0.0053</td>
<td>654024830976</td>
</tr>
<tr>
<td>axtls__k1__q38.cnf</td>
<td>94</td>
<td>191</td>
<td>53</td>
<td>0.005296</td>
<td>1957662604800</td>
</tr>
<tr>
<td>axtls__k1__q39.cnf</td>
<td>94</td>
<td>191</td>
<td>53</td>
<td>0.005078</td>
<td>1957662604800</td>
</tr>
<tr>
<td>axtls__k1__q40.cnf</td>
<td>94</td>
<td>191</td>
<td>58</td>
<td>0.008913</td>
<td>981063052368</td>
</tr>
<tr>
<td>axtls__k1__q41.cnf</td>
<td>94</td>
<td>191</td>
<td>41</td>
<td>0.006608</td>
<td>1280334701184</td>
</tr>
<tr>
<td>axtls__k1__q42.cnf</td>
<td>94</td>
<td>191</td>
<td>34</td>
<td>0.003518</td>
<td>973546635264</td>
</tr>
<tr>
<td>axtls__k1__q43.cnf</td>
<td>94</td>
<td>191</td>
<td>38</td>
<td>0.004085</td>
<td>51611808</td>
</tr>
<tr>
<td>axtls__k1__q44.cnf</td>
<td>94</td>
<td>191</td>
<td>53</td>
<td>0.005903</td>
<td>981037246464</td>
</tr>
<tr>
<td>axtls__k1__q45.cnf</td>
<td>94</td>
<td>191</td>
<td>38</td>
<td>0.005423</td>
<td>975448093536</td>
</tr>
<tr>
<td>axtls__k1__q46.cnf</td>
<td>94</td>
<td>191</td>
<td>36</td>
<td>0.006823</td>
<td>609962996160</td>
</tr>
<tr>
<td>axtls__k1__q47.cnf</td>
<td>94</td>
<td>191</td>
<td>34</td>
<td>0.005335</td>
<td>486773317632</td>
</tr>
<tr>
<td>axtls__k1__q48.cnf</td>
<td>94</td>
<td>191</td>
<td>36</td>
<td>0.004045</td>
<td>3743305888</td>
</tr>
<tr>
<td>axtls__k1__q49.cnf</td>
<td>94</td>
<td>191</td>
<td>49</td>
<td>0.003681</td>
<td>356740816896</td>
</tr>
<tr>
<td>axtls__k1__q50.cnf</td>
<td>94</td>
<td>191</td>
<td>52</td>
<td>0.003768</td>
<td>490518623232</td>
</tr>
<tr>
<td>axtls__k1__q51.cnf</td>
<td>94</td>
<td>191</td>
<td>58</td>
<td>0.004111</td>
<td>1962126104736</td>
</tr>
<tr>
<td>axtls__k1__q52.cnf</td>
<td>94</td>
<td>191</td>
<td>37</td>
<td>0.003506</td>
<td>650298729024</td>
</tr>
<tr>
<td>axtls__k1__q53.cnf</td>
<td>94</td>
<td>191</td>
<td>49</td>
<td>0.003913</td>
<td>356740816896</td>
</tr>
<tr>
<td>axtls__k1__q54.cnf</td>
<td>94</td>
<td>191</td>
<td>51</td>
<td>0.003746</td>
<td>981037246464</td>
</tr>
<tr>
<td>axtls__k1__q55.cnf</td>
<td>94</td>
<td>191</td>
<td>49</td>
<td>0.003709</td>
<td>713481633792</td>
</tr>
<tr>
<td>axtls__k1__q56.cnf</td>
<td>94</td>
<td>191</td>
<td>53</td>
<td>0.003782</td>
<td>1957662604800</td>
</tr>
<tr>
<td>axtls__k1__q57.cnf</td>
<td>94</td>
<td>191</td>
<td>53</td>
<td>0.004366</td>
<td>978831302400</td>
</tr>
<tr>
<td>axtls__k1__q58.cnf</td>
<td>94</td>
<td>191</td>
<td>53</td>
<td>0.004098</td>
<td>1957662604800</td>
</tr>
<tr>
<td>axtls__k1__q59.cnf</td>
<td>94</td>
<td>191</td>
<td>35</td>
<td>0.003361</td>
<td>1460319952896</td>
</tr>
<tr>
<td>axtls__k1__q60.cnf</td>
<td>94</td>
<td>191</td>
<td>58</td>
<td>0.004315</td>
<td>981063052368</td>
</tr>
<tr>
<td>axtls__k1__q61.cnf</td>
<td>94</td>
<td>191</td>
<td>54</td>
<td>0.003972</td>
<td>981037246464</td>
</tr>
<tr>
<td>axtls__k1__q62.cnf</td>
<td>94</td>
<td>191</td>
<td>36</td>
<td>0.003643</td>
<td>3743305888</td>
</tr>
<tr>
<td>axtls__k1__q63.cnf</td>
<td>94</td>
<td>191</td>
<td>53</td>
<td>0.003788</td>
<td>981037246464</td>
</tr>
<tr>
<td>axtls__k1__q64.cnf</td>
<td>94</td>
<td>191</td>
<td>54</td>
<td>0.003832</td>
<td>981037246464</td>
</tr>
<tr>
<td>axtls__k1__q65.cnf</td>
<td>94</td>
<td>191</td>
<td>35</td>
<td>0.00347</td>
<td>973546635264</td>
</tr>
<tr>
<td>axtls__k1__q66.cnf</td>
<td>94</td>
<td>191</td>
<td>34</td>
<td>0.00372</td>
<td>1273137626880</td>
</tr>
<tr>
<td>axtls__k1__q67.cnf</td>
<td>94</td>
<td>191</td>
<td>36</td>
<td>0.004254</td>
<td>3743305888</td>
</tr>
<tr>
<td>axtls__k1__q68.cnf</td>
<td>94</td>
<td>191</td>
<td>35</td>
<td>0.003954</td>
<td>1460319952896</td>
</tr>
<tr>
<td>axtls__k1__q69.cnf</td>
<td>94</td>
<td>191</td>
<td>30</td>
<td>0.004058</td>
<td>7197074304</td>
</tr>
<tr>
<td>axtls__k1__q70.cnf</td>
<td>94</td>
<td>191</td>
<td>52</td>
<td>0.004604</td>
<td>654024830976</td>
</tr>
<tr>
<td>axtls__k1__q71.cnf</td>
<td>94</td>
<td>191</td>
<td>45</td>
<td>0.005291</td>
<td>1950706406208</td>
</tr>
<tr>
<td>axtls__k1__q72.cnf</td>
<td>94</td>
<td>191</td>
<td>36</td>
<td>0.00443</td>
<td>973546635264</td>
</tr>
<tr>
<td>axtls__k1__q73.cnf</td>
<td>94</td>
<td>191</td>
<td>37</td>
<td>0.004873</td>
<td>975448093536</td>
</tr>
<tr>
<td>axtls__k1__q74.cnf</td>
<td>94</td>
<td>191</td>
<td>52</td>
<td>0.005085</td>
<td>981037246464</td>
</tr>
<tr>
<td>axtls__k1__q75.cnf</td>
<td>94</td>
<td>191</td>
<td>34</td>
<td>0.003866</td>
<td>1273137626880</td>
</tr>
<tr>
<td>axtls__k1__q76.cnf</td>
<td>94</td>
<td>191</td>
<td>53</td>
<td>0.004464</td>
<td>978831302400</td>
</tr>
<tr>
<td>axtls__k1__q77.cnf</td>
<td>94</td>
<td>191</td>
<td>52</td>
<td>0.004137</td>
<td>654024830976</td>
</tr>
<tr>
<td>axtls__k1__q78.cnf</td>
<td>94</td>
<td>191</td>
<td>34</td>
<td>0.003468</td>
<td>973546635264</td>
</tr>
<tr>
<td>axtls__k1__q79.cnf</td>
<td>94</td>
<td>191</td>
<td>43</td>
<td>0.004185</td>
<td>1280334701184</td>
</tr>
<tr>
<td>axtls__k1__q80.cnf</td>
<td>94</td>
<td>191</td>
<td>54</td>
<td>0.00446</td>
<td>891877848144</td>
</tr>
<tr>
<td>axtls__k1__q81.cnf</td>
<td>94</td>
<td>191</td>
<td>35</td>
<td>0.00373</td>
<td>973546635264</td>
</tr>
<tr>
<td>axtls__k1__q82.cnf</td>
<td>94</td>
<td>191</td>
<td>54</td>
<td>0.003762</td>
<td>981037246464</td>
</tr>
<tr>
<td>axtls__k1__q83.cnf</td>
<td>94</td>
<td>191</td>
<td>52</td>
<td>0.003679</td>
<td>654024830976</td>
</tr>
<tr>
<td>axtls__k1__q84.cnf</td>
<td>94</td>
<td>191</td>
<td>44</td>
<td>0.004182</td>
<td>1837502120832</td>
</tr>
<tr>
<td>axtls__k1__q85.cnf</td>
<td>94</td>
<td>191</td>
<td>54</td>
<td>0.004045</td>
<td>891877848144</td>
</tr>
<tr>
<td>axtls__k1__q86.cnf</td>
<td>94</td>
<td>191</td>
<td>37</td>
<td>0.003602</td>
<td>975448093536</td>
</tr>
<tr>
<td>axtls__k1__q87.cnf</td>
<td>94</td>
<td>191</td>
<td>36</td>
<td>0.003508</td>
<td>973546635264</td>
</tr>
<tr>
<td>axtls__k1__q88.cnf</td>
<td>94</td>
<td>191</td>
<td>52</td>
<td>0.003849</td>
<td>654024830976</td>
</tr>
<tr>
<td>axtls__k1__q89.cnf</td>
<td>94</td>
<td>191</td>
<td>53</td>
<td>0.003942</td>
<td>978831302400</td>
</tr>
<tr>
<td>axtls__k1__q90.cnf</td>
<td>94</td>
<td>191</td>
<td>53</td>
<td>0.004682</td>
<td>981037246464</td>
</tr>
<tr>
<td>axtls__k1__q91.cnf</td>
<td>94</td>
<td>191</td>
<td>35</td>
<td>0.003989</td>
<td>1460319952896</td>
</tr>
<tr>
<td>axtls__k1__q92.cnf</td>
<td>94</td>
<td>191</td>
<td>51</td>
<td>0.005114</td>
<td>490518623232</td>
</tr>
<tr>
<td>axtls__k1__q93.cnf</td>
<td>94</td>
<td>191</td>
<td>38</td>
<td>0.005377</td>
<td>5614958832</td>
</tr>
<tr>
<td>axtls__k1__q0.cnf</td>
<td>94</td>
<td>191</td>
<td>53</td>
<td>0.005386</td>
<td>1957662604800</td>
</tr>
<tr>
<td>axtls__k1__q1.cnf</td>
<td>94</td>
<td>191</td>
<td>54</td>
<td>0.005026</td>
<td>891877848144</td>
</tr>
<tr>
<td>axtls__k1__q2.cnf</td>
<td>94</td>
<td>191</td>
<td>49</td>
<td>0.004107</td>
<td>356740816896</td>
</tr>
<tr>
<td>axtls__k1__q3.cnf</td>
<td>94</td>
<td>191</td>
<td>43</td>
<td>0.004515</td>
<td>1280334701184</td>
</tr>
<tr>
<td>axtls__k1__q4.cnf</td>
<td>94</td>
<td>191</td>
<td>47</td>
<td>0.004873</td>
<td>178370408448</td>
</tr>
<tr>
<td>axtls__k1__q5.cnf</td>
<td>94</td>
<td>191</td>
<td>52</td>
<td>0.004749</td>
<td>654024830976</td>
</tr>
<tr>
<td>axtls__k1__q6.cnf</td>
<td>94</td>
<td>191</td>
<td>43</td>
<td>0.004781</td>
<td>1717181053056</td>
</tr>
<tr>
<td>axtls__k1__q7.cnf</td>
<td>94</td>
<td>191</td>
<td>53</td>
<td>0.003848</td>
<td>978831302400</td>
</tr>
<tr>
<td>axtls__k1__q8.cnf</td>
<td>94</td>
<td>191</td>
<td>30</td>
<td>0.003431</td>
<td>7197074304</td>
</tr>
<tr>
<td>axtls__k1__q9.cnf</td>
<td>94</td>
<td>191</td>
<td>36</td>
<td>0.004361</td>
<td>609962996160</td>
</tr>
<tr>
<td>axtls__k1__q10.cnf</td>
<td>94</td>
<td>191</td>
<td>36</td>
<td>0.003889</td>
<td>609962996160</td>
</tr>
<tr>
<td>axtls__k1__q11.cnf</td>
<td>94</td>
<td>191</td>
<td>54</td>
<td>0.003837</td>
<td>1962074492928</td>
</tr>
<tr>
<td>axtls__k1__q12.cnf</td>
<td>94</td>
<td>191</td>
<td>42</td>
<td>0.004537</td>
<td>1280334701184</td>
</tr>
<tr>
<td>axtls__k1__q13.cnf</td>
<td>94</td>
<td>191</td>
<td>38</td>
<td>0.004377</td>
<td>11229917664</td>
</tr>
<tr>
<td>axtls__k1__q14.cnf</td>
<td>94</td>
<td>191</td>
<td>58</td>
<td>0.006075</td>
<td>1962126104736</td>
</tr>
<tr>
<td>axtls__k1__q15.cnf</td>
<td>94</td>
<td>191</td>
<td>38</td>
<td>0.007088</td>
<td>975448093536</td>
</tr>
<tr>
<td>axtls__k1__q16.cnf</td>
<td>94</td>
<td>191</td>
<td>58</td>
<td>0.008019</td>
<td>1962126104736</td>
</tr>
<tr>
<td>axtls__k1__q17.cnf</td>
<td>94</td>
<td>191</td>
<td>52</td>
<td>0.006213</td>
<td>654024830976</td>
</tr>
<tr>
<td>axtls__k1__q18.cnf</td>
<td>94</td>
<td>191</td>
<td>44</td>
<td>0.008043</td>
<td>918751060416</td>
</tr>
<tr>
<td>axtls__k1__q19.cnf</td>
<td>94</td>
<td>191</td>
<td>58</td>
<td>0.005315</td>
<td>1962126104736</td>
</tr>
<tr>
<td>axtls__k1__q20.cnf</td>
<td>94</td>
<td>191</td>
<td>52</td>
<td>0.003814</td>
<td>654024830976</td>
</tr>
<tr>
<td>axtls__k1__q21.cnf</td>
<td>94</td>
<td>191</td>
<td>37</td>
<td>0.004015</td>
<td>609962996160</td>
</tr>
<tr>
<td>axtls__k1__q22.cnf</td>
<td>94</td>
<td>191</td>
<td>53</td>
<td>0.004418</td>
<td>981037246464</td>
</tr>
<tr>
<td>axtls__k1__q23.cnf</td>
<td>94</td>
<td>191</td>
<td>57</td>
<td>0.004518</td>
<td>655913687856</td>
</tr>
<tr>
<td>axtls__k1__q24.cnf</td>
<td>94</td>
<td>191</td>
<td>36</td>
<td>0.004018</td>
<td>3743305888</td>
</tr>
<tr>
<td>axtls__k1__q25.cnf</td>
<td>94</td>
<td>191</td>
<td>30</td>
<td>0.003407</td>
<td>606612633984</td>
</tr>
<tr>
<td>axtls__k1__q26.cnf</td>
<td>94</td>
<td>191</td>
<td>52</td>
<td>0.003891</td>
<td>654024830976</td>
</tr>
<tr>
<td>axtls__k1__q27.cnf</td>
<td>94</td>
<td>191</td>
<td>53</td>
<td>0.003786</td>
<td>1957662604800</td>
</tr>
<tr>
<td>axtls__k1__q28.cnf</td>
<td>94</td>
<td>191</td>
<td>54</td>
<td>0.00411</td>
<td>891877848144</td>
</tr>
<tr>
<td>axtls__k1__q29.cnf</td>
<td>94</td>
<td>191</td>
<td>54</td>
<td>0.003929</td>
<td>981037246464</td>
</tr>
<tr>
<td>axtls__k1__q30.cnf</td>
<td>94</td>
<td>191</td>
<td>52</td>
<td>0.00378</td>
<td>1605333676032</td>
</tr>
<tr>
<td>axtls__k1__q31.cnf</td>
<td>94</td>
<td>191</td>
<td>36</td>
<td>0.003703</td>
<td>3743305888</td>
</tr>
<tr>
<td>axtls__k1__q32.cnf</td>
<td>94</td>
<td>191</td>
<td>38</td>
<td>0.003662</td>
<td>1950896187072</td>
</tr>
<tr>
<td>axtls__k1__q33.cnf</td>
<td>94</td>
<td>191</td>
<td>36</td>
<td>0.003466</td>
<td>3743305888</td>
</tr>
<tr>
<td>axtls__k1__q34.cnf</td>
<td>94</td>
<td>191</td>
<td>49</td>
<td>0.003998</td>
<td>535111225344</td>
</tr>
<tr>
<td>axtls__k1__q35.cnf</td>
<td>94</td>
<td>191</td>
<td>41</td>
<td>0.00444</td>
<td>1280334701184</td>
</tr>
<tr>
<td>axtls__k1__q36.cnf</td>
<td>94</td>
<td>191</td>
<td>49</td>
<td>0.00372</td>
<td>535111225344</td>
</tr>
<tr>
<td>axtls__k1__q37.cnf</td>
<td>94</td>
<td>191</td>
<td>52</td>
<td>0.004086</td>
<td>654024830976</td>
</tr>
<tr>
<td>axtls__k1__q38.cnf</td>
<td>94</td>
<td>191</td>
<td>53</td>
<td>0.00397</td>
<td>1957662604800</td>
</tr>
<tr>
<td>axtls__k1__q39.cnf</td>
<td>94</td>
<td>191</td>
<td>53</td>
<td>0.004297</td>
<td>1957662604800</td>
</tr>
<tr>
<td>axtls__k1__q40.cnf</td>
<td>94</td>
<td>191</td>
<td>58</td>
<td>0.004558</td>
<td>981063052368</td>
</tr>
<tr>
<td>axtls__k1__q41.cnf</td>
<td>94</td>
<td>191</td>
<td>41</td>
<td>0.004051</td>
<td>1280334701184</td>
</tr>
<tr>
<td>axtls__k1__q42.cnf</td>
<td>94</td>
<td>191</td>
<td>34</td>
<td>0.003364</td>
<td>973546635264</td>
</tr>
<tr>
<td>axtls__k1__q43.cnf</td>
<td>94</td>
<td>191</td>
<td>38</td>
<td>0.003662</td>
<td>51611808</td>
</tr>
<tr>
<td>axtls__k1__q44.cnf</td>
<td>94</td>
<td>191</td>
<td>53</td>
<td>0.003904</td>
<td>981037246464</td>
</tr>
<tr>
<td>axtls__k1__q45.cnf</td>
<td>94</td>
<td>191</td>
<td>38</td>
<td>0.003924</td>
<td>975448093536</td>
</tr>
<tr>
<td>axtls__k1__q46.cnf</td>
<td>94</td>
<td>191</td>
<td>36</td>
<td>0.003831</td>
<td>609962996160</td>
</tr>
<tr>
<td>axtls__k1__q47.cnf</td>
<td>94</td>
<td>191</td>
<td>34</td>
<td>0.003473</td>
<td>486773317632</td>
</tr>
<tr>
<td>axtls__k1__q48.cnf</td>
<td>94</td>
<td>191</td>
<td>36</td>
<td>0.003947</td>
<td>3743305888</td>
</tr>
<tr>
<td>axtls__k1__q49.cnf</td>
<td>94</td>
<td>191</td>
<td>49</td>
<td>0.003745</td>
<td>356740816896</td>
</tr>
<tr>
<td>axtls__k1__q50.cnf</td>
<td>94</td>
<td>191</td>
<td>52</td>
<td>0.003917</td>
<td>490518623232</td>
</tr>
<tr>
<td>axtls__k1__q51.cnf</td>
<td>94</td>
<td>191</td>
<td>58</td>
<td>0.004379</td>
<td>1962126104736</td>
</tr>
<tr>
<td>axtls__k1__q52.cnf</td>
<td>94</td>
<td>191</td>
<td>37</td>
<td>0.003642</td>
<td>650298729024</td>
</tr>
<tr>
<td>axtls__k1__q53.cnf</td>
<td>94</td>
<td>191</td>
<td>49</td>
<td>0.003743</td>
<td>356740816896</td>
</tr>
<tr>
<td>axtls__k1__q54.cnf</td>
<td>94</td>
<td>191</td>
<td>51</td>
<td>0.003991</td>
<td>981037246464</td>
</tr>
<tr>
<td>axtls__k1__q55.cnf</td>
<td>94</td>
<td>191</td>
<td>49</td>
<td>0.003683</td>
<td>713481633792</td>
</tr>
<tr>
<td>axtls__k1__q56.cnf</td>
<td>94</td>
<td>191</td>
<td>53</td>
<td>0.00421</td>
<td>1957662604800</td>
</tr>
<tr>
<td>axtls__k1__q57.cnf</td>
<td>94</td>
<td>191</td>
<td>53</td>
<td>0.005029</td>
<td>978831302400</td>
</tr>
<tr>
<td>axtls__k1__q58.cnf</td>
<td>94</td>
<td>191</td>
<td>53</td>
<td>0.004608</td>
<td>1957662604800</td>
</tr>
<tr>
<td>axtls__k1__q59.cnf</td>
<td>94</td>
<td>191</td>
<td>35</td>
<td>0.003758</td>
<td>1460319952896</td>
</tr>
<tr>
<td>axtls__k1__q60.cnf</td>
<td>94</td>
<td>191</td>
<td>58</td>
<td>0.005029</td>
<td>981063052368</td>
</tr>
<tr>
<td>axtls__k1__q61.cnf</td>
<td>94</td>
<td>191</td>
<td>54</td>
<td>0.004825</td>
<td>981037246464</td>
</tr>
<tr>
<td>axtls__k1__q62.cnf</td>
<td>94</td>
<td>191</td>
<td>36</td>
<td>0.004562</td>
<td>3743305888</td>
</tr>
<tr>
<td>axtls__k1__q63.cnf</td>
<td>94</td>
<td>191</td>
<td>53</td>
<td>0.005348</td>
<td>981037246464</td>
</tr>
<tr>
<td>axtls__k1__q64.cnf</td>
<td>94</td>
<td>191</td>
<td>54</td>
<td>0.006504</td>
<td>981037246464</td>
</tr>
<tr>
<td>axtls__k1__q65.cnf</td>
<td>94</td>
<td>191</td>
<td>35</td>
<td>0.004933</td>
<td>973546635264</td>
</tr>
<tr>
<td>axtls__k1__q66.cnf</td>
<td>94</td>
<td>191</td>
<td>34</td>
<td>0.006075</td>
<td>1273137626880</td>
</tr>
<tr>
<td>axtls__k1__q67.cnf</td>
<td>94</td>
<td>191</td>
<td>36</td>
<td>0.005778</td>
<td>3743305888</td>
</tr>
<tr>
<td>axtls__k1__q68.cnf</td>
<td>94</td>
<td>191</td>
<td>35</td>
<td>0.004158</td>
<td>1460319952896</td>
</tr>
<tr>
<td>axtls__k1__q69.cnf</td>
<td>94</td>
<td>191</td>
<td>30</td>
<td>0.003362</td>
<td>7197074304</td>
</tr>
<tr>
<td>axtls__k1__q70.cnf</td>
<td>94</td>
<td>191</td>
<td>52</td>
<td>0.003774</td>
<td>654024830976</td>
</tr>
<tr>
<td>axtls__k1__q71.cnf</td>
<td>94</td>
<td>191</td>
<td>45</td>
<td>0.003901</td>
<td>1950706406208</td>
</tr>
<tr>
<td>axtls__k1__q72.cnf</td>
<td>94</td>
<td>191</td>
<td>36</td>
<td>0.003696</td>
<td>973546635264</td>
</tr>
<tr>
<td>axtls__k1__q73.cnf</td>
<td>94</td>
<td>191</td>
<td>37</td>
<td>0.004653</td>
<td>975448093536</td>
</tr>
<tr>
<td>axtls__k1__q74.cnf</td>
<td>94</td>
<td>191</td>
<td>52</td>
<td>0.006072</td>
<td>981037246464</td>
</tr>
<tr>
<td>axtls__k1__q75.cnf</td>
<td>94</td>
<td>191</td>
<td>34</td>
<td>0.005364</td>
<td>1273137626880</td>
</tr>
<tr>
<td>axtls__k1__q76.cnf</td>
<td>94</td>
<td>191</td>
<td>53</td>
<td>0.004843</td>
<td>978831302400</td>
</tr>
<tr>
<td>axtls__k1__q77.cnf</td>
<td>94</td>
<td>191</td>
<td>52</td>
<td>0.00377</td>
<td>654024830976</td>
</tr>
<tr>
<td>axtls__k1__q78.cnf</td>
<td>94</td>
<td>191</td>
<td>34</td>
<td>0.003432</td>
<td>973546635264</td>
</tr>
<tr>
<td>axtls__k1__q79.cnf</td>
<td>94</td>
<td>191</td>
<td>43</td>
<td>0.004113</td>
<td>1280334701184</td>
</tr>
<tr>
<td>axtls__k1__q80.cnf</td>
<td>94</td>
<td>191</td>
<td>54</td>
<td>0.004717</td>
<td>891877848144</td>
</tr>
<tr>
<td>axtls__k1__q81.cnf</td>
<td>94</td>
<td>191</td>
<td>35</td>
<td>0.003785</td>
<td>973546635264</td>
</tr>
<tr>
<td>axtls__k1__q82.cnf</td>
<td>94</td>
<td>191</td>
<td>54</td>
<td>0.004062</td>
<td>981037246464</td>
</tr>
<tr>
<td>axtls__k1__q83.cnf</td>
<td>94</td>
<td>191</td>
<td>52</td>
<td>0.005406</td>
<td>654024830976</td>
</tr>
<tr>
<td>axtls__k1__q84.cnf</td>
<td>94</td>
<td>191</td>
<td>44</td>
<td>0.004872</td>
<td>1837502120832</td>
</tr>
<tr>
<td>axtls__k1__q85.cnf</td>
<td>94</td>
<td>191</td>
<td>54</td>
<td>0.007248</td>
<td>891877848144</td>
</tr>
<tr>
<td>axtls__k1__q86.cnf</td>
<td>94</td>
<td>191</td>
<td>37</td>
<td>0.006097</td>
<td>975448093536</td>
</tr>
<tr>
<td>axtls__k1__q87.cnf</td>
<td>94</td>
<td>191</td>
<td>36</td>
<td>0.003746</td>
<td>973546635264</td>
</tr>
<tr>
<td>axtls__k1__q88.cnf</td>
<td>94</td>
<td>191</td>
<td>52</td>
<td>0.004464</td>
<td>654024830976</td>
</tr>
<tr>
<td>axtls__k1__q89.cnf</td>
<td>94</td>
<td>191</td>
<td>53</td>
<td>0.006468</td>
<td>978831302400</td>
</tr>
<tr>
<td>axtls__k1__q90.cnf</td>
<td>94</td>
<td>191</td>
<td>53</td>
<td>0.007591</td>
<td>981037246464</td>
</tr>
<tr>
<td>axtls__k1__q91.cnf</td>
<td>94</td>
<td>191</td>
<td>35</td>
<td>0.005422</td>
<td>1460319952896</td>
</tr>
<tr>
<td>axtls__k1__q92.cnf</td>
<td>94</td>
<td>191</td>
<td>51</td>
<td>0.005522</td>
<td>490518623232</td>
</tr>
<tr>
<td>axtls__k1__q93.cnf</td>
<td>94</td>
<td>191</td>
<td>38</td>
<td>0.004898</td>
<td>5614958832</td>
</tr>
<tr>
<td>axtls__k1__q0.cnf</td>
<td>94</td>
<td>191</td>
<td>53</td>
<td>0.005013</td>
<td>1957662604800</td>
</tr>
<tr>
<td>axtls__k1__q1.cnf</td>
<td>94</td>
<td>191</td>
<td>54</td>
<td>0.00493</td>
<td>891877848144</td>
</tr>
<tr>
<td>axtls__k1__q2.cnf</td>
<td>94</td>
<td>191</td>
<td>49</td>
<td>0.003674</td>
<td>356740816896</td>
</tr>
<tr>
<td>axtls__k1__q3.cnf</td>
<td>94</td>
<td>191</td>
<td>43</td>
<td>0.004118</td>
<td>1280334701184</td>
</tr>
<tr>
<td>axtls__k1__q4.cnf</td>
<td>94</td>
<td>191</td>
<td>47</td>
<td>0.003717</td>
<td>178370408448</td>
</tr>
<tr>
<td>axtls__k1__q5.cnf</td>
<td>94</td>
<td>191</td>
<td>52</td>
<td>0.004772</td>
<td>654024830976</td>
</tr>
<tr>
<td>axtls__k1__q6.cnf</td>
<td>94</td>
<td>191</td>
<td>43</td>
<td>0.005813</td>
<td>1717181053056</td>
</tr>
<tr>
<td>axtls__k1__q7.cnf</td>
<td>94</td>
<td>191</td>
<td>53</td>
<td>0.005363</td>
<td>978831302400</td>
</tr>
<tr>
<td>axtls__k1__q8.cnf</td>
<td>94</td>
<td>191</td>
<td>30</td>
<td>0.004258</td>
<td>7197074304</td>
</tr>
<tr>
<td>axtls__k1__q9.cnf</td>
<td>94</td>
<td>191</td>
<td>36</td>
<td>0.005043</td>
<td>609962996160</td>
</tr>
<tr>
<td>axtls__k1__q10.cnf</td>
<td>94</td>
<td>191</td>
<td>36</td>
<td>0.005535</td>
<td>609962996160</td>
</tr>
<tr>
<td>axtls__k1__q11.cnf</td>
<td>94</td>
<td>191</td>
<td>54</td>
<td>0.006345</td>
<td>1962074492928</td>
</tr>
<tr>
<td>axtls__k1__q12.cnf</td>
<td>94</td>
<td>191</td>
<td>42</td>
<td>0.005958</td>
<td>1280334701184</td>
</tr>
<tr>
<td>axtls__k1__q13.cnf</td>
<td>94</td>
<td>191</td>
<td>38</td>
<td>0.004498</td>
<td>11229917664</td>
</tr>
<tr>
<td>axtls__k1__q14.cnf</td>
<td>94</td>
<td>191</td>
<td>58</td>
<td>0.005376</td>
<td>1962126104736</td>
</tr>
<tr>
<td>axtls__k1__q15.cnf</td>
<td>94</td>
<td>191</td>
<td>38</td>
<td>0.004032</td>
<td>975448093536</td>
</tr>
<tr>
<td>axtls__k1__q16.cnf</td>
<td>94</td>
<td>191</td>
<td>58</td>
<td>0.004136</td>
<td>1962126104736</td>
</tr>
<tr>
<td>axtls__k1__q17.cnf</td>
<td>94</td>
<td>191</td>
<td>52</td>
<td>0.004108</td>
<td>654024830976</td>
</tr>
<tr>
<td>axtls__k1__q18.cnf</td>
<td>94</td>
<td>191</td>
<td>44</td>
<td>0.00506</td>
<td>918751060416</td>
</tr>
<tr>
<td>axtls__k1__q19.cnf</td>
<td>94</td>
<td>191</td>
<td>58</td>
<td>0.005236</td>
<td>1962126104736</td>
</tr>
<tr>
<td>axtls__k1__q20.cnf</td>
<td>94</td>
<td>191</td>
<td>52</td>
<td>0.005866</td>
<td>654024830976</td>
</tr>
<tr>
<td>axtls__k1__q21.cnf</td>
<td>94</td>
<td>191</td>
<td>37</td>
<td>0.005343</td>
<td>609962996160</td>
</tr>
<tr>
<td>axtls__k1__q22.cnf</td>
<td>94</td>
<td>191</td>
<td>53</td>
<td>0.005129</td>
<td>981037246464</td>
</tr>
<tr>
<td>axtls__k1__q23.cnf</td>
<td>94</td>
<td>191</td>
<td>57</td>
<td>0.006003</td>
<td>655913687856</td>
</tr>
<tr>
<td>axtls__k1__q24.cnf</td>
<td>94</td>
<td>191</td>
<td>36</td>
<td>0.004542</td>
<td>3743305888</td>
</tr>
<tr>
<td>axtls__k1__q25.cnf</td>
<td>94</td>
<td>191</td>
<td>30</td>
<td>0.005155</td>
<td>606612633984</td>
</tr>
<tr>
<td>axtls__k1__q26.cnf</td>
<td>94</td>
<td>191</td>
<td>52</td>
<td>0.005117</td>
<td>654024830976</td>
</tr>
<tr>
<td>axtls__k1__q27.cnf</td>
<td>94</td>
<td>191</td>
<td>53</td>
<td>0.00536</td>
<td>1957662604800</td>
</tr>
<tr>
<td>axtls__k1__q28.cnf</td>
<td>94</td>
<td>191</td>
<td>54</td>
<td>0.003926</td>
<td>891877848144</td>
</tr>
<tr>
<td>axtls__k1__q29.cnf</td>
<td>94</td>
<td>191</td>
<td>54</td>
<td>0.003925</td>
<td>981037246464</td>
</tr>
<tr>
<td>axtls__k1__q30.cnf</td>
<td>94</td>
<td>191</td>
<td>52</td>
<td>0.003995</td>
<td>1605333676032</td>
</tr>
<tr>
<td>axtls__k1__q31.cnf</td>
<td>94</td>
<td>191</td>
<td>36</td>
<td>0.003761</td>
<td>3743305888</td>
</tr>
<tr>
<td>axtls__k1__q32.cnf</td>
<td>94</td>
<td>191</td>
<td>38</td>
<td>0.005078</td>
<td>1950896187072</td>
</tr>
<tr>
<td>axtls__k1__q33.cnf</td>
<td>94</td>
<td>191</td>
<td>36</td>
<td>0.005168</td>
<td>3743305888</td>
</tr>
<tr>
<td>axtls__k1__q34.cnf</td>
<td>94</td>
<td>191</td>
<td>49</td>
<td>0.006961</td>
<td>535111225344</td>
</tr>
<tr>
<td>axtls__k1__q35.cnf</td>
<td>94</td>
<td>191</td>
<td>41</td>
<td>0.007689</td>
<td>1280334701184</td>
</tr>
<tr>
<td>axtls__k1__q36.cnf</td>
<td>94</td>
<td>191</td>
<td>49</td>
<td>0.007987</td>
<td>535111225344</td>
</tr>
<tr>
<td>axtls__k1__q37.cnf</td>
<td>94</td>
<td>191</td>
<td>52</td>
<td>0.007793</td>
<td>654024830976</td>
</tr>
<tr>
<td>axtls__k1__q38.cnf</td>
<td>94</td>
<td>191</td>
<td>53</td>
<td>0.004244</td>
<td>1957662604800</td>
</tr>
<tr>
<td>axtls__k1__q39.cnf</td>
<td>94</td>
<td>191</td>
<td>53</td>
<td>0.004039</td>
<td>1957662604800</td>
</tr>
<tr>
<td>axtls__k1__q40.cnf</td>
<td>94</td>
<td>191</td>
<td>58</td>
<td>0.006839</td>
<td>981063052368</td>
</tr>
<tr>
<td>axtls__k1__q41.cnf</td>
<td>94</td>
<td>191</td>
<td>41</td>
<td>0.006559</td>
<td>1280334701184</td>
</tr>
<tr>
<td>axtls__k1__q42.cnf</td>
<td>94</td>
<td>191</td>
<td>34</td>
<td>0.003927</td>
<td>973546635264</td>
</tr>
<tr>
<td>axtls__k1__q43.cnf</td>
<td>94</td>
<td>191</td>
<td>38</td>
<td>0.004064</td>
<td>51611808</td>
</tr>
<tr>
<td>axtls__k1__q44.cnf</td>
<td>94</td>
<td>191</td>
<td>53</td>
<td>0.006009</td>
<td>981037246464</td>
</tr>
<tr>
<td>axtls__k1__q45.cnf</td>
<td>94</td>
<td>191</td>
<td>38</td>
<td>0.005334</td>
<td>975448093536</td>
</tr>
<tr>
<td>axtls__k1__q46.cnf</td>
<td>94</td>
<td>191</td>
<td>36</td>
<td>0.005022</td>
<td>609962996160</td>
</tr>
<tr>
<td>axtls__k1__q47.cnf</td>
<td>94</td>
<td>191</td>
<td>34</td>
<td>0.006493</td>
<td>486773317632</td>
</tr>
<tr>
<td>axtls__k1__q48.cnf</td>
<td>94</td>
<td>191</td>
<td>36</td>
<td>0.005565</td>
<td>3743305888</td>
</tr>
<tr>
<td>axtls__k1__q49.cnf</td>
<td>94</td>
<td>191</td>
<td>49</td>
<td>0.006102</td>
<td>356740816896</td>
</tr>
<tr>
<td>axtls__k1__q50.cnf</td>
<td>94</td>
<td>191</td>
<td>52</td>
<td>0.007097</td>
<td>490518623232</td>
</tr>
<tr>
<td>axtls__k1__q51.cnf</td>
<td>94</td>
<td>191</td>
<td>58</td>
<td>0.006044</td>
<td>1962126104736</td>
</tr>
<tr>
<td>axtls__k1__q52.cnf</td>
<td>94</td>
<td>191</td>
<td>37</td>
<td>0.004503</td>
<td>650298729024</td>
</tr>
<tr>
<td>axtls__k1__q53.cnf</td>
<td>94</td>
<td>191</td>
<td>49</td>
<td>0.004662</td>
<td>356740816896</td>
</tr>
<tr>
<td>axtls__k1__q54.cnf</td>
<td>94</td>
<td>191</td>
<td>51</td>
<td>0.004068</td>
<td>981037246464</td>
</tr>
<tr>
<td>axtls__k1__q55.cnf</td>
<td>94</td>
<td>191</td>
<td>49</td>
<td>0.004135</td>
<td>713481633792</td>
</tr>
<tr>
<td>axtls__k1__q56.cnf</td>
<td>94</td>
<td>191</td>
<td>53</td>
<td>0.004512</td>
<td>1957662604800</td>
</tr>
<tr>
<td>axtls__k1__q57.cnf</td>
<td>94</td>
<td>191</td>
<td>53</td>
<td>0.004351</td>
<td>978831302400</td>
</tr>
<tr>
<td>axtls__k1__q58.cnf</td>
<td>94</td>
<td>191</td>
<td>53</td>
<td>0.004705</td>
<td>1957662604800</td>
</tr>
<tr>
<td>axtls__k1__q59.cnf</td>
<td>94</td>
<td>191</td>
<td>35</td>
<td>0.004731</td>
<td>1460319952896</td>
</tr>
<tr>
<td>axtls__k1__q60.cnf</td>
<td>94</td>
<td>191</td>
<td>58</td>
<td>0.006413</td>
<td>981063052368</td>
</tr>
<tr>
<td>axtls__k1__q61.cnf</td>
<td>94</td>
<td>191</td>
<td>54</td>
<td>0.004798</td>
<td>981037246464</td>
</tr>
<tr>
<td>axtls__k1__q62.cnf</td>
<td>94</td>
<td>191</td>
<td>36</td>
<td>0.004062</td>
<td>3743305888</td>
</tr>
<tr>
<td>axtls__k1__q63.cnf</td>
<td>94</td>
<td>191</td>
<td>53</td>
<td>0.004621</td>
<td>981037246464</td>
</tr>
<tr>
<td>axtls__k1__q64.cnf</td>
<td>94</td>
<td>191</td>
<td>54</td>
<td>0.004372</td>
<td>981037246464</td>
</tr>
<tr>
<td>axtls__k1__q65.cnf</td>
<td>94</td>
<td>191</td>
<td>35</td>
<td>0.004301</td>
<td>973546635264</td>
</tr>
<tr>
<td>axtls__k1__q66.cnf</td>
<td>94</td>
<td>191</td>
<td>34</td>
<td>0.005092</td>
<td>1273137626880</td>
</tr>
<tr>
<td>axtls__k1__q67.cnf</td>
<td>94</td>
<td>191</td>
<td>36</td>
<td>0.004133</td>
<td>3743305888</td>
</tr>
<tr>
<td>axtls__k1__q68.cnf</td>
<td>94</td>
<td>191</td>
<td>35</td>
<td>0.004142</td>
<td>1460319952896</td>
</tr>
<tr>
<td>axtls__k1__q69.cnf</td>
<td>94</td>
<td>191</td>
<td>30</td>
<td>0.004432</td>
<td>7197074304</td>
</tr>
<tr>
<td>axtls__k1__q70.cnf</td>
<td>94</td>
<td>191</td>
<td>52</td>
<td>0.004941</td>
<td>654024830976</td>
</tr>
<tr>
<td>axtls__k1__q71.cnf</td>
<td>94</td>
<td>191</td>
<td>45</td>
<td>0.004089</td>
<td>1950706406208</td>
</tr>
<tr>
<td>axtls__k1__q72.cnf</td>
<td>94</td>
<td>191</td>
<td>36</td>
<td>0.00344</td>
<td>973546635264</td>
</tr>
<tr>
<td>axtls__k1__q73.cnf</td>
<td>94</td>
<td>191</td>
<td>37</td>
<td>0.003728</td>
<td>975448093536</td>
</tr>
<tr>
<td>axtls__k1__q74.cnf</td>
<td>94</td>
<td>191</td>
<td>52</td>
<td>0.003771</td>
<td>981037246464</td>
</tr>
<tr>
<td>axtls__k1__q75.cnf</td>
<td>94</td>
<td>191</td>
<td>34</td>
<td>0.003377</td>
<td>1273137626880</td>
</tr>
<tr>
<td>axtls__k1__q76.cnf</td>
<td>94</td>
<td>191</td>
<td>53</td>
<td>0.00395</td>
<td>978831302400</td>
</tr>
<tr>
<td>axtls__k1__q77.cnf</td>
<td>94</td>
<td>191</td>
<td>52</td>
<td>0.003934</td>
<td>654024830976</td>
</tr>
<tr>
<td>axtls__k1__q78.cnf</td>
<td>94</td>
<td>191</td>
<td>34</td>
<td>0.003264</td>
<td>973546635264</td>
</tr>
<tr>
<td>axtls__k1__q79.cnf</td>
<td>94</td>
<td>191</td>
<td>43</td>
<td>0.004069</td>
<td>1280334701184</td>
</tr>
<tr>
<td>axtls__k1__q80.cnf</td>
<td>94</td>
<td>191</td>
<td>54</td>
<td>0.00395</td>
<td>891877848144</td>
</tr>
<tr>
<td>axtls__k1__q81.cnf</td>
<td>94</td>
<td>191</td>
<td>35</td>
<td>0.003534</td>
<td>973546635264</td>
</tr>
<tr>
<td>axtls__k1__q82.cnf</td>
<td>94</td>
<td>191</td>
<td>54</td>
<td>0.004641</td>
<td>981037246464</td>
</tr>
<tr>
<td>axtls__k1__q83.cnf</td>
<td>94</td>
<td>191</td>
<td>52</td>
<td>0.00692</td>
<td>654024830976</td>
</tr>
<tr>
<td>axtls__k1__q84.cnf</td>
<td>94</td>
<td>191</td>
<td>44</td>
<td>0.004505</td>
<td>1837502120832</td>
</tr>
<tr>
<td>axtls__k1__q85.cnf</td>
<td>94</td>
<td>191</td>
<td>54</td>
<td>0.004094</td>
<td>891877848144</td>
</tr>
<tr>
<td>axtls__k1__q86.cnf</td>
<td>94</td>
<td>191</td>
<td>37</td>
<td>0.003623</td>
<td>975448093536</td>
</tr>
<tr>
<td>axtls__k1__q87.cnf</td>
<td>94</td>
<td>191</td>
<td>36</td>
<td>0.003377</td>
<td>973546635264</td>
</tr>
<tr>
<td>axtls__k1__q88.cnf</td>
<td>94</td>
<td>191</td>
<td>52</td>
<td>0.003929</td>
<td>654024830976</td>
</tr>
<tr>
<td>axtls__k1__q89.cnf</td>
<td>94</td>
<td>191</td>
<td>53</td>
<td>0.005258</td>
<td>978831302400</td>
</tr>
<tr>
<td>axtls__k1__q90.cnf</td>
<td>94</td>
<td>191</td>
<td>53</td>
<td>0.004793</td>
<td>981037246464</td>
</tr>
<tr>
<td>axtls__k1__q91.cnf</td>
<td>94</td>
<td>191</td>
<td>35</td>
<td>0.003575</td>
<td>1460319952896</td>
</tr>
<tr>
<td>axtls__k1__q92.cnf</td>
<td>94</td>
<td>191</td>
<td>51</td>
<td>0.004026</td>
<td>490518623232</td>
</tr>
<tr>
<td>axtls__k1__q93.cnf</td>
<td>94</td>
<td>191</td>
<td>38</td>
<td>0.003581</td>
<td>5614958832</td>
</tr>
<tr>
<td>axtls__k1__q0.cnf</td>
<td>94</td>
<td>191</td>
<td>53</td>
<td>0.003975</td>
<td>1957662604800</td>
</tr>
<tr>
<td>axtls__k1__q1.cnf</td>
<td>94</td>
<td>191</td>
<td>54</td>
<td>0.007324</td>
<td>891877848144</td>
</tr>
<tr>
<td>axtls__k1__q2.cnf</td>
<td>94</td>
<td>191</td>
<td>49</td>
<td>0.00379</td>
<td>356740816896</td>
</tr>
<tr>
<td>axtls__k1__q3.cnf</td>
<td>94</td>
<td>191</td>
<td>43</td>
<td>0.004567</td>
<td>1280334701184</td>
</tr>
<tr>
<td>axtls__k1__q4.cnf</td>
<td>94</td>
<td>191</td>
<td>47</td>
<td>0.006806</td>
<td>178370408448</td>
</tr>
<tr>
<td>axtls__k1__q5.cnf</td>
<td>94</td>
<td>191</td>
<td>52</td>
<td>0.007448</td>
<td>654024830976</td>
</tr>
<tr>
<td>axtls__k1__q6.cnf</td>
<td>94</td>
<td>191</td>
<td>43</td>
<td>0.00733</td>
<td>1717181053056</td>
</tr>
<tr>
<td>axtls__k1__q7.cnf</td>
<td>94</td>
<td>191</td>
<td>53</td>
<td>0.006156</td>
<td>978831302400</td>
</tr>
<tr>
<td>axtls__k1__q8.cnf</td>
<td>94</td>
<td>191</td>
<td>30</td>
<td>0.004831</td>
<td>7197074304</td>
</tr>
<tr>
<td>axtls__k1__q9.cnf</td>
<td>94</td>
<td>191</td>
<td>36</td>
<td>0.003892</td>
<td>609962996160</td>
</tr>
<tr>
<td>axtls__k1__q10.cnf</td>
<td>94</td>
<td>191</td>
<td>36</td>
<td>0.003787</td>
<td>609962996160</td>
</tr>
<tr>
<td>axtls__k1__q11.cnf</td>
<td>94</td>
<td>191</td>
<td>54</td>
<td>0.004004</td>
<td>1962074492928</td>
</tr>
<tr>
<td>axtls__k1__q12.cnf</td>
<td>94</td>
<td>191</td>
<td>42</td>
<td>0.004188</td>
<td>1280334701184</td>
</tr>
<tr>
<td>axtls__k1__q13.cnf</td>
<td>94</td>
<td>191</td>
<td>38</td>
<td>0.003454</td>
<td>11229917664</td>
</tr>
<tr>
<td>axtls__k1__q14.cnf</td>
<td>94</td>
<td>191</td>
<td>58</td>
<td>0.004312</td>
<td>1962126104736</td>
</tr>
<tr>
<td>axtls__k1__q15.cnf</td>
<td>94</td>
<td>191</td>
<td>38</td>
<td>0.003554</td>
<td>975448093536</td>
</tr>
<tr>
<td>axtls__k1__q16.cnf</td>
<td>94</td>
<td>191</td>
<td>58</td>
<td>0.004723</td>
<td>1962126104736</td>
</tr>
<tr>
<td>axtls__k1__q17.cnf</td>
<td>94</td>
<td>191</td>
<td>52</td>
<td>0.004506</td>
<td>654024830976</td>
</tr>
<tr>
<td>axtls__k1__q18.cnf</td>
<td>94</td>
<td>191</td>
<td>44</td>
<td>0.006203</td>
<td>918751060416</td>
</tr>
<tr>
<td>axtls__k1__q19.cnf</td>
<td>94</td>
<td>191</td>
<td>58</td>
<td>0.006246</td>
<td>1962126104736</td>
</tr>
<tr>
<td>axtls__k1__q20.cnf</td>
<td>94</td>
<td>191</td>
<td>52</td>
<td>0.004398</td>
<td>654024830976</td>
</tr>
<tr>
<td>axtls__k1__q21.cnf</td>
<td>94</td>
<td>191</td>
<td>37</td>
<td>0.004489</td>
<td>609962996160</td>
</tr>
<tr>
<td>axtls__k1__q22.cnf</td>
<td>94</td>
<td>191</td>
<td>53</td>
<td>0.004731</td>
<td>981037246464</td>
</tr>
<tr>
<td>axtls__k1__q23.cnf</td>
<td>94</td>
<td>191</td>
<td>57</td>
<td>0.004375</td>
<td>655913687856</td>
</tr>
<tr>
<td>axtls__k1__q24.cnf</td>
<td>94</td>
<td>191</td>
<td>36</td>
<td>0.003799</td>
<td>3743305888</td>
</tr>
<tr>
<td>axtls__k1__q25.cnf</td>
<td>94</td>
<td>191</td>
<td>30</td>
<td>0.003793</td>
<td>606612633984</td>
</tr>
<tr>
<td>axtls__k1__q26.cnf</td>
<td>94</td>
<td>191</td>
<td>52</td>
<td>0.004142</td>
<td>654024830976</td>
</tr>
<tr>
<td>axtls__k1__q27.cnf</td>
<td>94</td>
<td>191</td>
<td>53</td>
<td>0.004588</td>
<td>1957662604800</td>
</tr>
<tr>
<td>axtls__k1__q28.cnf</td>
<td>94</td>
<td>191</td>
<td>54</td>
<td>0.005859</td>
<td>891877848144</td>
</tr>
<tr>
<td>axtls__k1__q29.cnf</td>
<td>94</td>
<td>191</td>
<td>54</td>
<td>0.005756</td>
<td>981037246464</td>
</tr>
<tr>
<td>axtls__k1__q30.cnf</td>
<td>94</td>
<td>191</td>
<td>52</td>
<td>0.004523</td>
<td>1605333676032</td>
</tr>
<tr>
<td>axtls__k1__q31.cnf</td>
<td>94</td>
<td>191</td>
<td>36</td>
<td>0.004739</td>
<td>3743305888</td>
</tr>
<tr>
<td>axtls__k1__q32.cnf</td>
<td>94</td>
<td>191</td>
<td>38</td>
<td>0.006614</td>
<td>1950896187072</td>
</tr>
<tr>
<td>axtls__k1__q33.cnf</td>
<td>94</td>
<td>191</td>
<td>36</td>
<td>0.005647</td>
<td>3743305888</td>
</tr>
<tr>
<td>axtls__k1__q34.cnf</td>
<td>94</td>
<td>191</td>
<td>49</td>
<td>0.004213</td>
<td>535111225344</td>
</tr>
<tr>
<td>axtls__k1__q35.cnf</td>
<td>94</td>
<td>191</td>
<td>41</td>
<td>0.004735</td>
<td>1280334701184</td>
</tr>
<tr>
<td>axtls__k1__q36.cnf</td>
<td>94</td>
<td>191</td>
<td>49</td>
<td>0.003944</td>
<td>535111225344</td>
</tr>
<tr>
<td>axtls__k1__q37.cnf</td>
<td>94</td>
<td>191</td>
<td>52</td>
<td>0.004087</td>
<td>654024830976</td>
</tr>
<tr>
<td>axtls__k1__q38.cnf</td>
<td>94</td>
<td>191</td>
<td>53</td>
<td>0.004007</td>
<td>1957662604800</td>
</tr>
<tr>
<td>axtls__k1__q39.cnf</td>
<td>94</td>
<td>191</td>
<td>53</td>
<td>0.003942</td>
<td>1957662604800</td>
</tr>
<tr>
<td>axtls__k1__q40.cnf</td>
<td>94</td>
<td>191</td>
<td>58</td>
<td>0.004469</td>
<td>981063052368</td>
</tr>
<tr>
<td>axtls__k1__q41.cnf</td>
<td>94</td>
<td>191</td>
<td>41</td>
<td>0.004158</td>
<td>1280334701184</td>
</tr>
<tr>
<td>axtls__k1__q42.cnf</td>
<td>94</td>
<td>191</td>
<td>34</td>
<td>0.003492</td>
<td>973546635264</td>
</tr>
<tr>
<td>axtls__k1__q43.cnf</td>
<td>94</td>
<td>191</td>
<td>38</td>
<td>0.003756</td>
<td>51611808</td>
</tr>
<tr>
<td>axtls__k1__q44.cnf</td>
<td>94</td>
<td>191</td>
<td>53</td>
<td>0.003955</td>
<td>981037246464</td>
</tr>
<tr>
<td>axtls__k1__q45.cnf</td>
<td>94</td>
<td>191</td>
<td>38</td>
<td>0.003612</td>
<td>975448093536</td>
</tr>
<tr>
<td>axtls__k1__q46.cnf</td>
<td>94</td>
<td>191</td>
<td>36</td>
<td>0.004034</td>
<td>609962996160</td>
</tr>
<tr>
<td>axtls__k1__q47.cnf</td>
<td>94</td>
<td>191</td>
<td>34</td>
<td>0.003479</td>
<td>486773317632</td>
</tr>
<tr>
<td>axtls__k1__q48.cnf</td>
<td>94</td>
<td>191</td>
<td>36</td>
<td>0.003543</td>
<td>3743305888</td>
</tr>
<tr>
<td>axtls__k1__q49.cnf</td>
<td>94</td>
<td>191</td>
<td>49</td>
<td>0.003812</td>
<td>356740816896</td>
</tr>
<tr>
<td>axtls__k1__q50.cnf</td>
<td>94</td>
<td>191</td>
<td>52</td>
<td>0.004125</td>
<td>490518623232</td>
</tr>
<tr>
<td>axtls__k1__q51.cnf</td>
<td>94</td>
<td>191</td>
<td>58</td>
<td>0.005581</td>
<td>1962126104736</td>
</tr>
<tr>
<td>axtls__k1__q52.cnf</td>
<td>94</td>
<td>191</td>
<td>37</td>
<td>0.004445</td>
<td>650298729024</td>
</tr>
<tr>
<td>axtls__k1__q53.cnf</td>
<td>94</td>
<td>191</td>
<td>49</td>
<td>0.004275</td>
<td>356740816896</td>
</tr>
<tr>
<td>axtls__k1__q54.cnf</td>
<td>94</td>
<td>191</td>
<td>51</td>
<td>0.004706</td>
<td>981037246464</td>
</tr>
<tr>
<td>axtls__k1__q55.cnf</td>
<td>94</td>
<td>191</td>
<td>49</td>
<td>0.004305</td>
<td>713481633792</td>
</tr>
<tr>
<td>axtls__k1__q56.cnf</td>
<td>94</td>
<td>191</td>
<td>53</td>
<td>0.006058</td>
<td>1957662604800</td>
</tr>
<tr>
<td>axtls__k1__q57.cnf</td>
<td>94</td>
<td>191</td>
<td>53</td>
<td>0.005177</td>
<td>978831302400</td>
</tr>
<tr>
<td>axtls__k1__q58.cnf</td>
<td>94</td>
<td>191</td>
<td>53</td>
<td>0.003782</td>
<td>1957662604800</td>
</tr>
<tr>
<td>axtls__k1__q59.cnf</td>
<td>94</td>
<td>191</td>
<td>35</td>
<td>0.003412</td>
<td>1460319952896</td>
</tr>
<tr>
<td>axtls__k1__q60.cnf</td>
<td>94</td>
<td>191</td>
<td>58</td>
<td>0.006776</td>
<td>981063052368</td>
</tr>
<tr>
<td>axtls__k1__q61.cnf</td>
<td>94</td>
<td>191</td>
<td>54</td>
<td>0.006888</td>
<td>981037246464</td>
</tr>
<tr>
<td>axtls__k1__q62.cnf</td>
<td>94</td>
<td>191</td>
<td>36</td>
<td>0.006942</td>
<td>3743305888</td>
</tr>
<tr>
<td>axtls__k1__q63.cnf</td>
<td>94</td>
<td>191</td>
<td>53</td>
<td>0.004624</td>
<td>981037246464</td>
</tr>
<tr>
<td>axtls__k1__q64.cnf</td>
<td>94</td>
<td>191</td>
<td>54</td>
<td>0.004909</td>
<td>981037246464</td>
</tr>
<tr>
<td>axtls__k1__q65.cnf</td>
<td>94</td>
<td>191</td>
<td>35</td>
<td>0.004507</td>
<td>973546635264</td>
</tr>
<tr>
<td>axtls__k1__q66.cnf</td>
<td>94</td>
<td>191</td>
<td>34</td>
<td>0.005166</td>
<td>1273137626880</td>
</tr>
<tr>
<td>axtls__k1__q67.cnf</td>
<td>94</td>
<td>191</td>
<td>36</td>
<td>0.006264</td>
<td>3743305888</td>
</tr>
<tr>
<td>axtls__k1__q68.cnf</td>
<td>94</td>
<td>191</td>
<td>35</td>
<td>0.006587</td>
<td>1460319952896</td>
</tr>
<tr>
<td>axtls__k1__q69.cnf</td>
<td>94</td>
<td>191</td>
<td>30</td>
<td>0.00412</td>
<td>7197074304</td>
</tr>
<tr>
<td>axtls__k1__q70.cnf</td>
<td>94</td>
<td>191</td>
<td>52</td>
<td>0.005154</td>
<td>654024830976</td>
</tr>
<tr>
<td>axtls__k1__q71.cnf</td>
<td>94</td>
<td>191</td>
<td>45</td>
<td>0.007811</td>
<td>1950706406208</td>
</tr>
<tr>
<td>axtls__k1__q72.cnf</td>
<td>94</td>
<td>191</td>
<td>36</td>
<td>0.00529</td>
<td>973546635264</td>
</tr>
<tr>
<td>axtls__k1__q73.cnf</td>
<td>94</td>
<td>191</td>
<td>37</td>
<td>0.005503</td>
<td>975448093536</td>
</tr>
<tr>
<td>axtls__k1__q74.cnf</td>
<td>94</td>
<td>191</td>
<td>52</td>
<td>0.006176</td>
<td>981037246464</td>
</tr>
<tr>
<td>axtls__k1__q75.cnf</td>
<td>94</td>
<td>191</td>
<td>34</td>
<td>0.005662</td>
<td>1273137626880</td>
</tr>
<tr>
<td>axtls__k1__q76.cnf</td>
<td>94</td>
<td>191</td>
<td>53</td>
<td>0.007159</td>
<td>978831302400</td>
</tr>
<tr>
<td>axtls__k1__q77.cnf</td>
<td>94</td>
<td>191</td>
<td>52</td>
<td>0.006866</td>
<td>654024830976</td>
</tr>
<tr>
<td>axtls__k1__q78.cnf</td>
<td>94</td>
<td>191</td>
<td>34</td>
<td>0.00643</td>
<td>973546635264</td>
</tr>
<tr>
<td>axtls__k1__q79.cnf</td>
<td>94</td>
<td>191</td>
<td>43</td>
<td>0.005837</td>
<td>1280334701184</td>
</tr>
<tr>
<td>axtls__k1__q80.cnf</td>
<td>94</td>
<td>191</td>
<td>54</td>
<td>0.005114</td>
<td>891877848144</td>
</tr>
<tr>
<td>axtls__k1__q81.cnf</td>
<td>94</td>
<td>191</td>
<td>35</td>
<td>0.004424</td>
<td>973546635264</td>
</tr>
<tr>
<td>axtls__k1__q82.cnf</td>
<td>94</td>
<td>191</td>
<td>54</td>
<td>0.005112</td>
<td>981037246464</td>
</tr>
<tr>
<td>axtls__k1__q83.cnf</td>
<td>94</td>
<td>191</td>
<td>52</td>
<td>0.005205</td>
<td>654024830976</td>
</tr>
<tr>
<td>axtls__k1__q84.cnf</td>
<td>94</td>
<td>191</td>
<td>44</td>
<td>0.005281</td>
<td>1837502120832</td>
</tr>
<tr>
<td>axtls__k1__q85.cnf</td>
<td>94</td>
<td>191</td>
<td>54</td>
<td>0.005623</td>
<td>891877848144</td>
</tr>
<tr>
<td>axtls__k1__q86.cnf</td>
<td>94</td>
<td>191</td>
<td>37</td>
<td>0.005155</td>
<td>975448093536</td>
</tr>
<tr>
<td>axtls__k1__q87.cnf</td>
<td>94</td>
<td>191</td>
<td>36</td>
<td>0.004481</td>
<td>973546635264</td>
</tr>
<tr>
<td>axtls__k1__q88.cnf</td>
<td>94</td>
<td>191</td>
<td>52</td>
<td>0.003913</td>
<td>654024830976</td>
</tr>
<tr>
<td>axtls__k1__q89.cnf</td>
<td>94</td>
<td>191</td>
<td>53</td>
<td>0.004055</td>
<td>978831302400</td>
</tr>
<tr>
<td>axtls__k1__q90.cnf</td>
<td>94</td>
<td>191</td>
<td>53</td>
<td>0.003823</td>
<td>981037246464</td>
</tr>
<tr>
<td>axtls__k1__q91.cnf</td>
<td>94</td>
<td>191</td>
<td>35</td>
<td>0.003816</td>
<td>1460319952896</td>
</tr>
<tr>
<td>axtls__k1__q92.cnf</td>
<td>94</td>
<td>191</td>
<td>51</td>
<td>0.004216</td>
<td>490518623232</td>
</tr>
<tr>
<td>axtls__k1__q93.cnf</td>
<td>94</td>
<td>191</td>
<td>38</td>
<td>0.004104</td>
<td>5614958832</td>
</tr>
<tr>
<td>axtls__k1__q0.cnf</td>
<td>94</td>
<td>191</td>
<td>53</td>
<td>0.004262</td>
<td>1957662604800</td>
</tr>
<tr>
<td>axtls__k1__q1.cnf</td>
<td>94</td>
<td>191</td>
<td>54</td>
<td>0.004333</td>
<td>891877848144</td>
</tr>
<tr>
<td>axtls__k1__q2.cnf</td>
<td>94</td>
<td>191</td>
<td>49</td>
<td>0.005153</td>
<td>356740816896</td>
</tr>
<tr>
<td>axtls__k1__q3.cnf</td>
<td>94</td>
<td>191</td>
<td>43</td>
<td>0.005493</td>
<td>1280334701184</td>
</tr>
<tr>
<td>axtls__k1__q4.cnf</td>
<td>94</td>
<td>191</td>
<td>47</td>
<td>0.004852</td>
<td>178370408448</td>
</tr>
<tr>
<td>axtls__k1__q5.cnf</td>
<td>94</td>
<td>191</td>
<td>52</td>
<td>0.004591</td>
<td>654024830976</td>
</tr>
<tr>
<td>axtls__k1__q6.cnf</td>
<td>94</td>
<td>191</td>
<td>43</td>
<td>0.005259</td>
<td>1717181053056</td>
</tr>
<tr>
<td>axtls__k1__q7.cnf</td>
<td>94</td>
<td>191</td>
<td>53</td>
<td>0.004066</td>
<td>978831302400</td>
</tr>
<tr>
<td>axtls__k1__q8.cnf</td>
<td>94</td>
<td>191</td>
<td>30</td>
<td>0.00347</td>
<td>7197074304</td>
</tr>
<tr>
<td>axtls__k1__q9.cnf</td>
<td>94</td>
<td>191</td>
<td>36</td>
<td>0.003969</td>
<td>609962996160</td>
</tr>
<tr>
<td>axtls__k1__q10.cnf</td>
<td>94</td>
<td>191</td>
<td>36</td>
<td>0.003961</td>
<td>609962996160</td>
</tr>
<tr>
<td>axtls__k1__q11.cnf</td>
<td>94</td>
<td>191</td>
<td>54</td>
<td>0.004574</td>
<td>1962074492928</td>
</tr>
<tr>
<td>axtls__k1__q12.cnf</td>
<td>94</td>
<td>191</td>
<td>42</td>
<td>0.005067</td>
<td>1280334701184</td>
</tr>
<tr>
<td>axtls__k1__q13.cnf</td>
<td>94</td>
<td>191</td>
<td>38</td>
<td>0.004167</td>
<td>11229917664</td>
</tr>
<tr>
<td>axtls__k1__q14.cnf</td>
<td>94</td>
<td>191</td>
<td>58</td>
<td>0.005038</td>
<td>1962126104736</td>
</tr>
<tr>
<td>axtls__k1__q15.cnf</td>
<td>94</td>
<td>191</td>
<td>38</td>
<td>0.003672</td>
<td>975448093536</td>
</tr>
<tr>
<td>axtls__k1__q16.cnf</td>
<td>94</td>
<td>191</td>
<td>58</td>
<td>0.004396</td>
<td>1962126104736</td>
</tr>
<tr>
<td>axtls__k1__q17.cnf</td>
<td>94</td>
<td>191</td>
<td>52</td>
<td>0.005372</td>
<td>654024830976</td>
</tr>
<tr>
<td>axtls__k1__q18.cnf</td>
<td>94</td>
<td>191</td>
<td>44</td>
<td>0.005768</td>
<td>918751060416</td>
</tr>
<tr>
<td>axtls__k1__q19.cnf</td>
<td>94</td>
<td>191</td>
<td>58</td>
<td>0.005611</td>
<td>1962126104736</td>
</tr>
<tr>
<td>axtls__k1__q20.cnf</td>
<td>94</td>
<td>191</td>
<td>52</td>
<td>0.005232</td>
<td>654024830976</td>
</tr>
<tr>
<td>axtls__k1__q21.cnf</td>
<td>94</td>
<td>191</td>
<td>37</td>
<td>0.003935</td>
<td>609962996160</td>
</tr>
<tr>
<td>axtls__k1__q22.cnf</td>
<td>94</td>
<td>191</td>
<td>53</td>
<td>0.003743</td>
<td>981037246464</td>
</tr>
<tr>
<td>axtls__k1__q23.cnf</td>
<td>94</td>
<td>191</td>
<td>57</td>
<td>0.004217</td>
<td>655913687856</td>
</tr>
<tr>
<td>axtls__k1__q24.cnf</td>
<td>94</td>
<td>191</td>
<td>36</td>
<td>0.003401</td>
<td>3743305888</td>
</tr>
<tr>
<td>axtls__k1__q25.cnf</td>
<td>94</td>
<td>191</td>
<td>30</td>
<td>0.00379</td>
<td>606612633984</td>
</tr>
<tr>
<td>axtls__k1__q26.cnf</td>
<td>94</td>
<td>191</td>
<td>52</td>
<td>0.003877</td>
<td>654024830976</td>
</tr>
<tr>
<td>axtls__k1__q27.cnf</td>
<td>94</td>
<td>191</td>
<td>53</td>
<td>0.004131</td>
<td>1957662604800</td>
</tr>
<tr>
<td>axtls__k1__q28.cnf</td>
<td>94</td>
<td>191</td>
<td>54</td>
<td>0.004184</td>
<td>891877848144</td>
</tr>
<tr>
<td>axtls__k1__q29.cnf</td>
<td>94</td>
<td>191</td>
<td>54</td>
<td>0.005243</td>
<td>981037246464</td>
</tr>
<tr>
<td>axtls__k1__q30.cnf</td>
<td>94</td>
<td>191</td>
<td>52</td>
<td>0.004307</td>
<td>1605333676032</td>
</tr>
<tr>
<td>axtls__k1__q31.cnf</td>
<td>94</td>
<td>191</td>
<td>36</td>
<td>0.003966</td>
<td>3743305888</td>
</tr>
<tr>
<td>axtls__k1__q32.cnf</td>
<td>94</td>
<td>191</td>
<td>38</td>
<td>0.003719</td>
<td>1950896187072</td>
</tr>
<tr>
<td>axtls__k1__q33.cnf</td>
<td>94</td>
<td>191</td>
<td>36</td>
<td>0.003814</td>
<td>3743305888</td>
</tr>
<tr>
<td>axtls__k1__q34.cnf</td>
<td>94</td>
<td>191</td>
<td>49</td>
<td>0.004559</td>
<td>535111225344</td>
</tr>
<tr>
<td>axtls__k1__q35.cnf</td>
<td>94</td>
<td>191</td>
<td>41</td>
<td>0.004658</td>
<td>1280334701184</td>
</tr>
<tr>
<td>axtls__k1__q36.cnf</td>
<td>94</td>
<td>191</td>
<td>49</td>
<td>0.004668</td>
<td>535111225344</td>
</tr>
<tr>
<td>axtls__k1__q37.cnf</td>
<td>94</td>
<td>191</td>
<td>52</td>
<td>0.004494</td>
<td>654024830976</td>
</tr>
<tr>
<td>axtls__k1__q38.cnf</td>
<td>94</td>
<td>191</td>
<td>53</td>
<td>0.00527</td>
<td>1957662604800</td>
</tr>
<tr>
<td>axtls__k1__q39.cnf</td>
<td>94</td>
<td>191</td>
<td>53</td>
<td>0.004874</td>
<td>1957662604800</td>
</tr>
<tr>
<td>axtls__k1__q40.cnf</td>
<td>94</td>
<td>191</td>
<td>58</td>
<td>0.005656</td>
<td>981063052368</td>
</tr>
<tr>
<td>axtls__k1__q41.cnf</td>
<td>94</td>
<td>191</td>
<td>41</td>
<td>0.005154</td>
<td>1280334701184</td>
</tr>
<tr>
<td>axtls__k1__q42.cnf</td>
<td>94</td>
<td>191</td>
<td>34</td>
<td>0.00391</td>
<td>973546635264</td>
</tr>
<tr>
<td>axtls__k1__q43.cnf</td>
<td>94</td>
<td>191</td>
<td>38</td>
<td>0.003505</td>
<td>51611808</td>
</tr>
<tr>
<td>axtls__k1__q44.cnf</td>
<td>94</td>
<td>191</td>
<td>53</td>
<td>0.004158</td>
<td>981037246464</td>
</tr>
<tr>
<td>axtls__k1__q45.cnf</td>
<td>94</td>
<td>191</td>
<td>38</td>
<td>0.004135</td>
<td>975448093536</td>
</tr>
<tr>
<td>axtls__k1__q46.cnf</td>
<td>94</td>
<td>191</td>
<td>36</td>
<td>0.0056</td>
<td>609962996160</td>
</tr>
<tr>
<td>axtls__k1__q47.cnf</td>
<td>94</td>
<td>191</td>
<td>34</td>
<td>0.00439</td>
<td>486773317632</td>
</tr>
<tr>
<td>axtls__k1__q48.cnf</td>
<td>94</td>
<td>191</td>
<td>36</td>
<td>0.004465</td>
<td>3743305888</td>
</tr>
<tr>
<td>axtls__k1__q49.cnf</td>
<td>94</td>
<td>191</td>
<td>49</td>
<td>0.004602</td>
<td>356740816896</td>
</tr>
<tr>
<td>axtls__k1__q50.cnf</td>
<td>94</td>
<td>191</td>
<td>52</td>
<td>0.004021</td>
<td>490518623232</td>
</tr>
<tr>
<td>axtls__k1__q51.cnf</td>
<td>94</td>
<td>191</td>
<td>58</td>
<td>0.005341</td>
<td>1962126104736</td>
</tr>
<tr>
<td>axtls__k1__q52.cnf</td>
<td>94</td>
<td>191</td>
<td>37</td>
<td>0.004738</td>
<td>650298729024</td>
</tr>
<tr>
<td>axtls__k1__q53.cnf</td>
<td>94</td>
<td>191</td>
<td>49</td>
<td>0.004736</td>
<td>356740816896</td>
</tr>
<tr>
<td>axtls__k1__q54.cnf</td>
<td>94</td>
<td>191</td>
<td>51</td>
<td>0.003725</td>
<td>981037246464</td>
</tr>
<tr>
<td>axtls__k1__q55.cnf</td>
<td>94</td>
<td>191</td>
<td>49</td>
<td>0.003679</td>
<td>713481633792</td>
</tr>
<tr>
<td>axtls__k1__q56.cnf</td>
<td>94</td>
<td>191</td>
<td>53</td>
<td>0.003861</td>
<td>1957662604800</td>
</tr>
<tr>
<td>axtls__k1__q57.cnf</td>
<td>94</td>
<td>191</td>
<td>53</td>
<td>0.003927</td>
<td>978831302400</td>
</tr>
<tr>
<td>axtls__k1__q58.cnf</td>
<td>94</td>
<td>191</td>
<td>53</td>
<td>0.004035</td>
<td>1957662604800</td>
</tr>
<tr>
<td>axtls__k1__q59.cnf</td>
<td>94</td>
<td>191</td>
<td>35</td>
<td>0.003368</td>
<td>1460319952896</td>
</tr>
<tr>
<td>axtls__k1__q60.cnf</td>
<td>94</td>
<td>191</td>
<td>58</td>
<td>0.004276</td>
<td>981063052368</td>
</tr>
<tr>
<td>axtls__k1__q61.cnf</td>
<td>94</td>
<td>191</td>
<td>54</td>
<td>0.003851</td>
<td>981037246464</td>
</tr>
<tr>
<td>axtls__k1__q62.cnf</td>
<td>94</td>
<td>191</td>
<td>36</td>
<td>0.003482</td>
<td>3743305888</td>
</tr>
<tr>
<td>axtls__k1__q63.cnf</td>
<td>94</td>
<td>191</td>
<td>53</td>
<td>0.003968</td>
<td>981037246464</td>
</tr>
<tr>
<td>axtls__k1__q64.cnf</td>
<td>94</td>
<td>191</td>
<td>54</td>
<td>0.003907</td>
<td>981037246464</td>
</tr>
<tr>
<td>axtls__k1__q65.cnf</td>
<td>94</td>
<td>191</td>
<td>35</td>
<td>0.003486</td>
<td>973546635264</td>
</tr>
<tr>
<td>axtls__k1__q66.cnf</td>
<td>94</td>
<td>191</td>
<td>34</td>
<td>0.003541</td>
<td>1273137626880</td>
</tr>
<tr>
<td>axtls__k1__q67.cnf</td>
<td>94</td>
<td>191</td>
<td>36</td>
<td>0.003715</td>
<td>3743305888</td>
</tr>
<tr>
<td>axtls__k1__q68.cnf</td>
<td>94</td>
<td>191</td>
<td>35</td>
<td>0.004047</td>
<td>1460319952896</td>
</tr>
<tr>
<td>axtls__k1__q69.cnf</td>
<td>94</td>
<td>191</td>
<td>30</td>
<td>0.003518</td>
<td>7197074304</td>
</tr>
<tr>
<td>axtls__k1__q70.cnf</td>
<td>94</td>
<td>191</td>
<td>52</td>
<td>0.004135</td>
<td>654024830976</td>
</tr>
<tr>
<td>axtls__k1__q71.cnf</td>
<td>94</td>
<td>191</td>
<td>45</td>
<td>0.0042</td>
<td>1950706406208</td>
</tr>
<tr>
<td>axtls__k1__q72.cnf</td>
<td>94</td>
<td>191</td>
<td>36</td>
<td>0.003585</td>
<td>973546635264</td>
</tr>
<tr>
<td>axtls__k1__q73.cnf</td>
<td>94</td>
<td>191</td>
<td>37</td>
<td>0.004042</td>
<td>975448093536</td>
</tr>
<tr>
<td>axtls__k1__q74.cnf</td>
<td>94</td>
<td>191</td>
<td>52</td>
<td>0.005177</td>
<td>981037246464</td>
</tr>
<tr>
<td>axtls__k1__q75.cnf</td>
<td>94</td>
<td>191</td>
<td>34</td>
<td>0.005049</td>
<td>1273137626880</td>
</tr>
<tr>
<td>axtls__k1__q76.cnf</td>
<td>94</td>
<td>191</td>
<td>53</td>
<td>0.004784</td>
<td>978831302400</td>
</tr>
<tr>
<td>axtls__k1__q77.cnf</td>
<td>94</td>
<td>191</td>
<td>52</td>
<td>0.005554</td>
<td>654024830976</td>
</tr>
<tr>
<td>axtls__k1__q78.cnf</td>
<td>94</td>
<td>191</td>
<td>34</td>
<td>0.003483</td>
<td>973546635264</td>
</tr>
<tr>
<td>axtls__k1__q79.cnf</td>
<td>94</td>
<td>191</td>
<td>43</td>
<td>0.004255</td>
<td>1280334701184</td>
</tr>
<tr>
<td>axtls__k1__q80.cnf</td>
<td>94</td>
<td>191</td>
<td>54</td>
<td>0.004597</td>
<td>891877848144</td>
</tr>
<tr>
<td>axtls__k1__q81.cnf</td>
<td>94</td>
<td>191</td>
<td>35</td>
<td>0.00339</td>
<td>973546635264</td>
</tr>
<tr>
<td>axtls__k1__q82.cnf</td>
<td>94</td>
<td>191</td>
<td>54</td>
<td>0.004449</td>
<td>981037246464</td>
</tr>
<tr>
<td>axtls__k1__q83.cnf</td>
<td>94</td>
<td>191</td>
<td>52</td>
<td>0.004197</td>
<td>654024830976</td>
</tr>
<tr>
<td>axtls__k1__q84.cnf</td>
<td>94</td>
<td>191</td>
<td>44</td>
<td>0.004218</td>
<td>1837502120832</td>
</tr>
<tr>
<td>axtls__k1__q85.cnf</td>
<td>94</td>
<td>191</td>
<td>54</td>
<td>0.004119</td>
<td>891877848144</td>
</tr>
<tr>
<td>axtls__k1__q86.cnf</td>
<td>94</td>
<td>191</td>
<td>37</td>
<td>0.004286</td>
<td>975448093536</td>
</tr>
<tr>
<td>axtls__k1__q87.cnf</td>
<td>94</td>
<td>191</td>
<td>36</td>
<td>0.004193</td>
<td>973546635264</td>
</tr>
<tr>
<td>axtls__k1__q88.cnf</td>
<td>94</td>
<td>191</td>
<td>52</td>
<td>0.005019</td>
<td>654024830976</td>
</tr>
<tr>
<td>axtls__k1__q89.cnf</td>
<td>94</td>
<td>191</td>
<td>53</td>
<td>0.004284</td>
<td>978831302400</td>
</tr>
<tr>
<td>axtls__k1__q90.cnf</td>
<td>94</td>
<td>191</td>
<td>53</td>
<td>0.004152</td>
<td>981037246464</td>
</tr>
<tr>
<td>axtls__k1__q91.cnf</td>
<td>94</td>
<td>191</td>
<td>35</td>
<td>0.004452</td>
<td>1460319952896</td>
</tr>
<tr>
<td>axtls__k1__q92.cnf</td>
<td>94</td>
<td>191</td>
<td>51</td>
<td>0.0049</td>
<td>490518623232</td>
</tr>
<tr>
<td>axtls__k1__q93.cnf</td>
<td>94</td>
<td>191</td>
<td>38</td>
<td>0.005138</td>
<td>5614958832</td>
</tr>
<tr>
<td>axtls__k1__q0.cnf</td>
<td>94</td>
<td>191</td>
<td>53</td>
<td>0.004122</td>
<td>1957662604800</td>
</tr>
<tr>
<td>axtls__k1__q1.cnf</td>
<td>94</td>
<td>191</td>
<td>54</td>
<td>0.003961</td>
<td>891877848144</td>
</tr>
<tr>
<td>axtls__k1__q2.cnf</td>
<td>94</td>
<td>191</td>
<td>49</td>
<td>0.003761</td>
<td>356740816896</td>
</tr>
<tr>
<td>axtls__k1__q3.cnf</td>
<td>94</td>
<td>191</td>
<td>43</td>
<td>0.00413</td>
<td>1280334701184</td>
</tr>
<tr>
<td>axtls__k1__q4.cnf</td>
<td>94</td>
<td>191</td>
<td>47</td>
<td>0.003867</td>
<td>178370408448</td>
</tr>
<tr>
<td>axtls__k1__q5.cnf</td>
<td>94</td>
<td>191</td>
<td>52</td>
<td>0.003755</td>
<td>654024830976</td>
</tr>
<tr>
<td>axtls__k1__q6.cnf</td>
<td>94</td>
<td>191</td>
<td>43</td>
<td>0.004483</td>
<td>1717181053056</td>
</tr>
<tr>
<td>axtls__k1__q7.cnf</td>
<td>94</td>
<td>191</td>
<td>53</td>
<td>0.003899</td>
<td>978831302400</td>
</tr>
<tr>
<td>axtls__k1__q8.cnf</td>
<td>94</td>
<td>191</td>
<td>30</td>
<td>0.003419</td>
<td>7197074304</td>
</tr>
<tr>
<td>axtls__k1__q9.cnf</td>
<td>94</td>
<td>191</td>
<td>36</td>
<td>0.003788</td>
<td>609962996160</td>
</tr>
<tr>
<td>axtls__k1__q10.cnf</td>
<td>94</td>
<td>191</td>
<td>36</td>
<td>0.003765</td>
<td>609962996160</td>
</tr>
<tr>
<td>axtls__k1__q11.cnf</td>
<td>94</td>
<td>191</td>
<td>54</td>
<td>0.003943</td>
<td>1962074492928</td>
</tr>
<tr>
<td>axtls__k1__q12.cnf</td>
<td>94</td>
<td>191</td>
<td>42</td>
<td>0.003954</td>
<td>1280334701184</td>
</tr>
<tr>
<td>axtls__k1__q13.cnf</td>
<td>94</td>
<td>191</td>
<td>38</td>
<td>0.003694</td>
<td>11229917664</td>
</tr>
<tr>
<td>axtls__k1__q14.cnf</td>
<td>94</td>
<td>191</td>
<td>58</td>
<td>0.005248</td>
<td>1962126104736</td>
</tr>
<tr>
<td>axtls__k1__q15.cnf</td>
<td>94</td>
<td>191</td>
<td>38</td>
<td>0.004475</td>
<td>975448093536</td>
</tr>
<tr>
<td>axtls__k1__q16.cnf</td>
<td>94</td>
<td>191</td>
<td>58</td>
<td>0.004624</td>
<td>1962126104736</td>
</tr>
<tr>
<td>axtls__k1__q17.cnf</td>
<td>94</td>
<td>191</td>
<td>52</td>
<td>0.003928</td>
<td>654024830976</td>
</tr>
<tr>
<td>axtls__k1__q18.cnf</td>
<td>94</td>
<td>191</td>
<td>44</td>
<td>0.004245</td>
<td>918751060416</td>
</tr>
<tr>
<td>axtls__k1__q19.cnf</td>
<td>94</td>
<td>191</td>
<td>58</td>
<td>0.004158</td>
<td>1962126104736</td>
</tr>
<tr>
<td>axtls__k1__q20.cnf</td>
<td>94</td>
<td>191</td>
<td>52</td>
<td>0.003893</td>
<td>654024830976</td>
</tr>
<tr>
<td>axtls__k1__q21.cnf</td>
<td>94</td>
<td>191</td>
<td>37</td>
<td>0.004114</td>
<td>609962996160</td>
</tr>
<tr>
<td>axtls__k1__q22.cnf</td>
<td>94</td>
<td>191</td>
<td>53</td>
<td>0.003731</td>
<td>981037246464</td>
</tr>
<tr>
<td>axtls__k1__q23.cnf</td>
<td>94</td>
<td>191</td>
<td>57</td>
<td>0.004093</td>
<td>655913687856</td>
</tr>
<tr>
<td>axtls__k1__q24.cnf</td>
<td>94</td>
<td>191</td>
<td>36</td>
<td>0.003455</td>
<td>3743305888</td>
</tr>
<tr>
<td>axtls__k1__q25.cnf</td>
<td>94</td>
<td>191</td>
<td>30</td>
<td>0.004001</td>
<td>606612633984</td>
</tr>
<tr>
<td>axtls__k1__q26.cnf</td>
<td>94</td>
<td>191</td>
<td>52</td>
<td>0.004765</td>
<td>654024830976</td>
</tr>
<tr>
<td>axtls__k1__q27.cnf</td>
<td>94</td>
<td>191</td>
<td>53</td>
<td>0.003885</td>
<td>1957662604800</td>
</tr>
<tr>
<td>axtls__k1__q28.cnf</td>
<td>94</td>
<td>191</td>
<td>54</td>
<td>0.003906</td>
<td>891877848144</td>
</tr>
<tr>
<td>axtls__k1__q29.cnf</td>
<td>94</td>
<td>191</td>
<td>54</td>
<td>0.003832</td>
<td>981037246464</td>
</tr>
<tr>
<td>axtls__k1__q30.cnf</td>
<td>94</td>
<td>191</td>
<td>52</td>
<td>0.004064</td>
<td>1605333676032</td>
</tr>
<tr>
<td>axtls__k1__q31.cnf</td>
<td>94</td>
<td>191</td>
<td>36</td>
<td>0.003428</td>
<td>3743305888</td>
</tr>
<tr>
<td>axtls__k1__q32.cnf</td>
<td>94</td>
<td>191</td>
<td>38</td>
<td>0.003795</td>
<td>1950896187072</td>
</tr>
<tr>
<td>axtls__k1__q33.cnf</td>
<td>94</td>
<td>191</td>
<td>36</td>
<td>0.003597</td>
<td>3743305888</td>
</tr>
<tr>
<td>axtls__k1__q34.cnf</td>
<td>94</td>
<td>191</td>
<td>49</td>
<td>0.004648</td>
<td>535111225344</td>
</tr>
<tr>
<td>axtls__k1__q35.cnf</td>
<td>94</td>
<td>191</td>
<td>41</td>
<td>0.004368</td>
<td>1280334701184</td>
</tr>
<tr>
<td>axtls__k1__q36.cnf</td>
<td>94</td>
<td>191</td>
<td>49</td>
<td>0.003899</td>
<td>535111225344</td>
</tr>
<tr>
<td>axtls__k1__q37.cnf</td>
<td>94</td>
<td>191</td>
<td>52</td>
<td>0.004663</td>
<td>654024830976</td>
</tr>
<tr>
<td>axtls__k1__q38.cnf</td>
<td>94</td>
<td>191</td>
<td>53</td>
<td>0.00525</td>
<td>1957662604800</td>
</tr>
<tr>
<td>axtls__k1__q39.cnf</td>
<td>94</td>
<td>191</td>
<td>53</td>
<td>0.004945</td>
<td>1957662604800</td>
</tr>
<tr>
<td>axtls__k1__q40.cnf</td>
<td>94</td>
<td>191</td>
<td>58</td>
<td>0.004752</td>
<td>981063052368</td>
</tr>
<tr>
<td>axtls__k1__q41.cnf</td>
<td>94</td>
<td>191</td>
<td>41</td>
<td>0.004166</td>
<td>1280334701184</td>
</tr>
<tr>
<td>axtls__k1__q42.cnf</td>
<td>94</td>
<td>191</td>
<td>34</td>
<td>0.003465</td>
<td>973546635264</td>
</tr>
<tr>
<td>axtls__k1__q43.cnf</td>
<td>94</td>
<td>191</td>
<td>38</td>
<td>0.003452</td>
<td>51611808</td>
</tr>
<tr>
<td>axtls__k1__q44.cnf</td>
<td>94</td>
<td>191</td>
<td>53</td>
<td>0.003907</td>
<td>981037246464</td>
</tr>
<tr>
<td>axtls__k1__q45.cnf</td>
<td>94</td>
<td>191</td>
<td>38</td>
<td>0.004672</td>
<td>975448093536</td>
</tr>
<tr>
<td>axtls__k1__q46.cnf</td>
<td>94</td>
<td>191</td>
<td>36</td>
<td>0.005822</td>
<td>609962996160</td>
</tr>
<tr>
<td>axtls__k1__q47.cnf</td>
<td>94</td>
<td>191</td>
<td>34</td>
<td>0.004493</td>
<td>486773317632</td>
</tr>
<tr>
<td>axtls__k1__q48.cnf</td>
<td>94</td>
<td>191</td>
<td>36</td>
<td>0.004554</td>
<td>3743305888</td>
</tr>
<tr>
<td>axtls__k1__q49.cnf</td>
<td>94</td>
<td>191</td>
<td>49</td>
<td>0.005066</td>
<td>356740816896</td>
</tr>
<tr>
<td>axtls__k1__q50.cnf</td>
<td>94</td>
<td>191</td>
<td>52</td>
<td>0.005418</td>
<td>490518623232</td>
</tr>
<tr>
<td>axtls__k1__q51.cnf</td>
<td>94</td>
<td>191</td>
<td>58</td>
<td>0.005007</td>
<td>1962126104736</td>
</tr>
<tr>
<td>axtls__k1__q52.cnf</td>
<td>94</td>
<td>191</td>
<td>37</td>
<td>0.003555</td>
<td>650298729024</td>
</tr>
<tr>
<td>axtls__k1__q53.cnf</td>
<td>94</td>
<td>191</td>
<td>49</td>
<td>0.003922</td>
<td>356740816896</td>
</tr>
<tr>
<td>axtls__k1__q54.cnf</td>
<td>94</td>
<td>191</td>
<td>51</td>
<td>0.00412</td>
<td>981037246464</td>
</tr>
<tr>
<td>axtls__k1__q55.cnf</td>
<td>94</td>
<td>191</td>
<td>49</td>
<td>0.004585</td>
<td>713481633792</td>
</tr>
<tr>
<td>axtls__k1__q56.cnf</td>
<td>94</td>
<td>191</td>
<td>53</td>
<td>0.004302</td>
<td>1957662604800</td>
</tr>
<tr>
<td>axtls__k1__q57.cnf</td>
<td>94</td>
<td>191</td>
<td>53</td>
<td>0.003873</td>
<td>978831302400</td>
</tr>
<tr>
<td>axtls__k1__q58.cnf</td>
<td>94</td>
<td>191</td>
<td>53</td>
<td>0.003991</td>
<td>1957662604800</td>
</tr>
<tr>
<td>axtls__k1__q59.cnf</td>
<td>94</td>
<td>191</td>
<td>35</td>
<td>0.003698</td>
<td>1460319952896</td>
</tr>
<tr>
<td>axtls__k1__q60.cnf</td>
<td>94</td>
<td>191</td>
<td>58</td>
<td>0.00521</td>
<td>981063052368</td>
</tr>
<tr>
<td>axtls__k1__q61.cnf</td>
<td>94</td>
<td>191</td>
<td>54</td>
<td>0.004174</td>
<td>981037246464</td>
</tr>
<tr>
<td>axtls__k1__q62.cnf</td>
<td>94</td>
<td>191</td>
<td>36</td>
<td>0.003738</td>
<td>3743305888</td>
</tr>
<tr>
<td>axtls__k1__q63.cnf</td>
<td>94</td>
<td>191</td>
<td>53</td>
<td>0.00401</td>
<td>981037246464</td>
</tr>
<tr>
<td>axtls__k1__q64.cnf</td>
<td>94</td>
<td>191</td>
<td>54</td>
<td>0.004183</td>
<td>981037246464</td>
</tr>
<tr>
<td>axtls__k1__q65.cnf</td>
<td>94</td>
<td>191</td>
<td>35</td>
<td>0.003613</td>
<td>973546635264</td>
</tr>
<tr>
<td>axtls__k1__q66.cnf</td>
<td>94</td>
<td>191</td>
<td>34</td>
<td>0.00389</td>
<td>1273137626880</td>
</tr>
<tr>
<td>axtls__k1__q67.cnf</td>
<td>94</td>
<td>191</td>
<td>36</td>
<td>0.003995</td>
<td>3743305888</td>
</tr>
<tr>
<td>axtls__k1__q68.cnf</td>
<td>94</td>
<td>191</td>
<td>35</td>
<td>0.003948</td>
<td>1460319952896</td>
</tr>
<tr>
<td>axtls__k1__q69.cnf</td>
<td>94</td>
<td>191</td>
<td>30</td>
<td>0.004136</td>
<td>7197074304</td>
</tr>
<tr>
<td>axtls__k1__q70.cnf</td>
<td>94</td>
<td>191</td>
<td>52</td>
<td>0.006714</td>
<td>654024830976</td>
</tr>
<tr>
<td>axtls__k1__q71.cnf</td>
<td>94</td>
<td>191</td>
<td>45</td>
<td>0.006644</td>
<td>1950706406208</td>
</tr>
<tr>
<td>axtls__k1__q72.cnf</td>
<td>94</td>
<td>191</td>
<td>36</td>
<td>0.004258</td>
<td>973546635264</td>
</tr>
<tr>
<td>axtls__k1__q73.cnf</td>
<td>94</td>
<td>191</td>
<td>37</td>
<td>0.004121</td>
<td>975448093536</td>
</tr>
<tr>
<td>axtls__k1__q74.cnf</td>
<td>94</td>
<td>191</td>
<td>52</td>
<td>0.005022</td>
<td>981037246464</td>
</tr>
<tr>
<td>axtls__k1__q75.cnf</td>
<td>94</td>
<td>191</td>
<td>34</td>
<td>0.004352</td>
<td>1273137626880</td>
</tr>
<tr>
<td>axtls__k1__q76.cnf</td>
<td>94</td>
<td>191</td>
<td>53</td>
<td>0.006794</td>
<td>978831302400</td>
</tr>
<tr>
<td>axtls__k1__q77.cnf</td>
<td>94</td>
<td>191</td>
<td>52</td>
<td>0.006813</td>
<td>654024830976</td>
</tr>
<tr>
<td>axtls__k1__q78.cnf</td>
<td>94</td>
<td>191</td>
<td>34</td>
<td>0.00524</td>
<td>973546635264</td>
</tr>
<tr>
<td>axtls__k1__q79.cnf</td>
<td>94</td>
<td>191</td>
<td>43</td>
<td>0.006097</td>
<td>1280334701184</td>
</tr>
<tr>
<td>axtls__k1__q80.cnf</td>
<td>94</td>
<td>191</td>
<td>54</td>
<td>0.007966</td>
<td>891877848144</td>
</tr>
<tr>
<td>axtls__k1__q81.cnf</td>
<td>94</td>
<td>191</td>
<td>35</td>
<td>0.007381</td>
<td>973546635264</td>
</tr>
<tr>
<td>axtls__k1__q82.cnf</td>
<td>94</td>
<td>191</td>
<td>54</td>
<td>0.006302</td>
<td>981037246464</td>
</tr>
<tr>
<td>axtls__k1__q83.cnf</td>
<td>94</td>
<td>191</td>
<td>52</td>
<td>0.006072</td>
<td>654024830976</td>
</tr>
<tr>
<td>axtls__k1__q84.cnf</td>
<td>94</td>
<td>191</td>
<td>44</td>
<td>0.004981</td>
<td>1837502120832</td>
</tr>
<tr>
<td>axtls__k1__q85.cnf</td>
<td>94</td>
<td>191</td>
<td>54</td>
<td>0.005217</td>
<td>891877848144</td>
</tr>
<tr>
<td>axtls__k1__q86.cnf</td>
<td>94</td>
<td>191</td>
<td>37</td>
<td>0.006098</td>
<td>975448093536</td>
</tr>
<tr>
<td>axtls__k1__q87.cnf</td>
<td>94</td>
<td>191</td>
<td>36</td>
<td>0.006983</td>
<td>973546635264</td>
</tr>
<tr>
<td>axtls__k1__q88.cnf</td>
<td>94</td>
<td>191</td>
<td>52</td>
<td>0.007098</td>
<td>654024830976</td>
</tr>
<tr>
<td>axtls__k1__q89.cnf</td>
<td>94</td>
<td>191</td>
<td>53</td>
<td>0.006018</td>
<td>978831302400</td>
</tr>
<tr>
<td>axtls__k1__q90.cnf</td>
<td>94</td>
<td>191</td>
<td>53</td>
<td>0.006903</td>
<td>981037246464</td>
</tr>
<tr>
<td>axtls__k1__q91.cnf</td>
<td>94</td>
<td>191</td>
<td>35</td>
<td>0.004253</td>
<td>1460319952896</td>
</tr>
<tr>
<td>axtls__k1__q92.cnf</td>
<td>94</td>
<td>191</td>
<td>51</td>
<td>0.004595</td>
<td>490518623232</td>
</tr>
<tr>
<td>axtls__k1__q93.cnf</td>
<td>94</td>
<td>191</td>
<td>38</td>
<td>0.004176</td>
<td>5614958832</td>
</tr>
<tr>
<td>axtls__k1__q0.cnf</td>
<td>94</td>
<td>191</td>
<td>53</td>
<td>0.004988</td>
<td>1957662604800</td>
</tr>
<tr>
<td>axtls__k1__q1.cnf</td>
<td>94</td>
<td>191</td>
<td>54</td>
<td>0.005504</td>
<td>891877848144</td>
</tr>
<tr>
<td>axtls__k1__q2.cnf</td>
<td>94</td>
<td>191</td>
<td>49</td>
<td>0.005429</td>
<td>356740816896</td>
</tr>
<tr>
<td>axtls__k1__q3.cnf</td>
<td>94</td>
<td>191</td>
<td>43</td>
<td>0.004895</td>
<td>1280334701184</td>
</tr>
<tr>
<td>axtls__k1__q4.cnf</td>
<td>94</td>
<td>191</td>
<td>47</td>
<td>0.003867</td>
<td>178370408448</td>
</tr>
<tr>
<td>axtls__k1__q5.cnf</td>
<td>94</td>
<td>191</td>
<td>52</td>
<td>0.003911</td>
<td>654024830976</td>
</tr>
<tr>
<td>axtls__k1__q6.cnf</td>
<td>94</td>
<td>191</td>
<td>43</td>
<td>0.004559</td>
<td>1717181053056</td>
</tr>
<tr>
<td>axtls__k1__q7.cnf</td>
<td>94</td>
<td>191</td>
<td>53</td>
<td>0.003805</td>
<td>978831302400</td>
</tr>
<tr>
<td>axtls__k1__q8.cnf</td>
<td>94</td>
<td>191</td>
<td>30</td>
<td>0.00352</td>
<td>7197074304</td>
</tr>
<tr>
<td>axtls__k1__q9.cnf</td>
<td>94</td>
<td>191</td>
<td>36</td>
<td>0.004645</td>
<td>609962996160</td>
</tr>
<tr>
<td>axtls__k1__q10.cnf</td>
<td>94</td>
<td>191</td>
<td>36</td>
<td>0.006989</td>
<td>609962996160</td>
</tr>
<tr>
<td>axtls__k1__q11.cnf</td>
<td>94</td>
<td>191</td>
<td>54</td>
<td>0.006819</td>
<td>1962074492928</td>
</tr>
<tr>
<td>axtls__k1__q12.cnf</td>
<td>94</td>
<td>191</td>
<td>42</td>
<td>0.00598</td>
<td>1280334701184</td>
</tr>
<tr>
<td>axtls__k1__q13.cnf</td>
<td>94</td>
<td>191</td>
<td>38</td>
<td>0.005163</td>
<td>11229917664</td>
</tr>
<tr>
<td>axtls__k1__q14.cnf</td>
<td>94</td>
<td>191</td>
<td>58</td>
<td>0.004308</td>
<td>1962126104736</td>
</tr>
<tr>
<td>axtls__k1__q15.cnf</td>
<td>94</td>
<td>191</td>
<td>38</td>
<td>0.003925</td>
<td>975448093536</td>
</tr>
<tr>
<td>axtls__k1__q16.cnf</td>
<td>94</td>
<td>191</td>
<td>58</td>
<td>0.005666</td>
<td>1962126104736</td>
</tr>
<tr>
<td>axtls__k1__q17.cnf</td>
<td>94</td>
<td>191</td>
<td>52</td>
<td>0.005162</td>
<td>654024830976</td>
</tr>
<tr>
<td>axtls__k1__q18.cnf</td>
<td>94</td>
<td>191</td>
<td>44</td>
<td>0.004319</td>
<td>918751060416</td>
</tr>
<tr>
<td>axtls__k1__q19.cnf</td>
<td>94</td>
<td>191</td>
<td>58</td>
<td>0.004423</td>
<td>1962126104736</td>
</tr>
<tr>
<td>axtls__k1__q20.cnf</td>
<td>94</td>
<td>191</td>
<td>52</td>
<td>0.003966</td>
<td>654024830976</td>
</tr>
<tr>
<td>axtls__k1__q21.cnf</td>
<td>94</td>
<td>191</td>
<td>37</td>
<td>0.004616</td>
<td>609962996160</td>
</tr>
<tr>
<td>axtls__k1__q22.cnf</td>
<td>94</td>
<td>191</td>
<td>53</td>
<td>0.004522</td>
<td>981037246464</td>
</tr>
<tr>
<td>axtls__k1__q23.cnf</td>
<td>94</td>
<td>191</td>
<td>57</td>
<td>0.004361</td>
<td>655913687856</td>
</tr>
<tr>
<td>axtls__k1__q24.cnf</td>
<td>94</td>
<td>191</td>
<td>36</td>
<td>0.003485</td>
<td>3743305888</td>
</tr>
<tr>
<td>axtls__k1__q25.cnf</td>
<td>94</td>
<td>191</td>
<td>30</td>
<td>0.003605</td>
<td>606612633984</td>
</tr>
<tr>
<td>axtls__k1__q26.cnf</td>
<td>94</td>
<td>191</td>
<td>52</td>
<td>0.004499</td>
<td>654024830976</td>
</tr>
<tr>
<td>axtls__k1__q27.cnf</td>
<td>94</td>
<td>191</td>
<td>53</td>
<td>0.005489</td>
<td>1957662604800</td>
</tr>
<tr>
<td>axtls__k1__q28.cnf</td>
<td>94</td>
<td>191</td>
<td>54</td>
<td>0.005027</td>
<td>891877848144</td>
</tr>
<tr>
<td>axtls__k1__q29.cnf</td>
<td>94</td>
<td>191</td>
<td>54</td>
<td>0.005269</td>
<td>981037246464</td>
</tr>
<tr>
<td>axtls__k1__q30.cnf</td>
<td>94</td>
<td>191</td>
<td>52</td>
<td>0.005107</td>
<td>1605333676032</td>
</tr>
<tr>
<td>axtls__k1__q31.cnf</td>
<td>94</td>
<td>191</td>
<td>36</td>
<td>0.004995</td>
<td>3743305888</td>
</tr>
<tr>
<td>axtls__k1__q32.cnf</td>
<td>94</td>
<td>191</td>
<td>38</td>
<td>0.00388</td>
<td>1950896187072</td>
</tr>
<tr>
<td>axtls__k1__q33.cnf</td>
<td>94</td>
<td>191</td>
<td>36</td>
<td>0.003603</td>
<td>3743305888</td>
</tr>
<tr>
<td>axtls__k1__q34.cnf</td>
<td>94</td>
<td>191</td>
<td>49</td>
<td>0.004326</td>
<td>535111225344</td>
</tr>
<tr>
<td>axtls__k1__q35.cnf</td>
<td>94</td>
<td>191</td>
<td>41</td>
<td>0.004605</td>
<td>1280334701184</td>
</tr>
<tr>
<td>axtls__k1__q36.cnf</td>
<td>94</td>
<td>191</td>
<td>49</td>
<td>0.004642</td>
<td>535111225344</td>
</tr>
<tr>
<td>axtls__k1__q37.cnf</td>
<td>94</td>
<td>191</td>
<td>52</td>
<td>0.004969</td>
<td>654024830976</td>
</tr>
<tr>
<td>axtls__k1__q38.cnf</td>
<td>94</td>
<td>191</td>
<td>53</td>
<td>0.004702</td>
<td>1957662604800</td>
</tr>
<tr>
<td>axtls__k1__q39.cnf</td>
<td>94</td>
<td>191</td>
<td>53</td>
<td>0.004858</td>
<td>1957662604800</td>
</tr>
<tr>
<td>axtls__k1__q40.cnf</td>
<td>94</td>
<td>191</td>
<td>58</td>
<td>0.005207</td>
<td>981063052368</td>
</tr>
<tr>
<td>axtls__k1__q41.cnf</td>
<td>94</td>
<td>191</td>
<td>41</td>
<td>0.004514</td>
<td>1280334701184</td>
</tr>
<tr>
<td>axtls__k1__q42.cnf</td>
<td>94</td>
<td>191</td>
<td>34</td>
<td>0.003838</td>
<td>973546635264</td>
</tr>
<tr>
<td>axtls__k1__q43.cnf</td>
<td>94</td>
<td>191</td>
<td>38</td>
<td>0.003685</td>
<td>51611808</td>
</tr>
<tr>
<td>axtls__k1__q44.cnf</td>
<td>94</td>
<td>191</td>
<td>53</td>
<td>0.003909</td>
<td>981037246464</td>
</tr>
<tr>
<td>axtls__k1__q45.cnf</td>
<td>94</td>
<td>191</td>
<td>38</td>
<td>0.003989</td>
<td>975448093536</td>
</tr>
<tr>
<td>axtls__k1__q46.cnf</td>
<td>94</td>
<td>191</td>
<td>36</td>
<td>0.005463</td>
<td>609962996160</td>
</tr>
<tr>
<td>axtls__k1__q47.cnf</td>
<td>94</td>
<td>191</td>
<td>34</td>
<td>0.005211</td>
<td>486773317632</td>
</tr>
<tr>
<td>axtls__k1__q48.cnf</td>
<td>94</td>
<td>191</td>
<td>36</td>
<td>0.005205</td>
<td>3743305888</td>
</tr>
<tr>
<td>axtls__k1__q49.cnf</td>
<td>94</td>
<td>191</td>
<td>49</td>
<td>0.007146</td>
<td>356740816896</td>
</tr>
<tr>
<td>axtls__k1__q50.cnf</td>
<td>94</td>
<td>191</td>
<td>52</td>
<td>0.006496</td>
<td>490518623232</td>
</tr>
<tr>
<td>axtls__k1__q51.cnf</td>
<td>94</td>
<td>191</td>
<td>58</td>
<td>0.006103</td>
<td>1962126104736</td>
</tr>
<tr>
<td>axtls__k1__q52.cnf</td>
<td>94</td>
<td>191</td>
<td>37</td>
<td>0.004551</td>
<td>650298729024</td>
</tr>
<tr>
<td>axtls__k1__q53.cnf</td>
<td>94</td>
<td>191</td>
<td>49</td>
<td>0.005923</td>
<td>356740816896</td>
</tr>
<tr>
<td>axtls__k1__q54.cnf</td>
<td>94</td>
<td>191</td>
<td>51</td>
<td>0.005603</td>
<td>981037246464</td>
</tr>
<tr>
<td>axtls__k1__q55.cnf</td>
<td>94</td>
<td>191</td>
<td>49</td>
<td>0.004915</td>
<td>713481633792</td>
</tr>
<tr>
<td>axtls__k1__q56.cnf</td>
<td>94</td>
<td>191</td>
<td>53</td>
<td>0.006012</td>
<td>1957662604800</td>
</tr>
<tr>
<td>axtls__k1__q57.cnf</td>
<td>94</td>
<td>191</td>
<td>53</td>
<td>0.008261</td>
<td>978831302400</td>
</tr>
<tr>
<td>axtls__k1__q58.cnf</td>
<td>94</td>
<td>191</td>
<td>53</td>
<td>0.0069</td>
<td>1957662604800</td>
</tr>
<tr>
<td>axtls__k1__q59.cnf</td>
<td>94</td>
<td>191</td>
<td>35</td>
<td>0.005827</td>
<td>1460319952896</td>
</tr>
<tr>
<td>axtls__k1__q60.cnf</td>
<td>94</td>
<td>191</td>
<td>58</td>
<td>0.007175</td>
<td>981063052368</td>
</tr>
<tr>
<td>axtls__k1__q61.cnf</td>
<td>94</td>
<td>191</td>
<td>54</td>
<td>0.005759</td>
<td>981037246464</td>
</tr>
<tr>
<td>axtls__k1__q62.cnf</td>
<td>94</td>
<td>191</td>
<td>36</td>
<td>0.006405</td>
<td>3743305888</td>
</tr>
<tr>
<td>axtls__k1__q63.cnf</td>
<td>94</td>
<td>191</td>
<td>53</td>
<td>0.007793</td>
<td>981037246464</td>
</tr>
<tr>
<td>axtls__k1__q64.cnf</td>
<td>94</td>
<td>191</td>
<td>54</td>
<td>0.007033</td>
<td>981037246464</td>
</tr>
<tr>
<td>axtls__k1__q65.cnf</td>
<td>94</td>
<td>191</td>
<td>35</td>
<td>0.005426</td>
<td>973546635264</td>
</tr>
<tr>
<td>axtls__k1__q66.cnf</td>
<td>94</td>
<td>191</td>
<td>34</td>
<td>0.003761</td>
<td>1273137626880</td>
</tr>
<tr>
<td>axtls__k1__q67.cnf</td>
<td>94</td>
<td>191</td>
<td>36</td>
<td>0.003689</td>
<td>3743305888</td>
</tr>
<tr>
<td>axtls__k1__q68.cnf</td>
<td>94</td>
<td>191</td>
<td>35</td>
<td>0.004249</td>
<td>1460319952896</td>
</tr>
<tr>
<td>axtls__k1__q69.cnf</td>
<td>94</td>
<td>191</td>
<td>30</td>
<td>0.005667</td>
<td>7197074304</td>
</tr>
<tr>
<td>axtls__k1__q70.cnf</td>
<td>94</td>
<td>191</td>
<td>52</td>
<td>0.007934</td>
<td>654024830976</td>
</tr>
<tr>
<td>axtls__k1__q71.cnf</td>
<td>94</td>
<td>191</td>
<td>45</td>
<td>0.008593</td>
<td>1950706406208</td>
</tr>
<tr>
<td>axtls__k1__q72.cnf</td>
<td>94</td>
<td>191</td>
<td>36</td>
<td>0.004398</td>
<td>973546635264</td>
</tr>
<tr>
<td>axtls__k1__q73.cnf</td>
<td>94</td>
<td>191</td>
<td>37</td>
<td>0.004326</td>
<td>975448093536</td>
</tr>
<tr>
<td>axtls__k1__q74.cnf</td>
<td>94</td>
<td>191</td>
<td>52</td>
<td>0.006259</td>
<td>981037246464</td>
</tr>
<tr>
<td>axtls__k1__q75.cnf</td>
<td>94</td>
<td>191</td>
<td>34</td>
<td>0.004619</td>
<td>1273137626880</td>
</tr>
<tr>
<td>axtls__k1__q76.cnf</td>
<td>94</td>
<td>191</td>
<td>53</td>
<td>0.004038</td>
<td>978831302400</td>
</tr>
<tr>
<td>axtls__k1__q77.cnf</td>
<td>94</td>
<td>191</td>
<td>52</td>
<td>0.003997</td>
<td>654024830976</td>
</tr>
<tr>
<td>axtls__k1__q78.cnf</td>
<td>94</td>
<td>191</td>
<td>34</td>
<td>0.00344</td>
<td>973546635264</td>
</tr>
<tr>
<td>axtls__k1__q79.cnf</td>
<td>94</td>
<td>191</td>
<td>43</td>
<td>0.0041</td>
<td>1280334701184</td>
</tr>
<tr>
<td>axtls__k1__q80.cnf</td>
<td>94</td>
<td>191</td>
<td>54</td>
<td>0.004057</td>
<td>891877848144</td>
</tr>
<tr>
<td>axtls__k1__q81.cnf</td>
<td>94</td>
<td>191</td>
<td>35</td>
<td>0.00473</td>
<td>973546635264</td>
</tr>
<tr>
<td>axtls__k1__q82.cnf</td>
<td>94</td>
<td>191</td>
<td>54</td>
<td>0.007738</td>
<td>981037246464</td>
</tr>
<tr>
<td>axtls__k1__q83.cnf</td>
<td>94</td>
<td>191</td>
<td>52</td>
<td>0.008069</td>
<td>654024830976</td>
</tr>
<tr>
<td>axtls__k1__q84.cnf</td>
<td>94</td>
<td>191</td>
<td>44</td>
<td>0.007417</td>
<td>1837502120832</td>
</tr>
<tr>
<td>axtls__k1__q85.cnf</td>
<td>94</td>
<td>191</td>
<td>54</td>
<td>0.006299</td>
<td>891877848144</td>
</tr>
<tr>
<td>axtls__k1__q86.cnf</td>
<td>94</td>
<td>191</td>
<td>37</td>
<td>0.005091</td>
<td>975448093536</td>
</tr>
<tr>
<td>axtls__k1__q87.cnf</td>
<td>94</td>
<td>191</td>
<td>36</td>
<td>0.004753</td>
<td>973546635264</td>
</tr>
<tr>
<td>axtls__k1__q88.cnf</td>
<td>94</td>
<td>191</td>
<td>52</td>
<td>0.005624</td>
<td>654024830976</td>
</tr>
<tr>
<td>axtls__k1__q89.cnf</td>
<td>94</td>
<td>191</td>
<td>53</td>
<td>0.006173</td>
<td>978831302400</td>
</tr>
<tr>
<td>axtls__k1__q90.cnf</td>
<td>94</td>
<td>191</td>
<td>53</td>
<td>0.006314</td>
<td>981037246464</td>
</tr>
<tr>
<td>axtls__k1__q91.cnf</td>
<td>94</td>
<td>191</td>
<td>35</td>
<td>0.00486</td>
<td>1460319952896</td>
</tr>
<tr>
<td>axtls__k1__q92.cnf</td>
<td>94</td>
<td>191</td>
<td>51</td>
<td>0.005459</td>
<td>490518623232</td>
</tr>
<tr>
<td>axtls__k1__q93.cnf</td>
<td>94</td>
<td>191</td>
<td>38</td>
<td>0.004401</td>
<td>5614958832</td>
</tr>
<tr>
<td>axtls__k1__q0.cnf</td>
<td>94</td>
<td>191</td>
<td>53</td>
<td>0.005248</td>
<td>1957662604800</td>
</tr>
<tr>
<td>axtls__k1__q1.cnf</td>
<td>94</td>
<td>191</td>
<td>54</td>
<td>0.005226</td>
<td>891877848144</td>
</tr>
<tr>
<td>axtls__k1__q2.cnf</td>
<td>94</td>
<td>191</td>
<td>49</td>
<td>0.004651</td>
<td>356740816896</td>
</tr>
<tr>
<td>axtls__k1__q3.cnf</td>
<td>94</td>
<td>191</td>
<td>43</td>
<td>0.004923</td>
<td>1280334701184</td>
</tr>
<tr>
<td>axtls__k1__q4.cnf</td>
<td>94</td>
<td>191</td>
<td>47</td>
<td>0.004343</td>
<td>178370408448</td>
</tr>
<tr>
<td>axtls__k1__q5.cnf</td>
<td>94</td>
<td>191</td>
<td>52</td>
<td>0.005052</td>
<td>654024830976</td>
</tr>
<tr>
<td>axtls__k1__q6.cnf</td>
<td>94</td>
<td>191</td>
<td>43</td>
<td>0.006199</td>
<td>1717181053056</td>
</tr>
<tr>
<td>axtls__k1__q7.cnf</td>
<td>94</td>
<td>191</td>
<td>53</td>
<td>0.006299</td>
<td>978831302400</td>
</tr>
<tr>
<td>axtls__k1__q8.cnf</td>
<td>94</td>
<td>191</td>
<td>30</td>
<td>0.004651</td>
<td>7197074304</td>
</tr>
<tr>
<td>axtls__k1__q9.cnf</td>
<td>94</td>
<td>191</td>
<td>36</td>
<td>0.006032</td>
<td>609962996160</td>
</tr>
<tr>
<td>axtls__k1__q10.cnf</td>
<td>94</td>
<td>191</td>
<td>36</td>
<td>0.005152</td>
<td>609962996160</td>
</tr>
<tr>
<td>axtls__k1__q11.cnf</td>
<td>94</td>
<td>191</td>
<td>54</td>
<td>0.006661</td>
<td>1962074492928</td>
</tr>
<tr>
<td>axtls__k1__q12.cnf</td>
<td>94</td>
<td>191</td>
<td>42</td>
<td>0.006462</td>
<td>1280334701184</td>
</tr>
<tr>
<td>axtls__k1__q13.cnf</td>
<td>94</td>
<td>191</td>
<td>38</td>
<td>0.004016</td>
<td>11229917664</td>
</tr>
<tr>
<td>axtls__k1__q14.cnf</td>
<td>94</td>
<td>191</td>
<td>58</td>
<td>0.005154</td>
<td>1962126104736</td>
</tr>
<tr>
<td>axtls__k1__q15.cnf</td>
<td>94</td>
<td>191</td>
<td>38</td>
<td>0.006095</td>
<td>975448093536</td>
</tr>
<tr>
<td>axtls__k1__q16.cnf</td>
<td>94</td>
<td>191</td>
<td>58</td>
<td>0.005872</td>
<td>1962126104736</td>
</tr>
<tr>
<td>axtls__k1__q17.cnf</td>
<td>94</td>
<td>191</td>
<td>52</td>
<td>0.005217</td>
<td>654024830976</td>
</tr>
<tr>
<td>axtls__k1__q18.cnf</td>
<td>94</td>
<td>191</td>
<td>44</td>
<td>0.004781</td>
<td>918751060416</td>
</tr>
<tr>
<td>axtls__k1__q19.cnf</td>
<td>94</td>
<td>191</td>
<td>58</td>
<td>0.005355</td>
<td>1962126104736</td>
</tr>
<tr>
<td>axtls__k1__q20.cnf</td>
<td>94</td>
<td>191</td>
<td>52</td>
<td>0.003803</td>
<td>654024830976</td>
</tr>
<tr>
<td>axtls__k1__q21.cnf</td>
<td>94</td>
<td>191</td>
<td>37</td>
<td>0.004063</td>
<td>609962996160</td>
</tr>
<tr>
<td>axtls__k1__q22.cnf</td>
<td>94</td>
<td>191</td>
<td>53</td>
<td>0.003806</td>
<td>981037246464</td>
</tr>
<tr>
<td>axtls__k1__q23.cnf</td>
<td>94</td>
<td>191</td>
<td>57</td>
<td>0.005298</td>
<td>655913687856</td>
</tr>
<tr>
<td>axtls__k1__q24.cnf</td>
<td>94</td>
<td>191</td>
<td>36</td>
<td>0.003807</td>
<td>3743305888</td>
</tr>
<tr>
<td>axtls__k1__q25.cnf</td>
<td>94</td>
<td>191</td>
<td>30</td>
<td>0.003625</td>
<td>606612633984</td>
</tr>
<tr>
<td>axtls__k1__q26.cnf</td>
<td>94</td>
<td>191</td>
<td>52</td>
<td>0.003961</td>
<td>654024830976</td>
</tr>
<tr>
<td>axtls__k1__q27.cnf</td>
<td>94</td>
<td>191</td>
<td>53</td>
<td>0.004335</td>
<td>1957662604800</td>
</tr>
<tr>
<td>axtls__k1__q28.cnf</td>
<td>94</td>
<td>191</td>
<td>54</td>
<td>0.004245</td>
<td>891877848144</td>
</tr>
<tr>
<td>axtls__k1__q29.cnf</td>
<td>94</td>
<td>191</td>
<td>54</td>
<td>0.004399</td>
<td>981037246464</td>
</tr>
<tr>
<td>axtls__k1__q30.cnf</td>
<td>94</td>
<td>191</td>
<td>52</td>
<td>0.003717</td>
<td>1605333676032</td>
</tr>
<tr>
<td>axtls__k1__q31.cnf</td>
<td>94</td>
<td>191</td>
<td>36</td>
<td>0.003867</td>
<td>3743305888</td>
</tr>
<tr>
<td>axtls__k1__q32.cnf</td>
<td>94</td>
<td>191</td>
<td>38</td>
<td>0.003573</td>
<td>1950896187072</td>
</tr>
<tr>
<td>axtls__k1__q33.cnf</td>
<td>94</td>
<td>191</td>
<td>36</td>
<td>0.003504</td>
<td>3743305888</td>
</tr>
<tr>
<td>axtls__k1__q34.cnf</td>
<td>94</td>
<td>191</td>
<td>49</td>
<td>0.004285</td>
<td>535111225344</td>
</tr>
<tr>
<td>axtls__k1__q35.cnf</td>
<td>94</td>
<td>191</td>
<td>41</td>
<td>0.004398</td>
<td>1280334701184</td>
</tr>
<tr>
<td>axtls__k1__q36.cnf</td>
<td>94</td>
<td>191</td>
<td>49</td>
<td>0.004333</td>
<td>535111225344</td>
</tr>
<tr>
<td>axtls__k1__q37.cnf</td>
<td>94</td>
<td>191</td>
<td>52</td>
<td>0.006038</td>
<td>654024830976</td>
</tr>
<tr>
<td>axtls__k1__q38.cnf</td>
<td>94</td>
<td>191</td>
<td>53</td>
<td>0.00441</td>
<td>1957662604800</td>
</tr>
<tr>
<td>axtls__k1__q39.cnf</td>
<td>94</td>
<td>191</td>
<td>53</td>
<td>0.004181</td>
<td>1957662604800</td>
</tr>
<tr>
<td>axtls__k1__q40.cnf</td>
<td>94</td>
<td>191</td>
<td>58</td>
<td>0.004675</td>
<td>981063052368</td>
</tr>
<tr>
<td>axtls__k1__q41.cnf</td>
<td>94</td>
<td>191</td>
<td>41</td>
<td>0.005056</td>
<td>1280334701184</td>
</tr>
<tr>
<td>axtls__k1__q42.cnf</td>
<td>94</td>
<td>191</td>
<td>34</td>
<td>0.004482</td>
<td>973546635264</td>
</tr>
<tr>
<td>axtls__k1__q43.cnf</td>
<td>94</td>
<td>191</td>
<td>38</td>
<td>0.005266</td>
<td>51611808</td>
</tr>
<tr>
<td>axtls__k1__q44.cnf</td>
<td>94</td>
<td>191</td>
<td>53</td>
<td>0.006032</td>
<td>981037246464</td>
</tr>
<tr>
<td>axtls__k1__q45.cnf</td>
<td>94</td>
<td>191</td>
<td>38</td>
<td>0.005477</td>
<td>975448093536</td>
</tr>
<tr>
<td>axtls__k1__q46.cnf</td>
<td>94</td>
<td>191</td>
<td>36</td>
<td>0.006495</td>
<td>609962996160</td>
</tr>
<tr>
<td>axtls__k1__q47.cnf</td>
<td>94</td>
<td>191</td>
<td>34</td>
<td>0.007188</td>
<td>486773317632</td>
</tr>
<tr>
<td>axtls__k1__q48.cnf</td>
<td>94</td>
<td>191</td>
<td>36</td>
<td>0.007956</td>
<td>3743305888</td>
</tr>
<tr>
<td>axtls__k1__q49.cnf</td>
<td>94</td>
<td>191</td>
<td>49</td>
<td>0.007538</td>
<td>356740816896</td>
</tr>
<tr>
<td>axtls__k1__q50.cnf</td>
<td>94</td>
<td>191</td>
<td>52</td>
<td>0.006665</td>
<td>490518623232</td>
</tr>
<tr>
<td>axtls__k1__q51.cnf</td>
<td>94</td>
<td>191</td>
<td>58</td>
<td>0.005665</td>
<td>1962126104736</td>
</tr>
<tr>
<td>axtls__k1__q52.cnf</td>
<td>94</td>
<td>191</td>
<td>37</td>
<td>0.005543</td>
<td>650298729024</td>
</tr>
<tr>
<td>axtls__k1__q53.cnf</td>
<td>94</td>
<td>191</td>
<td>49</td>
<td>0.005543</td>
<td>356740816896</td>
</tr>
<tr>
<td>axtls__k1__q54.cnf</td>
<td>94</td>
<td>191</td>
<td>51</td>
<td>0.007156</td>
<td>981037246464</td>
</tr>
<tr>
<td>axtls__k1__q55.cnf</td>
<td>94</td>
<td>191</td>
<td>49</td>
<td>0.005692</td>
<td>713481633792</td>
</tr>
<tr>
<td>axtls__k1__q56.cnf</td>
<td>94</td>
<td>191</td>
<td>53</td>
<td>0.003812</td>
<td>1957662604800</td>
</tr>
<tr>
<td>axtls__k1__q57.cnf</td>
<td>94</td>
<td>191</td>
<td>53</td>
<td>0.004926</td>
<td>978831302400</td>
</tr>
<tr>
<td>axtls__k1__q58.cnf</td>
<td>94</td>
<td>191</td>
<td>53</td>
<td>0.005295</td>
<td>1957662604800</td>
</tr>
<tr>
<td>axtls__k1__q59.cnf</td>
<td>94</td>
<td>191</td>
<td>35</td>
<td>0.004044</td>
<td>1460319952896</td>
</tr>
<tr>
<td>axtls__k1__q60.cnf</td>
<td>94</td>
<td>191</td>
<td>58</td>
<td>0.004846</td>
<td>981063052368</td>
</tr>
<tr>
<td>axtls__k1__q61.cnf</td>
<td>94</td>
<td>191</td>
<td>54</td>
<td>0.004493</td>
<td>981037246464</td>
</tr>
<tr>
<td>axtls__k1__q62.cnf</td>
<td>94</td>
<td>191</td>
<td>36</td>
<td>0.004824</td>
<td>3743305888</td>
</tr>
<tr>
<td>axtls__k1__q63.cnf</td>
<td>94</td>
<td>191</td>
<td>53</td>
<td>0.003928</td>
<td>981037246464</td>
</tr>
<tr>
<td>axtls__k1__q64.cnf</td>
<td>94</td>
<td>191</td>
<td>54</td>
<td>0.004122</td>
<td>981037246464</td>
</tr>
<tr>
<td>axtls__k1__q65.cnf</td>
<td>94</td>
<td>191</td>
<td>35</td>
<td>0.003857</td>
<td>973546635264</td>
</tr>
<tr>
<td>axtls__k1__q66.cnf</td>
<td>94</td>
<td>191</td>
<td>34</td>
<td>0.004537</td>
<td>1273137626880</td>
</tr>
<tr>
<td>axtls__k1__q67.cnf</td>
<td>94</td>
<td>191</td>
<td>36</td>
<td>0.004045</td>
<td>3743305888</td>
</tr>
<tr>
<td>axtls__k1__q68.cnf</td>
<td>94</td>
<td>191</td>
<td>35</td>
<td>0.003543</td>
<td>1460319952896</td>
</tr>
<tr>
<td>axtls__k1__q69.cnf</td>
<td>94</td>
<td>191</td>
<td>30</td>
<td>0.003353</td>
<td>7197074304</td>
</tr>
<tr>
<td>axtls__k1__q70.cnf</td>
<td>94</td>
<td>191</td>
<td>52</td>
<td>0.003765</td>
<td>654024830976</td>
</tr>
<tr>
<td>axtls__k1__q71.cnf</td>
<td>94</td>
<td>191</td>
<td>45</td>
<td>0.004114</td>
<td>1950706406208</td>
</tr>
<tr>
<td>axtls__k1__q72.cnf</td>
<td>94</td>
<td>191</td>
<td>36</td>
<td>0.004187</td>
<td>973546635264</td>
</tr>
<tr>
<td>axtls__k1__q73.cnf</td>
<td>94</td>
<td>191</td>
<td>37</td>
<td>0.003539</td>
<td>975448093536</td>
</tr>
<tr>
<td>axtls__k1__q74.cnf</td>
<td>94</td>
<td>191</td>
<td>52</td>
<td>0.003871</td>
<td>981037246464</td>
</tr>
<tr>
<td>axtls__k1__q75.cnf</td>
<td>94</td>
<td>191</td>
<td>34</td>
<td>0.003845</td>
<td>1273137626880</td>
</tr>
<tr>
<td>axtls__k1__q76.cnf</td>
<td>94</td>
<td>191</td>
<td>53</td>
<td>0.004586</td>
<td>978831302400</td>
</tr>
<tr>
<td>axtls__k1__q77.cnf</td>
<td>94</td>
<td>191</td>
<td>52</td>
<td>0.005255</td>
<td>654024830976</td>
</tr>
<tr>
<td>axtls__k1__q78.cnf</td>
<td>94</td>
<td>191</td>
<td>34</td>
<td>0.004516</td>
<td>973546635264</td>
</tr>
<tr>
<td>axtls__k1__q79.cnf</td>
<td>94</td>
<td>191</td>
<td>43</td>
<td>0.004963</td>
<td>1280334701184</td>
</tr>
<tr>
<td>axtls__k1__q80.cnf</td>
<td>94</td>
<td>191</td>
<td>54</td>
<td>0.003919</td>
<td>891877848144</td>
</tr>
<tr>
<td>axtls__k1__q81.cnf</td>
<td>94</td>
<td>191</td>
<td>35</td>
<td>0.003325</td>
<td>973546635264</td>
</tr>
<tr>
<td>axtls__k1__q82.cnf</td>
<td>94</td>
<td>191</td>
<td>54</td>
<td>0.003871</td>
<td>981037246464</td>
</tr>
<tr>
<td>axtls__k1__q83.cnf</td>
<td>94</td>
<td>191</td>
<td>52</td>
<td>0.003908</td>
<td>654024830976</td>
</tr>
<tr>
<td>axtls__k1__q84.cnf</td>
<td>94</td>
<td>191</td>
<td>44</td>
<td>0.004068</td>
<td>1837502120832</td>
</tr>
<tr>
<td>axtls__k1__q85.cnf</td>
<td>94</td>
<td>191</td>
<td>54</td>
<td>0.004444</td>
<td>891877848144</td>
</tr>
<tr>
<td>axtls__k1__q86.cnf</td>
<td>94</td>
<td>191</td>
<td>37</td>
<td>0.003622</td>
<td>975448093536</td>
</tr>
<tr>
<td>axtls__k1__q87.cnf</td>
<td>94</td>
<td>191</td>
<td>36</td>
<td>0.003497</td>
<td>973546635264</td>
</tr>
<tr>
<td>axtls__k1__q88.cnf</td>
<td>94</td>
<td>191</td>
<td>52</td>
<td>0.004049</td>
<td>654024830976</td>
</tr>
<tr>
<td>axtls__k1__q89.cnf</td>
<td>94</td>
<td>191</td>
<td>53</td>
<td>0.003765</td>
<td>978831302400</td>
</tr>
<tr>
<td>axtls__k1__q90.cnf</td>
<td>94</td>
<td>191</td>
<td>53</td>
<td>0.003712</td>
<td>981037246464</td>
</tr>
<tr>
<td>axtls__k1__q91.cnf</td>
<td>94</td>
<td>191</td>
<td>35</td>
<td>0.003452</td>
<td>1460319952896</td>
</tr>
<tr>
<td>axtls__k1__q92.cnf</td>
<td>94</td>
<td>191</td>
<td>51</td>
<td>0.003883</td>
<td>490518623232</td>
</tr>
<tr>
<td>axtls__k1__q93.cnf</td>
<td>94</td>
<td>191</td>
<td>38</td>
<td>0.003776</td>
<td>5614958832</td>
</tr>
<tr>
<td>axtls__k1__q0.cnf</td>
<td>94</td>
<td>191</td>
<td>53</td>
<td>0.005007</td>
<td>1957662604800</td>
</tr>
<tr>
<td>axtls__k1__q1.cnf</td>
<td>94</td>
<td>191</td>
<td>54</td>
<td>0.005059</td>
<td>891877848144</td>
</tr>
<tr>
<td>axtls__k1__q2.cnf</td>
<td>94</td>
<td>191</td>
<td>49</td>
<td>0.004039</td>
<td>356740816896</td>
</tr>
<tr>
<td>axtls__k1__q3.cnf</td>
<td>94</td>
<td>191</td>
<td>43</td>
<td>0.004633</td>
<td>1280334701184</td>
</tr>
<tr>
<td>axtls__k1__q4.cnf</td>
<td>94</td>
<td>191</td>
<td>47</td>
<td>0.003768</td>
<td>178370408448</td>
</tr>
<tr>
<td>axtls__k1__q5.cnf</td>
<td>94</td>
<td>191</td>
<td>52</td>
<td>0.003826</td>
<td>654024830976</td>
</tr>
<tr>
<td>axtls__k1__q6.cnf</td>
<td>94</td>
<td>191</td>
<td>43</td>
<td>0.004466</td>
<td>1717181053056</td>
</tr>
<tr>
<td>axtls__k1__q7.cnf</td>
<td>94</td>
<td>191</td>
<td>53</td>
<td>0.004237</td>
<td>978831302400</td>
</tr>
<tr>
<td>axtls__k1__q8.cnf</td>
<td>94</td>
<td>191</td>
<td>30</td>
<td>0.003526</td>
<td>7197074304</td>
</tr>
<tr>
<td>axtls__k1__q9.cnf</td>
<td>94</td>
<td>191</td>
<td>36</td>
<td>0.003911</td>
<td>609962996160</td>
</tr>
<tr>
<td>axtls__k1__q10.cnf</td>
<td>94</td>
<td>191</td>
<td>36</td>
<td>0.003994</td>
<td>609962996160</td>
</tr>
<tr>
<td>axtls__k1__q11.cnf</td>
<td>94</td>
<td>191</td>
<td>54</td>
<td>0.00392</td>
<td>1962074492928</td>
</tr>
<tr>
<td>axtls__k1__q12.cnf</td>
<td>94</td>
<td>191</td>
<td>42</td>
<td>0.004514</td>
<td>1280334701184</td>
</tr>
<tr>
<td>axtls__k1__q13.cnf</td>
<td>94</td>
<td>191</td>
<td>38</td>
<td>0.003576</td>
<td>11229917664</td>
</tr>
<tr>
<td>axtls__k1__q14.cnf</td>
<td>94</td>
<td>191</td>
<td>58</td>
<td>0.005232</td>
<td>1962126104736</td>
</tr>
<tr>
<td>axtls__k1__q15.cnf</td>
<td>94</td>
<td>191</td>
<td>38</td>
<td>0.005886</td>
<td>975448093536</td>
</tr>
<tr>
<td>axtls__k1__q16.cnf</td>
<td>94</td>
<td>191</td>
<td>58</td>
<td>0.006756</td>
<td>1962126104736</td>
</tr>
<tr>
<td>axtls__k1__q17.cnf</td>
<td>94</td>
<td>191</td>
<td>52</td>
<td>0.005188</td>
<td>654024830976</td>
</tr>
<tr>
<td>axtls__k1__q18.cnf</td>
<td>94</td>
<td>191</td>
<td>44</td>
<td>0.005265</td>
<td>918751060416</td>
</tr>
<tr>
<td>axtls__k1__q19.cnf</td>
<td>94</td>
<td>191</td>
<td>58</td>
<td>0.004805</td>
<td>1962126104736</td>
</tr>
<tr>
<td>axtls__k1__q20.cnf</td>
<td>94</td>
<td>191</td>
<td>52</td>
<td>0.004614</td>
<td>654024830976</td>
</tr>
<tr>
<td>axtls__k1__q21.cnf</td>
<td>94</td>
<td>191</td>
<td>37</td>
<td>0.003794</td>
<td>609962996160</td>
</tr>
<tr>
<td>axtls__k1__q22.cnf</td>
<td>94</td>
<td>191</td>
<td>53</td>
<td>0.003808</td>
<td>981037246464</td>
</tr>
<tr>
<td>axtls__k1__q23.cnf</td>
<td>94</td>
<td>191</td>
<td>57</td>
<td>0.005178</td>
<td>655913687856</td>
</tr>
<tr>
<td>axtls__k1__q24.cnf</td>
<td>94</td>
<td>191</td>
<td>36</td>
<td>0.004928</td>
<td>3743305888</td>
</tr>
<tr>
<td>axtls__k1__q25.cnf</td>
<td>94</td>
<td>191</td>
<td>30</td>
<td>0.003753</td>
<td>606612633984</td>
</tr>
<tr>
<td>axtls__k1__q26.cnf</td>
<td>94</td>
<td>191</td>
<td>52</td>
<td>0.004172</td>
<td>654024830976</td>
</tr>
<tr>
<td>axtls__k1__q27.cnf</td>
<td>94</td>
<td>191</td>
<td>53</td>
<td>0.005826</td>
<td>1957662604800</td>
</tr>
<tr>
<td>axtls__k1__q28.cnf</td>
<td>94</td>
<td>191</td>
<td>54</td>
<td>0.005696</td>
<td>891877848144</td>
</tr>
<tr>
<td>axtls__k1__q29.cnf</td>
<td>94</td>
<td>191</td>
<td>54</td>
<td>0.006936</td>
<td>981037246464</td>
</tr>
<tr>
<td>axtls__k1__q30.cnf</td>
<td>94</td>
<td>191</td>
<td>52</td>
<td>0.006893</td>
<td>1605333676032</td>
</tr>
<tr>
<td>axtls__k1__q31.cnf</td>
<td>94</td>
<td>191</td>
<td>36</td>
<td>0.004084</td>
<td>3743305888</td>
</tr>
<tr>
<td>axtls__k1__q32.cnf</td>
<td>94</td>
<td>191</td>
<td>38</td>
<td>0.004075</td>
<td>1950896187072</td>
</tr>
<tr>
<td>axtls__k1__q33.cnf</td>
<td>94</td>
<td>191</td>
<td>36</td>
<td>0.003651</td>
<td>3743305888</td>
</tr>
<tr>
<td>axtls__k1__q34.cnf</td>
<td>94</td>
<td>191</td>
<td>49</td>
<td>0.003854</td>
<td>535111225344</td>
</tr>
<tr>
<td>axtls__k1__q35.cnf</td>
<td>94</td>
<td>191</td>
<td>41</td>
<td>0.004075</td>
<td>1280334701184</td>
</tr>
<tr>
<td>axtls__k1__q36.cnf</td>
<td>94</td>
<td>191</td>
<td>49</td>
<td>0.004296</td>
<td>535111225344</td>
</tr>
<tr>
<td>axtls__k1__q37.cnf</td>
<td>94</td>
<td>191</td>
<td>52</td>
<td>0.004285</td>
<td>654024830976</td>
</tr>
<tr>
<td>axtls__k1__q38.cnf</td>
<td>94</td>
<td>191</td>
<td>53</td>
<td>0.004531</td>
<td>1957662604800</td>
</tr>
<tr>
<td>axtls__k1__q39.cnf</td>
<td>94</td>
<td>191</td>
<td>53</td>
<td>0.005034</td>
<td>1957662604800</td>
</tr>
<tr>
<td>axtls__k1__q40.cnf</td>
<td>94</td>
<td>191</td>
<td>58</td>
<td>0.008469</td>
<td>981063052368</td>
</tr>
<tr>
<td>axtls__k1__q41.cnf</td>
<td>94</td>
<td>191</td>
<td>41</td>
<td>0.008096</td>
<td>1280334701184</td>
</tr>
<tr>
<td>axtls__k1__q42.cnf</td>
<td>94</td>
<td>191</td>
<td>34</td>
<td>0.006595</td>
<td>973546635264</td>
</tr>
<tr>
<td>axtls__k1__q43.cnf</td>
<td>94</td>
<td>191</td>
<td>38</td>
<td>0.006153</td>
<td>51611808</td>
</tr>
<tr>
<td>axtls__k1__q44.cnf</td>
<td>94</td>
<td>191</td>
<td>53</td>
<td>0.008851</td>
<td>981037246464</td>
</tr>
<tr>
<td>axtls__k1__q45.cnf</td>
<td>94</td>
<td>191</td>
<td>38</td>
<td>0.007145</td>
<td>975448093536</td>
</tr>
<tr>
<td>axtls__k1__q46.cnf</td>
<td>94</td>
<td>191</td>
<td>36</td>
<td>0.005971</td>
<td>609962996160</td>
</tr>
<tr>
<td>axtls__k1__q47.cnf</td>
<td>94</td>
<td>191</td>
<td>34</td>
<td>0.004564</td>
<td>486773317632</td>
</tr>
<tr>
<td>axtls__k1__q48.cnf</td>
<td>94</td>
<td>191</td>
<td>36</td>
<td>0.006309</td>
<td>3743305888</td>
</tr>
<tr>
<td>axtls__k1__q49.cnf</td>
<td>94</td>
<td>191</td>
<td>49</td>
<td>0.007065</td>
<td>356740816896</td>
</tr>
<tr>
<td>axtls__k1__q50.cnf</td>
<td>94</td>
<td>191</td>
<td>52</td>
<td>0.006904</td>
<td>490518623232</td>
</tr>
<tr>
<td>axtls__k1__q51.cnf</td>
<td>94</td>
<td>191</td>
<td>58</td>
<td>0.005904</td>
<td>1962126104736</td>
</tr>
<tr>
<td>axtls__k1__q52.cnf</td>
<td>94</td>
<td>191</td>
<td>37</td>
<td>0.008339</td>
<td>650298729024</td>
</tr>
<tr>
<td>axtls__k1__q53.cnf</td>
<td>94</td>
<td>191</td>
<td>49</td>
<td>0.006157</td>
<td>356740816896</td>
</tr>
<tr>
<td>axtls__k1__q54.cnf</td>
<td>94</td>
<td>191</td>
<td>51</td>
<td>0.00567</td>
<td>981037246464</td>
</tr>
<tr>
<td>axtls__k1__q55.cnf</td>
<td>94</td>
<td>191</td>
<td>49</td>
<td>0.003891</td>
<td>713481633792</td>
</tr>
<tr>
<td>axtls__k1__q56.cnf</td>
<td>94</td>
<td>191</td>
<td>53</td>
<td>0.004533</td>
<td>1957662604800</td>
</tr>
<tr>
<td>axtls__k1__q57.cnf</td>
<td>94</td>
<td>191</td>
<td>53</td>
<td>0.005144</td>
<td>978831302400</td>
</tr>
<tr>
<td>axtls__k1__q58.cnf</td>
<td>94</td>
<td>191</td>
<td>53</td>
<td>0.004802</td>
<td>1957662604800</td>
</tr>
<tr>
<td>axtls__k1__q59.cnf</td>
<td>94</td>
<td>191</td>
<td>35</td>
<td>0.004961</td>
<td>1460319952896</td>
</tr>
<tr>
<td>axtls__k1__q60.cnf</td>
<td>94</td>
<td>191</td>
<td>58</td>
<td>0.005202</td>
<td>981063052368</td>
</tr>
<tr>
<td>axtls__k1__q61.cnf</td>
<td>94</td>
<td>191</td>
<td>54</td>
<td>0.004559</td>
<td>981037246464</td>
</tr>
<tr>
<td>axtls__k1__q62.cnf</td>
<td>94</td>
<td>191</td>
<td>36</td>
<td>0.004697</td>
<td>3743305888</td>
</tr>
<tr>
<td>axtls__k1__q63.cnf</td>
<td>94</td>
<td>191</td>
<td>53</td>
<td>0.006014</td>
<td>981037246464</td>
</tr>
<tr>
<td>axtls__k1__q64.cnf</td>
<td>94</td>
<td>191</td>
<td>54</td>
<td>0.005383</td>
<td>981037246464</td>
</tr>
<tr>
<td>axtls__k1__q65.cnf</td>
<td>94</td>
<td>191</td>
<td>35</td>
<td>0.004514</td>
<td>973546635264</td>
</tr>
<tr>
<td>axtls__k1__q66.cnf</td>
<td>94</td>
<td>191</td>
<td>34</td>
<td>0.004986</td>
<td>1273137626880</td>
</tr>
<tr>
<td>axtls__k1__q67.cnf</td>
<td>94</td>
<td>191</td>
<td>36</td>
<td>0.005423</td>
<td>3743305888</td>
</tr>
<tr>
<td>axtls__k1__q68.cnf</td>
<td>94</td>
<td>191</td>
<td>35</td>
<td>0.005251</td>
<td>1460319952896</td>
</tr>
<tr>
<td>axtls__k1__q69.cnf</td>
<td>94</td>
<td>191</td>
<td>30</td>
<td>0.003648</td>
<td>7197074304</td>
</tr>
<tr>
<td>axtls__k1__q70.cnf</td>
<td>94</td>
<td>191</td>
<td>52</td>
<td>0.003795</td>
<td>654024830976</td>
</tr>
<tr>
<td>axtls__k1__q71.cnf</td>
<td>94</td>
<td>191</td>
<td>45</td>
<td>0.005846</td>
<td>1950706406208</td>
</tr>
<tr>
<td>axtls__k1__q72.cnf</td>
<td>94</td>
<td>191</td>
<td>36</td>
<td>0.006495</td>
<td>973546635264</td>
</tr>
<tr>
<td>axtls__k1__q73.cnf</td>
<td>94</td>
<td>191</td>
<td>37</td>
<td>0.004745</td>
<td>975448093536</td>
</tr>
<tr>
<td>axtls__k1__q74.cnf</td>
<td>94</td>
<td>191</td>
<td>52</td>
<td>0.035533</td>
<td>981037246464</td>
</tr>
<tr>
<td>axtls__k1__q75.cnf</td>
<td>94</td>
<td>191</td>
<td>34</td>
<td>0.007229</td>
<td>1273137626880</td>
</tr>
<tr>
<td>axtls__k1__q76.cnf</td>
<td>94</td>
<td>191</td>
<td>53</td>
<td>0.007964</td>
<td>978831302400</td>
</tr>
<tr>
<td>axtls__k1__q77.cnf</td>
<td>94</td>
<td>191</td>
<td>52</td>
<td>0.006669</td>
<td>654024830976</td>
</tr>
<tr>
<td>axtls__k1__q78.cnf</td>
<td>94</td>
<td>191</td>
<td>34</td>
<td>0.005257</td>
<td>973546635264</td>
</tr>
<tr>
<td>axtls__k1__q79.cnf</td>
<td>94</td>
<td>191</td>
<td>43</td>
<td>0.004711</td>
<td>1280334701184</td>
</tr>
<tr>
<td>axtls__k1__q80.cnf</td>
<td>94</td>
<td>191</td>
<td>54</td>
<td>0.004047</td>
<td>891877848144</td>
</tr>
<tr>
<td>axtls__k1__q81.cnf</td>
<td>94</td>
<td>191</td>
<td>35</td>
<td>0.003343</td>
<td>973546635264</td>
</tr>
<tr>
<td>axtls__k1__q82.cnf</td>
<td>94</td>
<td>191</td>
<td>54</td>
<td>0.003793</td>
<td>981037246464</td>
</tr>
<tr>
<td>axtls__k1__q83.cnf</td>
<td>94</td>
<td>191</td>
<td>52</td>
<td>0.003939</td>
<td>654024830976</td>
</tr>
<tr>
<td>axtls__k1__q84.cnf</td>
<td>94</td>
<td>191</td>
<td>44</td>
<td>0.004352</td>
<td>1837502120832</td>
</tr>
<tr>
<td>axtls__k1__q85.cnf</td>
<td>94</td>
<td>191</td>
<td>54</td>
<td>0.004121</td>
<td>891877848144</td>
</tr>
<tr>
<td>axtls__k1__q86.cnf</td>
<td>94</td>
<td>191</td>
<td>37</td>
<td>0.003554</td>
<td>975448093536</td>
</tr>
<tr>
<td>axtls__k1__q87.cnf</td>
<td>94</td>
<td>191</td>
<td>36</td>
<td>0.003491</td>
<td>973546635264</td>
</tr>
<tr>
<td>axtls__k1__q88.cnf</td>
<td>94</td>
<td>191</td>
<td>52</td>
<td>0.003877</td>
<td>654024830976</td>
</tr>
<tr>
<td>axtls__k1__q89.cnf</td>
<td>94</td>
<td>191</td>
<td>53</td>
<td>0.004239</td>
<td>978831302400</td>
</tr>
<tr>
<td>axtls__k1__q90.cnf</td>
<td>94</td>
<td>191</td>
<td>53</td>
<td>0.00398</td>
<td>981037246464</td>
</tr>
<tr>
<td>axtls__k1__q91.cnf</td>
<td>94</td>
<td>191</td>
<td>35</td>
<td>0.003854</td>
<td>1460319952896</td>
</tr>
<tr>
<td>axtls__k1__q92.cnf</td>
<td>94</td>
<td>191</td>
<td>51</td>
<td>0.003842</td>
<td>490518623232</td>
</tr>
<tr>
<td>axtls__k1__q93.cnf</td>
<td>94</td>
<td>191</td>
<td>38</td>
<td>0.003666</td>
<td>5614958832</td>
</tr>
<tr>
<td>axtls__k1__q0.cnf</td>
<td>94</td>
<td>191</td>
<td>53</td>
<td>0.004053</td>
<td>1957662604800</td>
</tr>
<tr>
<td>axtls__k1__q1.cnf</td>
<td>94</td>
<td>191</td>
<td>54</td>
<td>0.004206</td>
<td>891877848144</td>
</tr>
<tr>
<td>axtls__k1__q2.cnf</td>
<td>94</td>
<td>191</td>
<td>49</td>
<td>0.003901</td>
<td>356740816896</td>
</tr>
<tr>
<td>axtls__k1__q3.cnf</td>
<td>94</td>
<td>191</td>
<td>43</td>
<td>0.004051</td>
<td>1280334701184</td>
</tr>
<tr>
<td>axtls__k1__q4.cnf</td>
<td>94</td>
<td>191</td>
<td>47</td>
<td>0.003648</td>
<td>178370408448</td>
</tr>
<tr>
<td>axtls__k1__q5.cnf</td>
<td>94</td>
<td>191</td>
<td>52</td>
<td>0.003871</td>
<td>654024830976</td>
</tr>
<tr>
<td>axtls__k1__q6.cnf</td>
<td>94</td>
<td>191</td>
<td>43</td>
<td>0.00423</td>
<td>1717181053056</td>
</tr>
<tr>
<td>axtls__k1__q7.cnf</td>
<td>94</td>
<td>191</td>
<td>53</td>
<td>0.003922</td>
<td>978831302400</td>
</tr>
<tr>
<td>axtls__k1__q8.cnf</td>
<td>94</td>
<td>191</td>
<td>30</td>
<td>0.004116</td>
<td>7197074304</td>
</tr>
<tr>
<td>axtls__k1__q9.cnf</td>
<td>94</td>
<td>191</td>
<td>36</td>
<td>0.003963</td>
<td>609962996160</td>
</tr>
<tr>
<td>axtls__k1__q10.cnf</td>
<td>94</td>
<td>191</td>
<td>36</td>
<td>0.004016</td>
<td>609962996160</td>
</tr>
<tr>
<td>axtls__k1__q11.cnf</td>
<td>94</td>
<td>191</td>
<td>54</td>
<td>0.004062</td>
<td>1962074492928</td>
</tr>
<tr>
<td>axtls__k1__q12.cnf</td>
<td>94</td>
<td>191</td>
<td>42</td>
<td>0.003991</td>
<td>1280334701184</td>
</tr>
<tr>
<td>axtls__k1__q13.cnf</td>
<td>94</td>
<td>191</td>
<td>38</td>
<td>0.004039</td>
<td>11229917664</td>
</tr>
<tr>
<td>axtls__k1__q14.cnf</td>
<td>94</td>
<td>191</td>
<td>58</td>
<td>0.006167</td>
<td>1962126104736</td>
</tr>
<tr>
<td>axtls__k1__q15.cnf</td>
<td>94</td>
<td>191</td>
<td>38</td>
<td>0.004178</td>
<td>975448093536</td>
</tr>
<tr>
<td>axtls__k1__q16.cnf</td>
<td>94</td>
<td>191</td>
<td>58</td>
<td>0.004429</td>
<td>1962126104736</td>
</tr>
<tr>
<td>axtls__k1__q17.cnf</td>
<td>94</td>
<td>191</td>
<td>52</td>
<td>0.004478</td>
<td>654024830976</td>
</tr>
<tr>
<td>axtls__k1__q18.cnf</td>
<td>94</td>
<td>191</td>
<td>44</td>
<td>0.004442</td>
<td>918751060416</td>
</tr>
<tr>
<td>axtls__k1__q19.cnf</td>
<td>94</td>
<td>191</td>
<td>58</td>
<td>0.004214</td>
<td>1962126104736</td>
</tr>
<tr>
<td>axtls__k1__q20.cnf</td>
<td>94</td>
<td>191</td>
<td>52</td>
<td>0.00405</td>
<td>654024830976</td>
</tr>
<tr>
<td>axtls__k1__q21.cnf</td>
<td>94</td>
<td>191</td>
<td>37</td>
<td>0.004565</td>
<td>609962996160</td>
</tr>
<tr>
<td>axtls__k1__q22.cnf</td>
<td>94</td>
<td>191</td>
<td>53</td>
<td>0.004528</td>
<td>981037246464</td>
</tr>
<tr>
<td>axtls__k1__q23.cnf</td>
<td>94</td>
<td>191</td>
<td>57</td>
<td>0.004823</td>
<td>655913687856</td>
</tr>
<tr>
<td>axtls__k1__q24.cnf</td>
<td>94</td>
<td>191</td>
<td>36</td>
<td>0.00381</td>
<td>3743305888</td>
</tr>
<tr>
<td>axtls__k1__q25.cnf</td>
<td>94</td>
<td>191</td>
<td>30</td>
<td>0.003718</td>
<td>606612633984</td>
</tr>
<tr>
<td>axtls__k1__q26.cnf</td>
<td>94</td>
<td>191</td>
<td>52</td>
<td>0.005219</td>
<td>654024830976</td>
</tr>
<tr>
<td>axtls__k1__q27.cnf</td>
<td>94</td>
<td>191</td>
<td>53</td>
<td>0.005778</td>
<td>1957662604800</td>
</tr>
<tr>
<td>axtls__k1__q28.cnf</td>
<td>94</td>
<td>191</td>
<td>54</td>
<td>0.005701</td>
<td>891877848144</td>
</tr>
<tr>
<td>axtls__k1__q29.cnf</td>
<td>94</td>
<td>191</td>
<td>54</td>
<td>0.004462</td>
<td>981037246464</td>
</tr>
<tr>
<td>axtls__k1__q30.cnf</td>
<td>94</td>
<td>191</td>
<td>52</td>
<td>0.004342</td>
<td>1605333676032</td>
</tr>
<tr>
<td>axtls__k1__q31.cnf</td>
<td>94</td>
<td>191</td>
<td>36</td>
<td>0.004561</td>
<td>3743305888</td>
</tr>
<tr>
<td>axtls__k1__q32.cnf</td>
<td>94</td>
<td>191</td>
<td>38</td>
<td>0.004914</td>
<td>1950896187072</td>
</tr>
<tr>
<td>axtls__k1__q33.cnf</td>
<td>94</td>
<td>191</td>
<td>36</td>
<td>0.003584</td>
<td>3743305888</td>
</tr>
<tr>
<td>axtls__k1__q34.cnf</td>
<td>94</td>
<td>191</td>
<td>49</td>
<td>0.003696</td>
<td>535111225344</td>
</tr>
<tr>
<td>axtls__k1__q35.cnf</td>
<td>94</td>
<td>191</td>
<td>41</td>
<td>0.003931</td>
<td>1280334701184</td>
</tr>
<tr>
<td>axtls__k1__q36.cnf</td>
<td>94</td>
<td>191</td>
<td>49</td>
<td>0.003593</td>
<td>535111225344</td>
</tr>
<tr>
<td>axtls__k1__q37.cnf</td>
<td>94</td>
<td>191</td>
<td>52</td>
<td>0.003851</td>
<td>654024830976</td>
</tr>
<tr>
<td>axtls__k1__q38.cnf</td>
<td>94</td>
<td>191</td>
<td>53</td>
<td>0.00386</td>
<td>1957662604800</td>
</tr>
<tr>
<td>axtls__k1__q39.cnf</td>
<td>94</td>
<td>191</td>
<td>53</td>
<td>0.004536</td>
<td>1957662604800</td>
</tr>
<tr>
<td>axtls__k1__q40.cnf</td>
<td>94</td>
<td>191</td>
<td>58</td>
<td>0.004891</td>
<td>981063052368</td>
</tr>
<tr>
<td>axtls__k1__q41.cnf</td>
<td>94</td>
<td>191</td>
<td>41</td>
<td>0.004034</td>
<td>1280334701184</td>
</tr>
<tr>
<td>axtls__k1__q42.cnf</td>
<td>94</td>
<td>191</td>
<td>34</td>
<td>0.003284</td>
<td>973546635264</td>
</tr>
<tr>
<td>axtls__k1__q43.cnf</td>
<td>94</td>
<td>191</td>
<td>38</td>
<td>0.003467</td>
<td>51611808</td>
</tr>
<tr>
<td>axtls__k1__q44.cnf</td>
<td>94</td>
<td>191</td>
<td>53</td>
<td>0.004023</td>
<td>981037246464</td>
</tr>
<tr>
<td>axtls__k1__q45.cnf</td>
<td>94</td>
<td>191</td>
<td>38</td>
<td>0.003677</td>
<td>975448093536</td>
</tr>
<tr>
<td>axtls__k1__q46.cnf</td>
<td>94</td>
<td>191</td>
<td>36</td>
<td>0.005877</td>
<td>609962996160</td>
</tr>
<tr>
<td>axtls__k1__q47.cnf</td>
<td>94</td>
<td>191</td>
<td>34</td>
<td>0.006251</td>
<td>486773317632</td>
</tr>
<tr>
<td>axtls__k1__q48.cnf</td>
<td>94</td>
<td>191</td>
<td>36</td>
<td>0.006054</td>
<td>3743305888</td>
</tr>
<tr>
<td>axtls__k1__q49.cnf</td>
<td>94</td>
<td>191</td>
<td>49</td>
<td>0.006202</td>
<td>356740816896</td>
</tr>
<tr>
<td>axtls__k1__q50.cnf</td>
<td>94</td>
<td>191</td>
<td>52</td>
<td>0.007266</td>
<td>490518623232</td>
</tr>
<tr>
<td>axtls__k1__q51.cnf</td>
<td>94</td>
<td>191</td>
<td>58</td>
<td>0.013436</td>
<td>1962126104736</td>
</tr>
<tr>
<td>axtls__k1__q52.cnf</td>
<td>94</td>
<td>191</td>
<td>37</td>
<td>0.007364</td>
<td>650298729024</td>
</tr>
<tr>
<td>axtls__k1__q53.cnf</td>
<td>94</td>
<td>191</td>
<td>49</td>
<td>0.00638</td>
<td>356740816896</td>
</tr>
<tr>
<td>axtls__k1__q54.cnf</td>
<td>94</td>
<td>191</td>
<td>51</td>
<td>0.006227</td>
<td>981037246464</td>
</tr>
<tr>
<td>axtls__k1__q55.cnf</td>
<td>94</td>
<td>191</td>
<td>49</td>
<td>0.005665</td>
<td>713481633792</td>
</tr>
<tr>
<td>axtls__k1__q56.cnf</td>
<td>94</td>
<td>191</td>
<td>53</td>
<td>0.006539</td>
<td>1957662604800</td>
</tr>
<tr>
<td>axtls__k1__q57.cnf</td>
<td>94</td>
<td>191</td>
<td>53</td>
<td>0.006514</td>
<td>978831302400</td>
</tr>
<tr>
<td>axtls__k1__q58.cnf</td>
<td>94</td>
<td>191</td>
<td>53</td>
<td>0.007989</td>
<td>1957662604800</td>
</tr>
<tr>
<td>axtls__k1__q59.cnf</td>
<td>94</td>
<td>191</td>
<td>35</td>
<td>0.006944</td>
<td>1460319952896</td>
</tr>
<tr>
<td>axtls__k1__q60.cnf</td>
<td>94</td>
<td>191</td>
<td>58</td>
<td>0.005986</td>
<td>981063052368</td>
</tr>
<tr>
<td>axtls__k1__q61.cnf</td>
<td>94</td>
<td>191</td>
<td>54</td>
<td>0.00393</td>
<td>981037246464</td>
</tr>
<tr>
<td>axtls__k1__q62.cnf</td>
<td>94</td>
<td>191</td>
<td>36</td>
<td>0.004507</td>
<td>3743305888</td>
</tr>
<tr>
<td>axtls__k1__q63.cnf</td>
<td>94</td>
<td>191</td>
<td>53</td>
<td>0.006139</td>
<td>981037246464</td>
</tr>
<tr>
<td>axtls__k1__q64.cnf</td>
<td>94</td>
<td>191</td>
<td>54</td>
<td>0.004952</td>
<td>981037246464</td>
</tr>
<tr>
<td>axtls__k1__q65.cnf</td>
<td>94</td>
<td>191</td>
<td>35</td>
<td>0.004338</td>
<td>973546635264</td>
</tr>
<tr>
<td>axtls__k1__q66.cnf</td>
<td>94</td>
<td>191</td>
<td>34</td>
<td>0.004392</td>
<td>1273137626880</td>
</tr>
<tr>
<td>axtls__k1__q67.cnf</td>
<td>94</td>
<td>191</td>
<td>36</td>
<td>0.004576</td>
<td>3743305888</td>
</tr>
<tr>
<td>axtls__k1__q68.cnf</td>
<td>94</td>
<td>191</td>
<td>35</td>
<td>0.00468</td>
<td>1460319952896</td>
</tr>
<tr>
<td>axtls__k1__q69.cnf</td>
<td>94</td>
<td>191</td>
<td>30</td>
<td>0.003588</td>
<td>7197074304</td>
</tr>
<tr>
<td>axtls__k1__q70.cnf</td>
<td>94</td>
<td>191</td>
<td>52</td>
<td>0.003878</td>
<td>654024830976</td>
</tr>
<tr>
<td>axtls__k1__q71.cnf</td>
<td>94</td>
<td>191</td>
<td>45</td>
<td>0.004651</td>
<td>1950706406208</td>
</tr>
<tr>
<td>axtls__k1__q72.cnf</td>
<td>94</td>
<td>191</td>
<td>36</td>
<td>0.005058</td>
<td>973546635264</td>
</tr>
<tr>
<td>axtls__k1__q73.cnf</td>
<td>94</td>
<td>191</td>
<td>37</td>
<td>0.005078</td>
<td>975448093536</td>
</tr>
<tr>
<td>axtls__k1__q74.cnf</td>
<td>94</td>
<td>191</td>
<td>52</td>
<td>0.007423</td>
<td>981037246464</td>
</tr>
<tr>
<td>axtls__k1__q75.cnf</td>
<td>94</td>
<td>191</td>
<td>34</td>
<td>0.006148</td>
<td>1273137626880</td>
</tr>
<tr>
<td>axtls__k1__q76.cnf</td>
<td>94</td>
<td>191</td>
<td>53</td>
<td>0.004303</td>
<td>978831302400</td>
</tr>
<tr>
<td>axtls__k1__q77.cnf</td>
<td>94</td>
<td>191</td>
<td>52</td>
<td>0.004507</td>
<td>654024830976</td>
</tr>
<tr>
<td>axtls__k1__q78.cnf</td>
<td>94</td>
<td>191</td>
<td>34</td>
<td>0.004014</td>
<td>973546635264</td>
</tr>
<tr>
<td>axtls__k1__q79.cnf</td>
<td>94</td>
<td>191</td>
<td>43</td>
<td>0.004768</td>
<td>1280334701184</td>
</tr>
<tr>
<td>axtls__k1__q80.cnf</td>
<td>94</td>
<td>191</td>
<td>54</td>
<td>0.005528</td>
<td>891877848144</td>
</tr>
<tr>
<td>axtls__k1__q81.cnf</td>
<td>94</td>
<td>191</td>
<td>35</td>
<td>0.00499</td>
<td>973546635264</td>
</tr>
<tr>
<td>axtls__k1__q82.cnf</td>
<td>94</td>
<td>191</td>
<td>54</td>
<td>0.005562</td>
<td>981037246464</td>
</tr>
<tr>
<td>axtls__k1__q83.cnf</td>
<td>94</td>
<td>191</td>
<td>52</td>
<td>0.005242</td>
<td>654024830976</td>
</tr>
<tr>
<td>axtls__k1__q84.cnf</td>
<td>94</td>
<td>191</td>
<td>44</td>
<td>0.005514</td>
<td>1837502120832</td>
</tr>
<tr>
<td>axtls__k1__q85.cnf</td>
<td>94</td>
<td>191</td>
<td>54</td>
<td>0.004284</td>
<td>891877848144</td>
</tr>
<tr>
<td>axtls__k1__q86.cnf</td>
<td>94</td>
<td>191</td>
<td>37</td>
<td>0.004165</td>
<td>975448093536</td>
</tr>
<tr>
<td>axtls__k1__q87.cnf</td>
<td>94</td>
<td>191</td>
<td>36</td>
<td>0.004563</td>
<td>973546635264</td>
</tr>
<tr>
<td>axtls__k1__q88.cnf</td>
<td>94</td>
<td>191</td>
<td>52</td>
<td>0.004513</td>
<td>654024830976</td>
</tr>
<tr>
<td>axtls__k1__q89.cnf</td>
<td>94</td>
<td>191</td>
<td>53</td>
<td>0.003732</td>
<td>978831302400</td>
</tr>
<tr>
<td>axtls__k1__q90.cnf</td>
<td>94</td>
<td>191</td>
<td>53</td>
<td>0.003809</td>
<td>981037246464</td>
</tr>
<tr>
<td>axtls__k1__q91.cnf</td>
<td>94</td>
<td>191</td>
<td>35</td>
<td>0.003368</td>
<td>1460319952896</td>
</tr>
<tr>
<td>axtls__k1__q92.cnf</td>
<td>94</td>
<td>191</td>
<td>51</td>
<td>0.003734</td>
<td>490518623232</td>
</tr>
<tr>
<td>axtls__k1__q93.cnf</td>
<td>94</td>
<td>191</td>
<td>38</td>
<td>0.003402</td>
<td>5614958832</td>
</tr>
<tr>
<td>axtls__k1__q0.cnf</td>
<td>94</td>
<td>191</td>
<td>53</td>
<td>0.003859</td>
<td>1957662604800</td>
</tr>
<tr>
<td>axtls__k1__q1.cnf</td>
<td>94</td>
<td>191</td>
<td>54</td>
<td>0.004142</td>
<td>891877848144</td>
</tr>
<tr>
<td>axtls__k1__q2.cnf</td>
<td>94</td>
<td>191</td>
<td>49</td>
<td>0.004046</td>
<td>356740816896</td>
</tr>
<tr>
<td>axtls__k1__q3.cnf</td>
<td>94</td>
<td>191</td>
<td>43</td>
<td>0.003975</td>
<td>1280334701184</td>
</tr>
<tr>
<td>axtls__k1__q4.cnf</td>
<td>94</td>
<td>191</td>
<td>47</td>
<td>0.003634</td>
<td>178370408448</td>
</tr>
<tr>
<td>axtls__k1__q5.cnf</td>
<td>94</td>
<td>191</td>
<td>52</td>
<td>0.004251</td>
<td>654024830976</td>
</tr>
<tr>
<td>axtls__k1__q6.cnf</td>
<td>94</td>
<td>191</td>
<td>43</td>
<td>0.004949</td>
<td>1717181053056</td>
</tr>
<tr>
<td>axtls__k1__q7.cnf</td>
<td>94</td>
<td>191</td>
<td>53</td>
<td>0.004375</td>
<td>978831302400</td>
</tr>
<tr>
<td>axtls__k1__q8.cnf</td>
<td>94</td>
<td>191</td>
<td>30</td>
<td>0.003781</td>
<td>7197074304</td>
</tr>
<tr>
<td>axtls__k1__q9.cnf</td>
<td>94</td>
<td>191</td>
<td>36</td>
<td>0.003739</td>
<td>609962996160</td>
</tr>
<tr>
<td>axtls__k1__q10.cnf</td>
<td>94</td>
<td>191</td>
<td>36</td>
<td>0.003894</td>
<td>609962996160</td>
</tr>
<tr>
<td>axtls__k1__q11.cnf</td>
<td>94</td>
<td>191</td>
<td>54</td>
<td>0.004187</td>
<td>1962074492928</td>
</tr>
<tr>
<td>axtls__k1__q12.cnf</td>
<td>94</td>
<td>191</td>
<td>42</td>
<td>0.00455</td>
<td>1280334701184</td>
</tr>
<tr>
<td>axtls__k1__q13.cnf</td>
<td>94</td>
<td>191</td>
<td>38</td>
<td>0.003987</td>
<td>11229917664</td>
</tr>
<tr>
<td>axtls__k1__q14.cnf</td>
<td>94</td>
<td>191</td>
<td>58</td>
<td>0.005576</td>
<td>1962126104736</td>
</tr>
<tr>
<td>axtls__k1__q15.cnf</td>
<td>94</td>
<td>191</td>
<td>38</td>
<td>0.004944</td>
<td>975448093536</td>
</tr>
<tr>
<td>axtls__k1__q16.cnf</td>
<td>94</td>
<td>191</td>
<td>58</td>
<td>0.006101</td>
<td>1962126104736</td>
</tr>
<tr>
<td>axtls__k1__q17.cnf</td>
<td>94</td>
<td>191</td>
<td>52</td>
<td>0.005115</td>
<td>654024830976</td>
</tr>
<tr>
<td>axtls__k1__q18.cnf</td>
<td>94</td>
<td>191</td>
<td>44</td>
<td>0.005566</td>
<td>918751060416</td>
</tr>
<tr>
<td>axtls__k1__q19.cnf</td>
<td>94</td>
<td>191</td>
<td>58</td>
<td>0.006075</td>
<td>1962126104736</td>
</tr>
<tr>
<td>axtls__k1__q20.cnf</td>
<td>94</td>
<td>191</td>
<td>52</td>
<td>0.005032</td>
<td>654024830976</td>
</tr>
<tr>
<td>axtls__k1__q21.cnf</td>
<td>94</td>
<td>191</td>
<td>37</td>
<td>0.003938</td>
<td>609962996160</td>
</tr>
<tr>
<td>axtls__k1__q22.cnf</td>
<td>94</td>
<td>191</td>
<td>53</td>
<td>0.004091</td>
<td>981037246464</td>
</tr>
<tr>
<td>axtls__k1__q23.cnf</td>
<td>94</td>
<td>191</td>
<td>57</td>
<td>0.005525</td>
<td>655913687856</td>
</tr>
<tr>
<td>axtls__k1__q24.cnf</td>
<td>94</td>
<td>191</td>
<td>36</td>
<td>0.004427</td>
<td>3743305888</td>
</tr>
<tr>
<td>axtls__k1__q25.cnf</td>
<td>94</td>
<td>191</td>
<td>30</td>
<td>0.00561</td>
<td>606612633984</td>
</tr>
<tr>
<td>axtls__k1__q26.cnf</td>
<td>94</td>
<td>191</td>
<td>52</td>
<td>0.006256</td>
<td>654024830976</td>
</tr>
<tr>
<td>axtls__k1__q27.cnf</td>
<td>94</td>
<td>191</td>
<td>53</td>
<td>0.005705</td>
<td>1957662604800</td>
</tr>
<tr>
<td>axtls__k1__q28.cnf</td>
<td>94</td>
<td>191</td>
<td>54</td>
<td>0.00647</td>
<td>891877848144</td>
</tr>
<tr>
<td>axtls__k1__q29.cnf</td>
<td>94</td>
<td>191</td>
<td>54</td>
<td>0.006587</td>
<td>981037246464</td>
</tr>
<tr>
<td>axtls__k1__q30.cnf</td>
<td>94</td>
<td>191</td>
<td>52</td>
<td>0.006667</td>
<td>1605333676032</td>
</tr>
<tr>
<td>axtls__k1__q31.cnf</td>
<td>94</td>
<td>191</td>
<td>36</td>
<td>0.006038</td>
<td>3743305888</td>
</tr>
<tr>
<td>axtls__k1__q32.cnf</td>
<td>94</td>
<td>191</td>
<td>38</td>
<td>0.00616</td>
<td>1950896187072</td>
</tr>
<tr>
<td>axtls__k1__q33.cnf</td>
<td>94</td>
<td>191</td>
<td>36</td>
<td>0.004499</td>
<td>3743305888</td>
</tr>
<tr>
<td>axtls__k1__q34.cnf</td>
<td>94</td>
<td>191</td>
<td>49</td>
<td>0.004679</td>
<td>535111225344</td>
</tr>
<tr>
<td>axtls__k1__q35.cnf</td>
<td>94</td>
<td>191</td>
<td>41</td>
<td>0.003774</td>
<td>1280334701184</td>
</tr>
<tr>
<td>axtls__k1__q36.cnf</td>
<td>94</td>
<td>191</td>
<td>49</td>
<td>0.003826</td>
<td>535111225344</td>
</tr>
<tr>
<td>axtls__k1__q37.cnf</td>
<td>94</td>
<td>191</td>
<td>52</td>
<td>0.003736</td>
<td>654024830976</td>
</tr>
<tr>
<td>axtls__k1__q38.cnf</td>
<td>94</td>
<td>191</td>
<td>53</td>
<td>0.003751</td>
<td>1957662604800</td>
</tr>
<tr>
<td>axtls__k1__q39.cnf</td>
<td>94</td>
<td>191</td>
<td>53</td>
<td>0.004099</td>
<td>1957662604800</td>
</tr>
<tr>
<td>axtls__k1__q40.cnf</td>
<td>94</td>
<td>191</td>
<td>58</td>
<td>0.006057</td>
<td>981063052368</td>
</tr>
<tr>
<td>axtls__k1__q41.cnf</td>
<td>94</td>
<td>191</td>
<td>41</td>
<td>0.006395</td>
<td>1280334701184</td>
</tr>
<tr>
<td>axtls__k1__q42.cnf</td>
<td>94</td>
<td>191</td>
<td>34</td>
<td>0.004625</td>
<td>973546635264</td>
</tr>
<tr>
<td>axtls__k1__q43.cnf</td>
<td>94</td>
<td>191</td>
<td>38</td>
<td>0.003587</td>
<td>51611808</td>
</tr>
<tr>
<td>axtls__k1__q44.cnf</td>
<td>94</td>
<td>191</td>
<td>53</td>
<td>0.004139</td>
<td>981037246464</td>
</tr>
<tr>
<td>axtls__k1__q45.cnf</td>
<td>94</td>
<td>191</td>
<td>38</td>
<td>0.003725</td>
<td>975448093536</td>
</tr>
<tr>
<td>axtls__k1__q46.cnf</td>
<td>94</td>
<td>191</td>
<td>36</td>
<td>0.003777</td>
<td>609962996160</td>
</tr>
<tr>
<td>axtls__k1__q47.cnf</td>
<td>94</td>
<td>191</td>
<td>34</td>
<td>0.003329</td>
<td>486773317632</td>
</tr>
<tr>
<td>axtls__k1__q48.cnf</td>
<td>94</td>
<td>191</td>
<td>36</td>
<td>0.004332</td>
<td>3743305888</td>
</tr>
<tr>
<td>axtls__k1__q49.cnf</td>
<td>94</td>
<td>191</td>
<td>49</td>
<td>0.003898</td>
<td>356740816896</td>
</tr>
<tr>
<td>axtls__k1__q50.cnf</td>
<td>94</td>
<td>191</td>
<td>52</td>
<td>0.004379</td>
<td>490518623232</td>
</tr>
<tr>
<td>axtls__k1__q51.cnf</td>
<td>94</td>
<td>191</td>
<td>58</td>
<td>0.004123</td>
<td>1962126104736</td>
</tr>
<tr>
<td>axtls__k1__q52.cnf</td>
<td>94</td>
<td>191</td>
<td>37</td>
<td>0.003764</td>
<td>650298729024</td>
</tr>
<tr>
<td>axtls__k1__q53.cnf</td>
<td>94</td>
<td>191</td>
<td>49</td>
<td>0.00386</td>
<td>356740816896</td>
</tr>
<tr>
<td>axtls__k1__q54.cnf</td>
<td>94</td>
<td>191</td>
<td>51</td>
<td>0.003824</td>
<td>981037246464</td>
</tr>
<tr>
<td>axtls__k1__q55.cnf</td>
<td>94</td>
<td>191</td>
<td>49</td>
<td>0.003981</td>
<td>713481633792</td>
</tr>
<tr>
<td>axtls__k1__q56.cnf</td>
<td>94</td>
<td>191</td>
<td>53</td>
<td>0.004578</td>
<td>1957662604800</td>
</tr>
<tr>
<td>axtls__k1__q57.cnf</td>
<td>94</td>
<td>191</td>
<td>53</td>
<td>0.004252</td>
<td>978831302400</td>
</tr>
<tr>
<td>axtls__k1__q58.cnf</td>
<td>94</td>
<td>191</td>
<td>53</td>
<td>0.004701</td>
<td>1957662604800</td>
</tr>
<tr>
<td>axtls__k1__q59.cnf</td>
<td>94</td>
<td>191</td>
<td>35</td>
<td>0.004351</td>
<td>1460319952896</td>
</tr>
<tr>
<td>axtls__k1__q60.cnf</td>
<td>94</td>
<td>191</td>
<td>58</td>
<td>0.00673</td>
<td>981063052368</td>
</tr>
<tr>
<td>axtls__k1__q61.cnf</td>
<td>94</td>
<td>191</td>
<td>54</td>
<td>0.004682</td>
<td>981037246464</td>
</tr>
<tr>
<td>axtls__k1__q62.cnf</td>
<td>94</td>
<td>191</td>
<td>36</td>
<td>0.00334</td>
<td>3743305888</td>
</tr>
<tr>
<td>axtls__k1__q63.cnf</td>
<td>94</td>
<td>191</td>
<td>53</td>
<td>0.003805</td>
<td>981037246464</td>
</tr>
<tr>
<td>axtls__k1__q64.cnf</td>
<td>94</td>
<td>191</td>
<td>54</td>
<td>0.003788</td>
<td>981037246464</td>
</tr>
<tr>
<td>axtls__k1__q65.cnf</td>
<td>94</td>
<td>191</td>
<td>35</td>
<td>0.003355</td>
<td>973546635264</td>
</tr>
<tr>
<td>axtls__k1__q66.cnf</td>
<td>94</td>
<td>191</td>
<td>34</td>
<td>0.003702</td>
<td>1273137626880</td>
</tr>
<tr>
<td>axtls__k1__q67.cnf</td>
<td>94</td>
<td>191</td>
<td>36</td>
<td>0.003361</td>
<td>3743305888</td>
</tr>
<tr>
<td>axtls__k1__q68.cnf</td>
<td>94</td>
<td>191</td>
<td>35</td>
<td>0.003263</td>
<td>1460319952896</td>
</tr>
<tr>
<td>axtls__k1__q69.cnf</td>
<td>94</td>
<td>191</td>
<td>30</td>
<td>0.003403</td>
<td>7197074304</td>
</tr>
<tr>
<td>axtls__k1__q70.cnf</td>
<td>94</td>
<td>191</td>
<td>52</td>
<td>0.003844</td>
<td>654024830976</td>
</tr>
<tr>
<td>axtls__k1__q71.cnf</td>
<td>94</td>
<td>191</td>
<td>45</td>
<td>0.0046</td>
<td>1950706406208</td>
</tr>
<tr>
<td>axtls__k1__q72.cnf</td>
<td>94</td>
<td>191</td>
<td>36</td>
<td>0.003352</td>
<td>973546635264</td>
</tr>
<tr>
<td>axtls__k1__q73.cnf</td>
<td>94</td>
<td>191</td>
<td>37</td>
<td>0.004134</td>
<td>975448093536</td>
</tr>
<tr>
<td>axtls__k1__q74.cnf</td>
<td>94</td>
<td>191</td>
<td>52</td>
<td>0.004292</td>
<td>981037246464</td>
</tr>
<tr>
<td>axtls__k1__q75.cnf</td>
<td>94</td>
<td>191</td>
<td>34</td>
<td>0.005147</td>
<td>1273137626880</td>
</tr>
<tr>
<td>axtls__k1__q76.cnf</td>
<td>94</td>
<td>191</td>
<td>53</td>
<td>0.004483</td>
<td>978831302400</td>
</tr>
<tr>
<td>axtls__k1__q77.cnf</td>
<td>94</td>
<td>191</td>
<td>52</td>
<td>0.004892</td>
<td>654024830976</td>
</tr>
<tr>
<td>axtls__k1__q78.cnf</td>
<td>94</td>
<td>191</td>
<td>34</td>
<td>0.004849</td>
<td>973546635264</td>
</tr>
<tr>
<td>axtls__k1__q79.cnf</td>
<td>94</td>
<td>191</td>
<td>43</td>
<td>0.006134</td>
<td>1280334701184</td>
</tr>
<tr>
<td>axtls__k1__q80.cnf</td>
<td>94</td>
<td>191</td>
<td>54</td>
<td>0.004677</td>
<td>891877848144</td>
</tr>
<tr>
<td>axtls__k1__q81.cnf</td>
<td>94</td>
<td>191</td>
<td>35</td>
<td>0.004368</td>
<td>973546635264</td>
</tr>
<tr>
<td>axtls__k1__q82.cnf</td>
<td>94</td>
<td>191</td>
<td>54</td>
<td>0.00455</td>
<td>981037246464</td>
</tr>
<tr>
<td>axtls__k1__q83.cnf</td>
<td>94</td>
<td>191</td>
<td>52</td>
<td>0.004638</td>
<td>654024830976</td>
</tr>
<tr>
<td>axtls__k1__q84.cnf</td>
<td>94</td>
<td>191</td>
<td>44</td>
<td>0.004385</td>
<td>1837502120832</td>
</tr>
<tr>
<td>axtls__k1__q85.cnf</td>
<td>94</td>
<td>191</td>
<td>54</td>
<td>0.004341</td>
<td>891877848144</td>
</tr>
<tr>
<td>axtls__k1__q86.cnf</td>
<td>94</td>
<td>191</td>
<td>37</td>
<td>0.005304</td>
<td>975448093536</td>
</tr>
<tr>
<td>axtls__k1__q87.cnf</td>
<td>94</td>
<td>191</td>
<td>36</td>
<td>0.004912</td>
<td>973546635264</td>
</tr>
<tr>
<td>axtls__k1__q88.cnf</td>
<td>94</td>
<td>191</td>
<td>52</td>
<td>0.005103</td>
<td>654024830976</td>
</tr>
<tr>
<td>axtls__k1__q89.cnf</td>
<td>94</td>
<td>191</td>
<td>53</td>
<td>0.005282</td>
<td>978831302400</td>
</tr>
<tr>
<td>axtls__k1__q90.cnf</td>
<td>94</td>
<td>191</td>
<td>53</td>
<td>0.003937</td>
<td>981037246464</td>
</tr>
<tr>
<td>axtls__k1__q91.cnf</td>
<td>94</td>
<td>191</td>
<td>35</td>
<td>0.003405</td>
<td>1460319952896</td>
</tr>
<tr>
<td>axtls__k1__q92.cnf</td>
<td>94</td>
<td>191</td>
<td>51</td>
<td>0.00414</td>
<td>490518623232</td>
</tr>
<tr>
<td>axtls__k1__q93.cnf</td>
<td>94</td>
<td>191</td>
<td>38</td>
<td>0.00381</td>
<td>5614958832</td>
</tr>
<tr>
<td>axtls__k1__q0.cnf</td>
<td>94</td>
<td>191</td>
<td>53</td>
<td>0.003997</td>
<td>1957662604800</td>
</tr>
<tr>
<td>axtls__k1__q1.cnf</td>
<td>94</td>
<td>191</td>
<td>54</td>
<td>0.004058</td>
<td>891877848144</td>
</tr>
<tr>
<td>axtls__k1__q2.cnf</td>
<td>94</td>
<td>191</td>
<td>49</td>
<td>0.003814</td>
<td>356740816896</td>
</tr>
<tr>
<td>axtls__k1__q3.cnf</td>
<td>94</td>
<td>191</td>
<td>43</td>
<td>0.00404</td>
<td>1280334701184</td>
</tr>
<tr>
<td>axtls__k1__q4.cnf</td>
<td>94</td>
<td>191</td>
<td>47</td>
<td>0.003733</td>
<td>178370408448</td>
</tr>
<tr>
<td>axtls__k1__q5.cnf</td>
<td>94</td>
<td>191</td>
<td>52</td>
<td>0.004241</td>
<td>654024830976</td>
</tr>
<tr>
<td>axtls__k1__q6.cnf</td>
<td>94</td>
<td>191</td>
<td>43</td>
<td>0.004354</td>
<td>1717181053056</td>
</tr>
<tr>
<td>axtls__k1__q7.cnf</td>
<td>94</td>
<td>191</td>
<td>53</td>
<td>0.003875</td>
<td>978831302400</td>
</tr>
<tr>
<td>axtls__k1__q8.cnf</td>
<td>94</td>
<td>191</td>
<td>30</td>
<td>0.003279</td>
<td>7197074304</td>
</tr>
<tr>
<td>axtls__k1__q9.cnf</td>
<td>94</td>
<td>191</td>
<td>36</td>
<td>0.00385</td>
<td>609962996160</td>
</tr>
<tr>
<td>axtls__k1__q10.cnf</td>
<td>94</td>
<td>191</td>
<td>36</td>
<td>0.003811</td>
<td>609962996160</td>
</tr>
<tr>
<td>axtls__k1__q11.cnf</td>
<td>94</td>
<td>191</td>
<td>54</td>
<td>0.003957</td>
<td>1962074492928</td>
</tr>
<tr>
<td>axtls__k1__q12.cnf</td>
<td>94</td>
<td>191</td>
<td>42</td>
<td>0.004341</td>
<td>1280334701184</td>
</tr>
<tr>
<td>axtls__k1__q13.cnf</td>
<td>94</td>
<td>191</td>
<td>38</td>
<td>0.004931</td>
<td>11229917664</td>
</tr>
<tr>
<td>axtls__k1__q14.cnf</td>
<td>94</td>
<td>191</td>
<td>58</td>
<td>0.004743</td>
<td>1962126104736</td>
</tr>
<tr>
<td>axtls__k1__q15.cnf</td>
<td>94</td>
<td>191</td>
<td>38</td>
<td>0.003571</td>
<td>975448093536</td>
</tr>
<tr>
<td>axtls__k1__q16.cnf</td>
<td>94</td>
<td>191</td>
<td>58</td>
<td>0.00407</td>
<td>1962126104736</td>
</tr>
<tr>
<td>axtls__k1__q17.cnf</td>
<td>94</td>
<td>191</td>
<td>52</td>
<td>0.003688</td>
<td>654024830976</td>
</tr>
<tr>
<td>axtls__k1__q18.cnf</td>
<td>94</td>
<td>191</td>
<td>44</td>
<td>0.003916</td>
<td>918751060416</td>
</tr>
<tr>
<td>axtls__k1__q19.cnf</td>
<td>94</td>
<td>191</td>
<td>58</td>
<td>0.004137</td>
<td>1962126104736</td>
</tr>
<tr>
<td>axtls__k1__q20.cnf</td>
<td>94</td>
<td>191</td>
<td>52</td>
<td>0.003863</td>
<td>654024830976</td>
</tr>
<tr>
<td>axtls__k1__q21.cnf</td>
<td>94</td>
<td>191</td>
<td>37</td>
<td>0.003734</td>
<td>609962996160</td>
</tr>
<tr>
<td>axtls__k1__q22.cnf</td>
<td>94</td>
<td>191</td>
<td>53</td>
<td>0.004427</td>
<td>981037246464</td>
</tr>
<tr>
<td>axtls__k1__q23.cnf</td>
<td>94</td>
<td>191</td>
<td>57</td>
<td>0.004126</td>
<td>655913687856</td>
</tr>
<tr>
<td>axtls__k1__q24.cnf</td>
<td>94</td>
<td>191</td>
<td>36</td>
<td>0.003417</td>
<td>3743305888</td>
</tr>
<tr>
<td>axtls__k1__q25.cnf</td>
<td>94</td>
<td>191</td>
<td>30</td>
<td>0.003457</td>
<td>606612633984</td>
</tr>
<tr>
<td>axtls__k1__q26.cnf</td>
<td>94</td>
<td>191</td>
<td>52</td>
<td>0.003901</td>
<td>654024830976</td>
</tr>
<tr>
<td>axtls__k1__q27.cnf</td>
<td>94</td>
<td>191</td>
<td>53</td>
<td>0.003807</td>
<td>1957662604800</td>
</tr>
<tr>
<td>axtls__k1__q28.cnf</td>
<td>94</td>
<td>191</td>
<td>54</td>
<td>0.004024</td>
<td>891877848144</td>
</tr>
<tr>
<td>axtls__k1__q29.cnf</td>
<td>94</td>
<td>191</td>
<td>54</td>
<td>0.003858</td>
<td>981037246464</td>
</tr>
<tr>
<td>axtls__k1__q30.cnf</td>
<td>94</td>
<td>191</td>
<td>52</td>
<td>0.003789</td>
<td>1605333676032</td>
</tr>
<tr>
<td>axtls__k1__q31.cnf</td>
<td>94</td>
<td>191</td>
<td>36</td>
<td>0.003513</td>
<td>3743305888</td>
</tr>
<tr>
<td>axtls__k1__q32.cnf</td>
<td>94</td>
<td>191</td>
<td>38</td>
<td>0.00361</td>
<td>1950896187072</td>
</tr>
<tr>
<td>axtls__k1__q33.cnf</td>
<td>94</td>
<td>191</td>
<td>36</td>
<td>0.003316</td>
<td>3743305888</td>
</tr>
<tr>
<td>axtls__k1__q34.cnf</td>
<td>94</td>
<td>191</td>
<td>49</td>
<td>0.003618</td>
<td>535111225344</td>
</tr>
<tr>
<td>axtls__k1__q35.cnf</td>
<td>94</td>
<td>191</td>
<td>41</td>
<td>0.003906</td>
<td>1280334701184</td>
</tr>
<tr>
<td>axtls__k1__q36.cnf</td>
<td>94</td>
<td>191</td>
<td>49</td>
<td>0.003741</td>
<td>535111225344</td>
</tr>
<tr>
<td>axtls__k1__q37.cnf</td>
<td>94</td>
<td>191</td>
<td>52</td>
<td>0.00375</td>
<td>654024830976</td>
</tr>
<tr>
<td>axtls__k1__q38.cnf</td>
<td>94</td>
<td>191</td>
<td>53</td>
<td>0.003931</td>
<td>1957662604800</td>
</tr>
<tr>
<td>axtls__k1__q39.cnf</td>
<td>94</td>
<td>191</td>
<td>53</td>
<td>0.0041</td>
<td>1957662604800</td>
</tr>
<tr>
<td>axtls__k1__q40.cnf</td>
<td>94</td>
<td>191</td>
<td>58</td>
<td>0.004135</td>
<td>981063052368</td>
</tr>
<tr>
<td>axtls__k1__q41.cnf</td>
<td>94</td>
<td>191</td>
<td>41</td>
<td>0.004041</td>
<td>1280334701184</td>
</tr>
<tr>
<td>axtls__k1__q42.cnf</td>
<td>94</td>
<td>191</td>
<td>34</td>
<td>0.003232</td>
<td>973546635264</td>
</tr>
<tr>
<td>axtls__k1__q43.cnf</td>
<td>94</td>
<td>191</td>
<td>38</td>
<td>0.003474</td>
<td>51611808</td>
</tr>
<tr>
<td>axtls__k1__q44.cnf</td>
<td>94</td>
<td>191</td>
<td>53</td>
<td>0.003707</td>
<td>981037246464</td>
</tr>
<tr>
<td>axtls__k1__q45.cnf</td>
<td>94</td>
<td>191</td>
<td>38</td>
<td>0.003544</td>
<td>975448093536</td>
</tr>
<tr>
<td>axtls__k1__q46.cnf</td>
<td>94</td>
<td>191</td>
<td>36</td>
<td>0.003956</td>
<td>609962996160</td>
</tr>
<tr>
<td>axtls__k1__q47.cnf</td>
<td>94</td>
<td>191</td>
<td>34</td>
<td>0.003899</td>
<td>486773317632</td>
</tr>
<tr>
<td>axtls__k1__q48.cnf</td>
<td>94</td>
<td>191</td>
<td>36</td>
<td>0.003514</td>
<td>3743305888</td>
</tr>
<tr>
<td>axtls__k1__q49.cnf</td>
<td>94</td>
<td>191</td>
<td>49</td>
<td>0.003615</td>
<td>356740816896</td>
</tr>
<tr>
<td>axtls__k1__q50.cnf</td>
<td>94</td>
<td>191</td>
<td>52</td>
<td>0.003789</td>
<td>490518623232</td>
</tr>
<tr>
<td>axtls__k1__q51.cnf</td>
<td>94</td>
<td>191</td>
<td>58</td>
<td>0.004837</td>
<td>1962126104736</td>
</tr>
<tr>
<td>axtls__k1__q52.cnf</td>
<td>94</td>
<td>191</td>
<td>37</td>
<td>0.00419</td>
<td>650298729024</td>
</tr>
<tr>
<td>axtls__k1__q53.cnf</td>
<td>94</td>
<td>191</td>
<td>49</td>
<td>0.00431</td>
<td>356740816896</td>
</tr>
<tr>
<td>axtls__k1__q54.cnf</td>
<td>94</td>
<td>191</td>
<td>51</td>
<td>0.006141</td>
<td>981037246464</td>
</tr>
<tr>
<td>axtls__k1__q55.cnf</td>
<td>94</td>
<td>191</td>
<td>49</td>
<td>0.006288</td>
<td>713481633792</td>
</tr>
<tr>
<td>axtls__k1__q56.cnf</td>
<td>94</td>
<td>191</td>
<td>53</td>
<td>0.00676</td>
<td>1957662604800</td>
</tr>
<tr>
<td>axtls__k1__q57.cnf</td>
<td>94</td>
<td>191</td>
<td>53</td>
<td>0.006319</td>
<td>978831302400</td>
</tr>
<tr>
<td>axtls__k1__q58.cnf</td>
<td>94</td>
<td>191</td>
<td>53</td>
<td>0.006246</td>
<td>1957662604800</td>
</tr>
<tr>
<td>axtls__k1__q59.cnf</td>
<td>94</td>
<td>191</td>
<td>35</td>
<td>0.004053</td>
<td>1460319952896</td>
</tr>
<tr>
<td>axtls__k1__q60.cnf</td>
<td>94</td>
<td>191</td>
<td>58</td>
<td>0.005169</td>
<td>981063052368</td>
</tr>
<tr>
<td>axtls__k1__q61.cnf</td>
<td>94</td>
<td>191</td>
<td>54</td>
<td>0.006455</td>
<td>981037246464</td>
</tr>
<tr>
<td>axtls__k1__q62.cnf</td>
<td>94</td>
<td>191</td>
<td>36</td>
<td>0.005524</td>
<td>3743305888</td>
</tr>
<tr>
<td>axtls__k1__q63.cnf</td>
<td>94</td>
<td>191</td>
<td>53</td>
<td>0.006343</td>
<td>981037246464</td>
</tr>
<tr>
<td>axtls__k1__q64.cnf</td>
<td>94</td>
<td>191</td>
<td>54</td>
<td>0.006152</td>
<td>981037246464</td>
</tr>
<tr>
<td>axtls__k1__q65.cnf</td>
<td>94</td>
<td>191</td>
<td>35</td>
<td>0.00598</td>
<td>973546635264</td>
</tr>
<tr>
<td>axtls__k1__q66.cnf</td>
<td>94</td>
<td>191</td>
<td>34</td>
<td>0.005051</td>
<td>1273137626880</td>
</tr>
<tr>
<td>axtls__k1__q67.cnf</td>
<td>94</td>
<td>191</td>
<td>36</td>
<td>0.00575</td>
<td>3743305888</td>
</tr>
<tr>
<td>axtls__k1__q68.cnf</td>
<td>94</td>
<td>191</td>
<td>35</td>
<td>0.006112</td>
<td>1460319952896</td>
</tr>
<tr>
<td>axtls__k1__q69.cnf</td>
<td>94</td>
<td>191</td>
<td>30</td>
<td>0.004195</td>
<td>7197074304</td>
</tr>
<tr>
<td>axtls__k1__q70.cnf</td>
<td>94</td>
<td>191</td>
<td>52</td>
<td>0.003715</td>
<td>654024830976</td>
</tr>
<tr>
<td>axtls__k1__q71.cnf</td>
<td>94</td>
<td>191</td>
<td>45</td>
<td>0.004097</td>
<td>1950706406208</td>
</tr>
<tr>
<td>axtls__k1__q72.cnf</td>
<td>94</td>
<td>191</td>
<td>36</td>
<td>0.004728</td>
<td>973546635264</td>
</tr>
<tr>
<td>axtls__k1__q73.cnf</td>
<td>94</td>
<td>191</td>
<td>37</td>
<td>0.00506</td>
<td>975448093536</td>
</tr>
<tr>
<td>axtls__k1__q74.cnf</td>
<td>94</td>
<td>191</td>
<td>52</td>
<td>0.007293</td>
<td>981037246464</td>
</tr>
<tr>
<td>axtls__k1__q75.cnf</td>
<td>94</td>
<td>191</td>
<td>34</td>
<td>0.005545</td>
<td>1273137626880</td>
</tr>
<tr>
<td>axtls__k1__q76.cnf</td>
<td>94</td>
<td>191</td>
<td>53</td>
<td>0.006801</td>
<td>978831302400</td>
</tr>
<tr>
<td>axtls__k1__q77.cnf</td>
<td>94</td>
<td>191</td>
<td>52</td>
<td>0.005571</td>
<td>654024830976</td>
</tr>
<tr>
<td>axtls__k1__q78.cnf</td>
<td>94</td>
<td>191</td>
<td>34</td>
<td>0.003283</td>
<td>973546635264</td>
</tr>
<tr>
<td>axtls__k1__q79.cnf</td>
<td>94</td>
<td>191</td>
<td>43</td>
<td>0.003901</td>
<td>1280334701184</td>
</tr>
<tr>
<td>axtls__k1__q80.cnf</td>
<td>94</td>
<td>191</td>
<td>54</td>
<td>0.003879</td>
<td>891877848144</td>
</tr>
<tr>
<td>axtls__k1__q81.cnf</td>
<td>94</td>
<td>191</td>
<td>35</td>
<td>0.003511</td>
<td>973546635264</td>
</tr>
<tr>
<td>axtls__k1__q82.cnf</td>
<td>94</td>
<td>191</td>
<td>54</td>
<td>0.003752</td>
<td>981037246464</td>
</tr>
<tr>
<td>axtls__k1__q83.cnf</td>
<td>94</td>
<td>191</td>
<td>52</td>
<td>0.003678</td>
<td>654024830976</td>
</tr>
<tr>
<td>axtls__k1__q84.cnf</td>
<td>94</td>
<td>191</td>
<td>44</td>
<td>0.003983</td>
<td>1837502120832</td>
</tr>
<tr>
<td>axtls__k1__q85.cnf</td>
<td>94</td>
<td>191</td>
<td>54</td>
<td>0.003928</td>
<td>891877848144</td>
</tr>
<tr>
<td>axtls__k1__q86.cnf</td>
<td>94</td>
<td>191</td>
<td>37</td>
<td>0.003674</td>
<td>975448093536</td>
</tr>
<tr>
<td>axtls__k1__q87.cnf</td>
<td>94</td>
<td>191</td>
<td>36</td>
<td>0.003377</td>
<td>973546635264</td>
</tr>
<tr>
<td>axtls__k1__q88.cnf</td>
<td>94</td>
<td>191</td>
<td>52</td>
<td>0.003858</td>
<td>654024830976</td>
</tr>
<tr>
<td>axtls__k1__q89.cnf</td>
<td>94</td>
<td>191</td>
<td>53</td>
<td>0.003917</td>
<td>978831302400</td>
</tr>
<tr>
<td>axtls__k1__q90.cnf</td>
<td>94</td>
<td>191</td>
<td>53</td>
<td>0.003753</td>
<td>981037246464</td>
</tr>
<tr>
<td>axtls__k1__q91.cnf</td>
<td>94</td>
<td>191</td>
<td>35</td>
<td>0.003305</td>
<td>1460319952896</td>
</tr>
<tr>
<td>axtls__k1__q92.cnf</td>
<td>94</td>
<td>191</td>
<td>51</td>
<td>0.003868</td>
<td>490518623232</td>
</tr>
<tr>
<td>axtls__k1__q93.cnf</td>
<td>94</td>
<td>191</td>
<td>38</td>
<td>0.003531</td>
<td>5614958832</td>
</tr>
<tr>
<td>axtls__k1__q0.cnf</td>
<td>94</td>
<td>191</td>
<td>53</td>
<td>0.003729</td>
<td>1957662604800</td>
</tr>
<tr>
<td>axtls__k1__q1.cnf</td>
<td>94</td>
<td>191</td>
<td>54</td>
<td>0.004316</td>
<td>891877848144</td>
</tr>
<tr>
<td>axtls__k1__q2.cnf</td>
<td>94</td>
<td>191</td>
<td>49</td>
<td>0.003653</td>
<td>356740816896</td>
</tr>
<tr>
<td>axtls__k1__q3.cnf</td>
<td>94</td>
<td>191</td>
<td>43</td>
<td>0.003971</td>
<td>1280334701184</td>
</tr>
<tr>
<td>axtls__k1__q4.cnf</td>
<td>94</td>
<td>191</td>
<td>47</td>
<td>0.003684</td>
<td>178370408448</td>
</tr>
<tr>
<td>axtls__k1__q5.cnf</td>
<td>94</td>
<td>191</td>
<td>52</td>
<td>0.003636</td>
<td>654024830976</td>
</tr>
<tr>
<td>axtls__k1__q6.cnf</td>
<td>94</td>
<td>191</td>
<td>43</td>
<td>0.004214</td>
<td>1717181053056</td>
</tr>
<tr>
<td>axtls__k1__q7.cnf</td>
<td>94</td>
<td>191</td>
<td>53</td>
<td>0.003675</td>
<td>978831302400</td>
</tr>
<tr>
<td>axtls__k1__q8.cnf</td>
<td>94</td>
<td>191</td>
<td>30</td>
<td>0.003378</td>
<td>7197074304</td>
</tr>
<tr>
<td>axtls__k1__q9.cnf</td>
<td>94</td>
<td>191</td>
<td>36</td>
<td>0.003874</td>
<td>609962996160</td>
</tr>
<tr>
<td>axtls__k1__q10.cnf</td>
<td>94</td>
<td>191</td>
<td>36</td>
<td>0.004247</td>
<td>609962996160</td>
</tr>
<tr>
<td>axtls__k1__q11.cnf</td>
<td>94</td>
<td>191</td>
<td>54</td>
<td>0.004019</td>
<td>1962074492928</td>
</tr>
<tr>
<td>axtls__k1__q12.cnf</td>
<td>94</td>
<td>191</td>
<td>42</td>
<td>0.003869</td>
<td>1280334701184</td>
</tr>
<tr>
<td>axtls__k1__q13.cnf</td>
<td>94</td>
<td>191</td>
<td>38</td>
<td>0.003491</td>
<td>11229917664</td>
</tr>
<tr>
<td>axtls__k1__q14.cnf</td>
<td>94</td>
<td>191</td>
<td>58</td>
<td>0.004151</td>
<td>1962126104736</td>
</tr>
<tr>
<td>axtls__k1__q15.cnf</td>
<td>94</td>
<td>191</td>
<td>38</td>
<td>0.003588</td>
<td>975448093536</td>
</tr>
<tr>
<td>axtls__k1__q16.cnf</td>
<td>94</td>
<td>191</td>
<td>58</td>
<td>0.004511</td>
<td>1962126104736</td>
</tr>
<tr>
<td>axtls__k1__q17.cnf</td>
<td>94</td>
<td>191</td>
<td>52</td>
<td>0.003903</td>
<td>654024830976</td>
</tr>
<tr>
<td>axtls__k1__q18.cnf</td>
<td>94</td>
<td>191</td>
<td>44</td>
<td>0.003798</td>
<td>918751060416</td>
</tr>
<tr>
<td>axtls__k1__q19.cnf</td>
<td>94</td>
<td>191</td>
<td>58</td>
<td>0.004084</td>
<td>1962126104736</td>
</tr>
<tr>
<td>axtls__k1__q20.cnf</td>
<td>94</td>
<td>191</td>
<td>52</td>
<td>0.003653</td>
<td>654024830976</td>
</tr>
<tr>
<td>axtls__k1__q21.cnf</td>
<td>94</td>
<td>191</td>
<td>37</td>
<td>0.00413</td>
<td>609962996160</td>
</tr>
<tr>
<td>axtls__k1__q22.cnf</td>
<td>94</td>
<td>191</td>
<td>53</td>
<td>0.004034</td>
<td>981037246464</td>
</tr>
<tr>
<td>axtls__k1__q23.cnf</td>
<td>94</td>
<td>191</td>
<td>57</td>
<td>0.004148</td>
<td>655913687856</td>
</tr>
<tr>
<td>axtls__k1__q24.cnf</td>
<td>94</td>
<td>191</td>
<td>36</td>
<td>0.003361</td>
<td>3743305888</td>
</tr>
<tr>
<td>axtls__k1__q25.cnf</td>
<td>94</td>
<td>191</td>
<td>30</td>
<td>0.004004</td>
<td>606612633984</td>
</tr>
<tr>
<td>axtls__k1__q26.cnf</td>
<td>94</td>
<td>191</td>
<td>52</td>
<td>0.003891</td>
<td>654024830976</td>
</tr>
<tr>
<td>axtls__k1__q27.cnf</td>
<td>94</td>
<td>191</td>
<td>53</td>
<td>0.003928</td>
<td>1957662604800</td>
</tr>
<tr>
<td>axtls__k1__q28.cnf</td>
<td>94</td>
<td>191</td>
<td>54</td>
<td>0.004656</td>
<td>891877848144</td>
</tr>
<tr>
<td>axtls__k1__q29.cnf</td>
<td>94</td>
<td>191</td>
<td>54</td>
<td>0.004302</td>
<td>981037246464</td>
</tr>
<tr>
<td>axtls__k1__q30.cnf</td>
<td>94</td>
<td>191</td>
<td>52</td>
<td>0.004637</td>
<td>1605333676032</td>
</tr>
<tr>
<td>axtls__k1__q31.cnf</td>
<td>94</td>
<td>191</td>
<td>36</td>
<td>0.004205</td>
<td>3743305888</td>
</tr>
<tr>
<td>axtls__k1__q32.cnf</td>
<td>94</td>
<td>191</td>
<td>38</td>
<td>0.004461</td>
<td>1950896187072</td>
</tr>
<tr>
<td>axtls__k1__q33.cnf</td>
<td>94</td>
<td>191</td>
<td>36</td>
<td>0.004322</td>
<td>3743305888</td>
</tr>
<tr>
<td>axtls__k1__q34.cnf</td>
<td>94</td>
<td>191</td>
<td>49</td>
<td>0.004362</td>
<td>535111225344</td>
</tr>
<tr>
<td>axtls__k1__q35.cnf</td>
<td>94</td>
<td>191</td>
<td>41</td>
<td>0.005335</td>
<td>1280334701184</td>
</tr>
<tr>
<td>axtls__k1__q36.cnf</td>
<td>94</td>
<td>191</td>
<td>49</td>
<td>0.0044</td>
<td>535111225344</td>
</tr>
<tr>
<td>axtls__k1__q37.cnf</td>
<td>94</td>
<td>191</td>
<td>52</td>
<td>0.005766</td>
<td>654024830976</td>
</tr>
<tr>
<td>axtls__k1__q38.cnf</td>
<td>94</td>
<td>191</td>
<td>53</td>
<td>0.005781</td>
<td>1957662604800</td>
</tr>
<tr>
<td>axtls__k1__q39.cnf</td>
<td>94</td>
<td>191</td>
<td>53</td>
<td>0.005818</td>
<td>1957662604800</td>
</tr>
<tr>
<td>axtls__k1__q40.cnf</td>
<td>94</td>
<td>191</td>
<td>58</td>
<td>0.005546</td>
<td>981063052368</td>
</tr>
<tr>
<td>axtls__k1__q41.cnf</td>
<td>94</td>
<td>191</td>
<td>41</td>
<td>0.007132</td>
<td>1280334701184</td>
</tr>
<tr>
<td>axtls__k1__q42.cnf</td>
<td>94</td>
<td>191</td>
<td>34</td>
<td>0.006289</td>
<td>973546635264</td>
</tr>
<tr>
<td>axtls__k1__q43.cnf</td>
<td>94</td>
<td>191</td>
<td>38</td>
<td>0.006624</td>
<td>51611808</td>
</tr>
<tr>
<td>axtls__k1__q44.cnf</td>
<td>94</td>
<td>191</td>
<td>53</td>
<td>0.007928</td>
<td>981037246464</td>
</tr>
<tr>
<td>axtls__k1__q45.cnf</td>
<td>94</td>
<td>191</td>
<td>38</td>
<td>0.006951</td>
<td>975448093536</td>
</tr>
<tr>
<td>axtls__k1__q46.cnf</td>
<td>94</td>
<td>191</td>
<td>36</td>
<td>0.006132</td>
<td>609962996160</td>
</tr>
<tr>
<td>axtls__k1__q47.cnf</td>
<td>94</td>
<td>191</td>
<td>34</td>
<td>0.003339</td>
<td>486773317632</td>
</tr>
<tr>
<td>axtls__k1__q48.cnf</td>
<td>94</td>
<td>191</td>
<td>36</td>
<td>0.004052</td>
<td>3743305888</td>
</tr>
<tr>
<td>axtls__k1__q49.cnf</td>
<td>94</td>
<td>191</td>
<td>49</td>
<td>0.006992</td>
<td>356740816896</td>
</tr>
<tr>
<td>axtls__k1__q50.cnf</td>
<td>94</td>
<td>191</td>
<td>52</td>
<td>0.006905</td>
<td>490518623232</td>
</tr>
<tr>
<td>axtls__k1__q51.cnf</td>
<td>94</td>
<td>191</td>
<td>58</td>
<td>0.004755</td>
<td>1962126104736</td>
</tr>
<tr>
<td>axtls__k1__q52.cnf</td>
<td>94</td>
<td>191</td>
<td>37</td>
<td>0.003456</td>
<td>650298729024</td>
</tr>
<tr>
<td>axtls__k1__q53.cnf</td>
<td>94</td>
<td>191</td>
<td>49</td>
<td>0.003617</td>
<td>356740816896</td>
</tr>
<tr>
<td>axtls__k1__q54.cnf</td>
<td>94</td>
<td>191</td>
<td>51</td>
<td>0.003722</td>
<td>981037246464</td>
</tr>
<tr>
<td>axtls__k1__q55.cnf</td>
<td>94</td>
<td>191</td>
<td>49</td>
<td>0.00373</td>
<td>713481633792</td>
</tr>
<tr>
<td>axtls__k1__q56.cnf</td>
<td>94</td>
<td>191</td>
<td>53</td>
<td>0.003856</td>
<td>1957662604800</td>
</tr>
<tr>
<td>axtls__k1__q57.cnf</td>
<td>94</td>
<td>191</td>
<td>53</td>
<td>0.0054</td>
<td>978831302400</td>
</tr>
<tr>
<td>axtls__k1__q58.cnf</td>
<td>94</td>
<td>191</td>
<td>53</td>
<td>0.0049</td>
<td>1957662604800</td>
</tr>
<tr>
<td>axtls__k1__q59.cnf</td>
<td>94</td>
<td>191</td>
<td>35</td>
<td>0.004618</td>
<td>1460319952896</td>
</tr>
<tr>
<td>axtls__k1__q60.cnf</td>
<td>94</td>
<td>191</td>
<td>58</td>
<td>0.004305</td>
<td>981063052368</td>
</tr>
<tr>
<td>axtls__k1__q61.cnf</td>
<td>94</td>
<td>191</td>
<td>54</td>
<td>0.004426</td>
<td>981037246464</td>
</tr>
<tr>
<td>axtls__k1__q62.cnf</td>
<td>94</td>
<td>191</td>
<td>36</td>
<td>0.003998</td>
<td>3743305888</td>
</tr>
<tr>
<td>axtls__k1__q63.cnf</td>
<td>94</td>
<td>191</td>
<td>53</td>
<td>0.004254</td>
<td>981037246464</td>
</tr>
<tr>
<td>axtls__k1__q64.cnf</td>
<td>94</td>
<td>191</td>
<td>54</td>
<td>0.003731</td>
<td>981037246464</td>
</tr>
<tr>
<td>axtls__k1__q65.cnf</td>
<td>94</td>
<td>191</td>
<td>35</td>
<td>0.003316</td>
<td>973546635264</td>
</tr>
<tr>
<td>axtls__k1__q66.cnf</td>
<td>94</td>
<td>191</td>
<td>34</td>
<td>0.003637</td>
<td>1273137626880</td>
</tr>
<tr>
<td>axtls__k1__q67.cnf</td>
<td>94</td>
<td>191</td>
<td>36</td>
<td>0.004002</td>
<td>3743305888</td>
</tr>
<tr>
<td>axtls__k1__q68.cnf</td>
<td>94</td>
<td>191</td>
<td>35</td>
<td>0.004068</td>
<td>1460319952896</td>
</tr>
<tr>
<td>axtls__k1__q69.cnf</td>
<td>94</td>
<td>191</td>
<td>30</td>
<td>0.004889</td>
<td>7197074304</td>
</tr>
<tr>
<td>axtls__k1__q70.cnf</td>
<td>94</td>
<td>191</td>
<td>52</td>
<td>0.005243</td>
<td>654024830976</td>
</tr>
<tr>
<td>axtls__k1__q71.cnf</td>
<td>94</td>
<td>191</td>
<td>45</td>
<td>0.004674</td>
<td>1950706406208</td>
</tr>
<tr>
<td>axtls__k1__q72.cnf</td>
<td>94</td>
<td>191</td>
<td>36</td>
<td>0.003671</td>
<td>973546635264</td>
</tr>
<tr>
<td>axtls__k1__q73.cnf</td>
<td>94</td>
<td>191</td>
<td>37</td>
<td>0.004559</td>
<td>975448093536</td>
</tr>
<tr>
<td>axtls__k1__q74.cnf</td>
<td>94</td>
<td>191</td>
<td>52</td>
<td>0.004431</td>
<td>981037246464</td>
</tr>
<tr>
<td>axtls__k1__q75.cnf</td>
<td>94</td>
<td>191</td>
<td>34</td>
<td>0.005466</td>
<td>1273137626880</td>
</tr>
<tr>
<td>axtls__k1__q76.cnf</td>
<td>94</td>
<td>191</td>
<td>53</td>
<td>0.006028</td>
<td>978831302400</td>
</tr>
<tr>
<td>axtls__k1__q77.cnf</td>
<td>94</td>
<td>191</td>
<td>52</td>
<td>0.006058</td>
<td>654024830976</td>
</tr>
<tr>
<td>axtls__k1__q78.cnf</td>
<td>94</td>
<td>191</td>
<td>34</td>
<td>0.004328</td>
<td>973546635264</td>
</tr>
<tr>
<td>axtls__k1__q79.cnf</td>
<td>94</td>
<td>191</td>
<td>43</td>
<td>0.004862</td>
<td>1280334701184</td>
</tr>
<tr>
<td>axtls__k1__q80.cnf</td>
<td>94</td>
<td>191</td>
<td>54</td>
<td>0.005954</td>
<td>891877848144</td>
</tr>
<tr>
<td>axtls__k1__q81.cnf</td>
<td>94</td>
<td>191</td>
<td>35</td>
<td>0.005266</td>
<td>973546635264</td>
</tr>
<tr>
<td>axtls__k1__q82.cnf</td>
<td>94</td>
<td>191</td>
<td>54</td>
<td>0.003929</td>
<td>981037246464</td>
</tr>
<tr>
<td>axtls__k1__q83.cnf</td>
<td>94</td>
<td>191</td>
<td>52</td>
<td>0.00405</td>
<td>654024830976</td>
</tr>
<tr>
<td>axtls__k1__q84.cnf</td>
<td>94</td>
<td>191</td>
<td>44</td>
<td>0.004571</td>
<td>1837502120832</td>
</tr>
<tr>
<td>axtls__k1__q85.cnf</td>
<td>94</td>
<td>191</td>
<td>54</td>
<td>0.004528</td>
<td>891877848144</td>
</tr>
<tr>
<td>axtls__k1__q86.cnf</td>
<td>94</td>
<td>191</td>
<td>37</td>
<td>0.00578</td>
<td>975448093536</td>
</tr>
<tr>
<td>axtls__k1__q87.cnf</td>
<td>94</td>
<td>191</td>
<td>36</td>
<td>0.003747</td>
<td>973546635264</td>
</tr>
<tr>
<td>axtls__k1__q88.cnf</td>
<td>94</td>
<td>191</td>
<td>52</td>
<td>0.004151</td>
<td>654024830976</td>
</tr>
<tr>
<td>axtls__k1__q89.cnf</td>
<td>94</td>
<td>191</td>
<td>53</td>
<td>0.003915</td>
<td>978831302400</td>
</tr>
<tr>
<td>axtls__k1__q90.cnf</td>
<td>94</td>
<td>191</td>
<td>53</td>
<td>0.003784</td>
<td>981037246464</td>
</tr>
<tr>
<td>axtls__k1__q91.cnf</td>
<td>94</td>
<td>191</td>
<td>35</td>
<td>0.003619</td>
<td>1460319952896</td>
</tr>
<tr>
<td>axtls__k1__q92.cnf</td>
<td>94</td>
<td>191</td>
<td>51</td>
<td>0.003881</td>
<td>490518623232</td>
</tr>
<tr>
<td>axtls__k1__q93.cnf</td>
<td>94</td>
<td>191</td>
<td>38</td>
<td>0.004107</td>
<td>5614958832</td>
</tr>
<tr>
<td>axtls__k2__q0.cnf</td>
<td>94</td>
<td>192</td>
<td>52</td>
<td>0.004605</td>
<td>977069746688</td>
</tr>
<tr>
<td>axtls__k2__q1.cnf</td>
<td>94</td>
<td>192</td>
<td>57</td>
<td>0.004521</td>
<td>1304357918640</td>
</tr>
<tr>
<td>axtls__k2__q2.cnf</td>
<td>94</td>
<td>192</td>
<td>32</td>
<td>0.00371</td>
<td>11419698528</td>
</tr>
<tr>
<td>axtls__k2__q3.cnf</td>
<td>94</td>
<td>192</td>
<td>49</td>
<td>0.003732</td>
<td>2975705760</td>
</tr>
<tr>
<td>axtls__k2__q4.cnf</td>
<td>94</td>
<td>192</td>
<td>40</td>
<td>0.004259</td>
<td>1277935676416</td>
</tr>
<tr>
<td>axtls__k2__q5.cnf</td>
<td>94</td>
<td>192</td>
<td>35</td>
<td>0.004237</td>
<td>1460319952896</td>
</tr>
<tr>
<td>axtls__k2__q6.cnf</td>
<td>94</td>
<td>192</td>
<td>30</td>
<td>0.004211</td>
<td>606612633984</td>
</tr>
<tr>
<td>axtls__k2__q7.cnf</td>
<td>94</td>
<td>192</td>
<td>47</td>
<td>0.003742</td>
<td>711858585600</td>
</tr>
<tr>
<td>axtls__k2__q8.cnf</td>
<td>94</td>
<td>192</td>
<td>46</td>
<td>0.004296</td>
<td>2231691264</td>
</tr>
<tr>
<td>axtls__k2__q9.cnf</td>
<td>94</td>
<td>192</td>
<td>50</td>
<td>0.005116</td>
<td>247138366464</td>
</tr>
<tr>
<td>axtls__k2__q10.cnf</td>
<td>94</td>
<td>192</td>
<td>51</td>
<td>0.00469</td>
<td>250896476160</td>
</tr>
<tr>
<td>axtls__k2__q11.cnf</td>
<td>94</td>
<td>192</td>
<td>52</td>
<td>0.004185</td>
<td>250896476160</td>
</tr>
<tr>
<td>axtls__k2__q12.cnf</td>
<td>94</td>
<td>192</td>
<td>50</td>
<td>0.004451</td>
<td>4463499936</td>
</tr>
<tr>
<td>axtls__k2__q13.cnf</td>
<td>94</td>
<td>192</td>
<td>51</td>
<td>0.004784</td>
<td>341674898208</td>
</tr>
<tr>
<td>axtls__k2__q14.cnf</td>
<td>94</td>
<td>192</td>
<td>35</td>
<td>0.006859</td>
<td>306656679168</td>
</tr>
<tr>
<td>axtls__k2__q15.cnf</td>
<td>94</td>
<td>192</td>
<td>45</td>
<td>0.00544</td>
<td>340886734848</td>
</tr>
<tr>
<td>axtls__k2__q16.cnf</td>
<td>94</td>
<td>192</td>
<td>56</td>
<td>0.005781</td>
<td>256518034752</td>
</tr>
<tr>
<td>axtls__k2__q17.cnf</td>
<td>94</td>
<td>192</td>
<td>57</td>
<td>0.006069</td>
<td>659061647520</td>
</tr>
<tr>
<td>axtls__k2__q18.cnf</td>
<td>94</td>
<td>192</td>
<td>53</td>
<td>0.006857</td>
<td>494276732928</td>
</tr>
<tr>
<td>axtls__k2__q19.cnf</td>
<td>94</td>
<td>192</td>
<td>52</td>
<td>0.005793</td>
<td>451825938432</td>
</tr>
<tr>
<td>axtls__k2__q20.cnf</td>
<td>94</td>
<td>192</td>
<td>58</td>
<td>0.006544</td>
<td>683371694208</td>
</tr>
<tr>
<td>axtls__k2__q21.cnf</td>
<td>94</td>
<td>192</td>
<td>35</td>
<td>0.005802</td>
<td>554513273280</td>
</tr>
<tr>
<td>axtls__k2__q22.cnf</td>
<td>94</td>
<td>192</td>
<td>48</td>
<td>0.005247</td>
<td>557814657024</td>
</tr>
<tr>
<td>axtls__k2__q23.cnf</td>
<td>94</td>
<td>192</td>
<td>28</td>
<td>0.005353</td>
<td>3226274688</td>
</tr>
<tr>
<td>axtls__k2__q24.cnf</td>
<td>94</td>
<td>192</td>
<td>52</td>
<td>0.005132</td>
<td>445951827024</td>
</tr>
<tr>
<td>axtls__k2__q25.cnf</td>
<td>94</td>
<td>192</td>
<td>31</td>
<td>0.003342</td>
<td>354699067392</td>
</tr>
<tr>
<td>axtls__k2__q26.cnf</td>
<td>94</td>
<td>192</td>
<td>57</td>
<td>0.004076</td>
<td>979191399424</td>
</tr>
<tr>
<td>axtls__k2__q27.cnf</td>
<td>94</td>
<td>192</td>
<td>31</td>
<td>0.003429</td>
<td>663783542784</td>
</tr>
<tr>
<td>axtls__k2__q28.cnf</td>
<td>94</td>
<td>192</td>
<td>34</td>
<td>0.0032</td>
<td>3523111424</td>
</tr>
<tr>
<td>axtls__k2__q29.cnf</td>
<td>94</td>
<td>192</td>
<td>0</td>
<td>0.000334</td>
<td>UNSAT</td>
</tr>
<tr>
<td>axtls__k2__q30.cnf</td>
<td>94</td>
<td>192</td>
<td>56</td>
<td>0.003896</td>
<td>253134825888</td>
</tr>
<tr>
<td>axtls__k2__q31.cnf</td>
<td>94</td>
<td>192</td>
<td>0</td>
<td>0.000353</td>
<td>UNSAT</td>
</tr>
<tr>
<td>axtls__k2__q32.cnf</td>
<td>94</td>
<td>192</td>
<td>33</td>
<td>0.003271</td>
<td>730140770304</td>
</tr>
<tr>
<td>axtls__k2__q33.cnf</td>
<td>94</td>
<td>192</td>
<td>52</td>
<td>0.004078</td>
<td>501792952320</td>
</tr>
<tr>
<td>axtls__k2__q34.cnf</td>
<td>94</td>
<td>192</td>
<td>35</td>
<td>0.003506</td>
<td>730159976448</td>
</tr>
<tr>
<td>axtls__k2__q35.cnf</td>
<td>94</td>
<td>192</td>
<td>21</td>
<td>0.0037</td>
<td>33677952</td>
</tr>
<tr>
<td>axtls__k2__q36.cnf</td>
<td>94</td>
<td>192</td>
<td>34</td>
<td>0.003591</td>
<td>532061430192</td>
</tr>
<tr>
<td>axtls__k2__q37.cnf</td>
<td>94</td>
<td>192</td>
<td>58</td>
<td>0.004306</td>
<td>1962126104736</td>
</tr>
<tr>
<td>axtls__k2__q38.cnf</td>
<td>94</td>
<td>192</td>
<td>54</td>
<td>0.004959</td>
<td>491660333472</td>
</tr>
<tr>
<td>axtls__k2__q40.cnf</td>
<td>94</td>
<td>192</td>
<td>31</td>
<td>0.003652</td>
<td>531024273408</td>
</tr>
<tr>
<td>axtls__k2__q41.cnf</td>
<td>94</td>
<td>192</td>
<td>37</td>
<td>0.006008</td>
<td>7486710240</td>
</tr>
<tr>
<td>axtls__k2__q42.cnf</td>
<td>94</td>
<td>192</td>
<td>26</td>
<td>0.005272</td>
<td>61664182272</td>
</tr>
<tr>
<td>axtls__k2__q43.cnf</td>
<td>94</td>
<td>192</td>
<td>37</td>
<td>0.004213</td>
<td>305671278528</td>
</tr>
<tr>
<td>axtls__k2__q44.cnf</td>
<td>94</td>
<td>192</td>
<td>56</td>
<td>0.00461</td>
<td>657793992000</td>
</tr>
<tr>
<td>axtls__k2__q45.cnf</td>
<td>94</td>
<td>192</td>
<td>36</td>
<td>0.004049</td>
<td>542189329920</td>
</tr>
<tr>
<td>axtls__k2__q46.cnf</td>
<td>94</td>
<td>192</td>
<td>33</td>
<td>0.003871</td>
<td>532061430192</td>
</tr>
<tr>
<td>axtls__k2__q47.cnf</td>
<td>94</td>
<td>192</td>
<td>51</td>
<td>0.004476</td>
<td>435392686080</td>
</tr>
<tr>
<td>axtls__k2__q48.cnf</td>
<td>94</td>
<td>192</td>
<td>27</td>
<td>0.003462</td>
<td>347210219520</td>
</tr>
<tr>
<td>axtls__k2__q49.cnf</td>
<td>94</td>
<td>192</td>
<td>38</td>
<td>0.004606</td>
<td>124623983904</td>
</tr>
<tr>
<td>axtls__k2__q0.cnf</td>
<td>94</td>
<td>192</td>
<td>52</td>
<td>0.003941</td>
<td>977069746688</td>
</tr>
<tr>
<td>axtls__k2__q1.cnf</td>
<td>94</td>
<td>192</td>
<td>57</td>
<td>0.00463</td>
<td>1304357918640</td>
</tr>
<tr>
<td>axtls__k2__q2.cnf</td>
<td>94</td>
<td>192</td>
<td>32</td>
<td>0.003947</td>
<td>11419698528</td>
</tr>
<tr>
<td>axtls__k2__q3.cnf</td>
<td>94</td>
<td>192</td>
<td>49</td>
<td>0.003938</td>
<td>2975705760</td>
</tr>
<tr>
<td>axtls__k2__q4.cnf</td>
<td>94</td>
<td>192</td>
<td>40</td>
<td>0.004388</td>
<td>1277935676416</td>
</tr>
<tr>
<td>axtls__k2__q5.cnf</td>
<td>94</td>
<td>192</td>
<td>35</td>
<td>0.003811</td>
<td>1460319952896</td>
</tr>
<tr>
<td>axtls__k2__q6.cnf</td>
<td>94</td>
<td>192</td>
<td>30</td>
<td>0.004401</td>
<td>606612633984</td>
</tr>
<tr>
<td>axtls__k2__q7.cnf</td>
<td>94</td>
<td>192</td>
<td>47</td>
<td>0.005375</td>
<td>711858585600</td>
</tr>
<tr>
<td>axtls__k2__q8.cnf</td>
<td>94</td>
<td>192</td>
<td>46</td>
<td>0.004465</td>
<td>2231691264</td>
</tr>
<tr>
<td>axtls__k2__q9.cnf</td>
<td>94</td>
<td>192</td>
<td>50</td>
<td>0.005068</td>
<td>247138366464</td>
</tr>
<tr>
<td>axtls__k2__q10.cnf</td>
<td>94</td>
<td>192</td>
<td>51</td>
<td>0.005398</td>
<td>250896476160</td>
</tr>
<tr>
<td>axtls__k2__q11.cnf</td>
<td>94</td>
<td>192</td>
<td>52</td>
<td>0.005237</td>
<td>250896476160</td>
</tr>
<tr>
<td>axtls__k2__q12.cnf</td>
<td>94</td>
<td>192</td>
<td>50</td>
<td>0.003673</td>
<td>4463499936</td>
</tr>
<tr>
<td>axtls__k2__q13.cnf</td>
<td>94</td>
<td>192</td>
<td>51</td>
<td>0.004146</td>
<td>341674898208</td>
</tr>
<tr>
<td>axtls__k2__q14.cnf</td>
<td>94</td>
<td>192</td>
<td>35</td>
<td>0.006369</td>
<td>306656679168</td>
</tr>
<tr>
<td>axtls__k2__q15.cnf</td>
<td>94</td>
<td>192</td>
<td>45</td>
<td>0.006033</td>
<td>340886734848</td>
</tr>
<tr>
<td>axtls__k2__q16.cnf</td>
<td>94</td>
<td>192</td>
<td>56</td>
<td>0.007015</td>
<td>256518034752</td>
</tr>
<tr>
<td>axtls__k2__q17.cnf</td>
<td>94</td>
<td>192</td>
<td>57</td>
<td>0.0074</td>
<td>659061647520</td>
</tr>
<tr>
<td>axtls__k2__q18.cnf</td>
<td>94</td>
<td>192</td>
<td>53</td>
<td>0.0068</td>
<td>494276732928</td>
</tr>
<tr>
<td>axtls__k2__q19.cnf</td>
<td>94</td>
<td>192</td>
<td>52</td>
<td>0.005606</td>
<td>451825938432</td>
</tr>
<tr>
<td>axtls__k2__q20.cnf</td>
<td>94</td>
<td>192</td>
<td>58</td>
<td>0.005237</td>
<td>683371694208</td>
</tr>
<tr>
<td>axtls__k2__q21.cnf</td>
<td>94</td>
<td>192</td>
<td>35</td>
<td>0.004072</td>
<td>554513273280</td>
</tr>
<tr>
<td>axtls__k2__q22.cnf</td>
<td>94</td>
<td>192</td>
<td>48</td>
<td>0.004503</td>
<td>557814657024</td>
</tr>
<tr>
<td>axtls__k2__q23.cnf</td>
<td>94</td>
<td>192</td>
<td>28</td>
<td>0.003974</td>
<td>3226274688</td>
</tr>
<tr>
<td>axtls__k2__q24.cnf</td>
<td>94</td>
<td>192</td>
<td>52</td>
<td>0.005118</td>
<td>445951827024</td>
</tr>
<tr>
<td>axtls__k2__q25.cnf</td>
<td>94</td>
<td>192</td>
<td>31</td>
<td>0.006239</td>
<td>354699067392</td>
</tr>
<tr>
<td>axtls__k2__q26.cnf</td>
<td>94</td>
<td>192</td>
<td>57</td>
<td>0.007208</td>
<td>979191399424</td>
</tr>
<tr>
<td>axtls__k2__q27.cnf</td>
<td>94</td>
<td>192</td>
<td>31</td>
<td>0.00561</td>
<td>663783542784</td>
</tr>
<tr>
<td>axtls__k2__q28.cnf</td>
<td>94</td>
<td>192</td>
<td>34</td>
<td>0.007096</td>
<td>3523111424</td>
</tr>
<tr>
<td>axtls__k2__q29.cnf</td>
<td>94</td>
<td>192</td>
<td>0</td>
<td>0.000529</td>
<td>UNSAT</td>
</tr>
<tr>
<td>axtls__k2__q30.cnf</td>
<td>94</td>
<td>192</td>
<td>56</td>
<td>0.007295</td>
<td>253134825888</td>
</tr>
<tr>
<td>axtls__k2__q31.cnf</td>
<td>94</td>
<td>192</td>
<td>0</td>
<td>0.00054</td>
<td>UNSAT</td>
</tr>
<tr>
<td>axtls__k2__q32.cnf</td>
<td>94</td>
<td>192</td>
<td>33</td>
<td>0.005439</td>
<td>730140770304</td>
</tr>
<tr>
<td>axtls__k2__q33.cnf</td>
<td>94</td>
<td>192</td>
<td>52</td>
<td>0.004946</td>
<td>501792952320</td>
</tr>
<tr>
<td>axtls__k2__q34.cnf</td>
<td>94</td>
<td>192</td>
<td>35</td>
<td>0.004361</td>
<td>730159976448</td>
</tr>
<tr>
<td>axtls__k2__q35.cnf</td>
<td>94</td>
<td>192</td>
<td>21</td>
<td>0.007192</td>
<td>33677952</td>
</tr>
<tr>
<td>axtls__k2__q36.cnf</td>
<td>94</td>
<td>192</td>
<td>34</td>
<td>0.006611</td>
<td>532061430192</td>
</tr>
<tr>
<td>axtls__k2__q37.cnf</td>
<td>94</td>
<td>192</td>
<td>58</td>
<td>0.00879</td>
<td>1962126104736</td>
</tr>
<tr>
<td>axtls__k2__q38.cnf</td>
<td>94</td>
<td>192</td>
<td>54</td>
<td>0.006772</td>
<td>491660333472</td>
</tr>
<tr>
<td>axtls__k2__q40.cnf</td>
<td>94</td>
<td>192</td>
<td>31</td>
<td>0.006221</td>
<td>531024273408</td>
</tr>
<tr>
<td>axtls__k2__q41.cnf</td>
<td>94</td>
<td>192</td>
<td>37</td>
<td>0.004997</td>
<td>7486710240</td>
</tr>
<tr>
<td>axtls__k2__q42.cnf</td>
<td>94</td>
<td>192</td>
<td>26</td>
<td>0.004649</td>
<td>61664182272</td>
</tr>
<tr>
<td>axtls__k2__q43.cnf</td>
<td>94</td>
<td>192</td>
<td>37</td>
<td>0.005437</td>
<td>305671278528</td>
</tr>
<tr>
<td>axtls__k2__q44.cnf</td>
<td>94</td>
<td>192</td>
<td>56</td>
<td>0.007061</td>
<td>657793992000</td>
</tr>
<tr>
<td>axtls__k2__q45.cnf</td>
<td>94</td>
<td>192</td>
<td>36</td>
<td>0.006696</td>
<td>542189329920</td>
</tr>
<tr>
<td>axtls__k2__q46.cnf</td>
<td>94</td>
<td>192</td>
<td>33</td>
<td>0.006607</td>
<td>532061430192</td>
</tr>
<tr>
<td>axtls__k2__q47.cnf</td>
<td>94</td>
<td>192</td>
<td>51</td>
<td>0.005855</td>
<td>435392686080</td>
</tr>
<tr>
<td>axtls__k2__q48.cnf</td>
<td>94</td>
<td>192</td>
<td>27</td>
<td>0.004606</td>
<td>347210219520</td>
</tr>
<tr>
<td>axtls__k2__q49.cnf</td>
<td>94</td>
<td>192</td>
<td>38</td>
<td>0.004428</td>
<td>124623983904</td>
</tr>
<tr>
<td>axtls__k2__q0.cnf</td>
<td>94</td>
<td>192</td>
<td>52</td>
<td>0.003741</td>
<td>977069746688</td>
</tr>
<tr>
<td>axtls__k2__q1.cnf</td>
<td>94</td>
<td>192</td>
<td>57</td>
<td>0.004228</td>
<td>1304357918640</td>
</tr>
<tr>
<td>axtls__k2__q2.cnf</td>
<td>94</td>
<td>192</td>
<td>32</td>
<td>0.003985</td>
<td>11419698528</td>
</tr>
<tr>
<td>axtls__k2__q3.cnf</td>
<td>94</td>
<td>192</td>
<td>49</td>
<td>0.003953</td>
<td>2975705760</td>
</tr>
<tr>
<td>axtls__k2__q4.cnf</td>
<td>94</td>
<td>192</td>
<td>40</td>
<td>0.006933</td>
<td>1277935676416</td>
</tr>
<tr>
<td>axtls__k2__q5.cnf</td>
<td>94</td>
<td>192</td>
<td>35</td>
<td>0.004943</td>
<td>1460319952896</td>
</tr>
<tr>
<td>axtls__k2__q6.cnf</td>
<td>94</td>
<td>192</td>
<td>30</td>
<td>0.004915</td>
<td>606612633984</td>
</tr>
<tr>
<td>axtls__k2__q7.cnf</td>
<td>94</td>
<td>192</td>
<td>47</td>
<td>0.004762</td>
<td>711858585600</td>
</tr>
<tr>
<td>axtls__k2__q8.cnf</td>
<td>94</td>
<td>192</td>
<td>46</td>
<td>0.003557</td>
<td>2231691264</td>
</tr>
<tr>
<td>axtls__k2__q9.cnf</td>
<td>94</td>
<td>192</td>
<td>50</td>
<td>0.003613</td>
<td>247138366464</td>
</tr>
<tr>
<td>axtls__k2__q10.cnf</td>
<td>94</td>
<td>192</td>
<td>51</td>
<td>0.003853</td>
<td>250896476160</td>
</tr>
<tr>
<td>axtls__k2__q11.cnf</td>
<td>94</td>
<td>192</td>
<td>52</td>
<td>0.005191</td>
<td>250896476160</td>
</tr>
<tr>
<td>axtls__k2__q12.cnf</td>
<td>94</td>
<td>192</td>
<td>50</td>
<td>0.004556</td>
<td>4463499936</td>
</tr>
<tr>
<td>axtls__k2__q13.cnf</td>
<td>94</td>
<td>192</td>
<td>51</td>
<td>0.004581</td>
<td>341674898208</td>
</tr>
<tr>
<td>axtls__k2__q14.cnf</td>
<td>94</td>
<td>192</td>
<td>35</td>
<td>0.005852</td>
<td>306656679168</td>
</tr>
<tr>
<td>axtls__k2__q15.cnf</td>
<td>94</td>
<td>192</td>
<td>45</td>
<td>0.005722</td>
<td>340886734848</td>
</tr>
<tr>
<td>axtls__k2__q16.cnf</td>
<td>94</td>
<td>192</td>
<td>56</td>
<td>0.005399</td>
<td>256518034752</td>
</tr>
<tr>
<td>axtls__k2__q17.cnf</td>
<td>94</td>
<td>192</td>
<td>57</td>
<td>0.006883</td>
<td>659061647520</td>
</tr>
<tr>
<td>axtls__k2__q18.cnf</td>
<td>94</td>
<td>192</td>
<td>53</td>
<td>0.00457</td>
<td>494276732928</td>
</tr>
<tr>
<td>axtls__k2__q19.cnf</td>
<td>94</td>
<td>192</td>
<td>52</td>
<td>0.004427</td>
<td>451825938432</td>
</tr>
<tr>
<td>axtls__k2__q20.cnf</td>
<td>94</td>
<td>192</td>
<td>58</td>
<td>0.00634</td>
<td>683371694208</td>
</tr>
<tr>
<td>axtls__k2__q21.cnf</td>
<td>94</td>
<td>192</td>
<td>35</td>
<td>0.004134</td>
<td>554513273280</td>
</tr>
<tr>
<td>axtls__k2__q22.cnf</td>
<td>94</td>
<td>192</td>
<td>48</td>
<td>0.003902</td>
<td>557814657024</td>
</tr>
<tr>
<td>axtls__k2__q23.cnf</td>
<td>94</td>
<td>192</td>
<td>28</td>
<td>0.004114</td>
<td>3226274688</td>
</tr>
<tr>
<td>axtls__k2__q24.cnf</td>
<td>94</td>
<td>192</td>
<td>52</td>
<td>0.004621</td>
<td>445951827024</td>
</tr>
<tr>
<td>axtls__k2__q25.cnf</td>
<td>94</td>
<td>192</td>
<td>31</td>
<td>0.003214</td>
<td>354699067392</td>
</tr>
<tr>
<td>axtls__k2__q26.cnf</td>
<td>94</td>
<td>192</td>
<td>57</td>
<td>0.004088</td>
<td>979191399424</td>
</tr>
<tr>
<td>axtls__k2__q27.cnf</td>
<td>94</td>
<td>192</td>
<td>31</td>
<td>0.003338</td>
<td>663783542784</td>
</tr>
<tr>
<td>axtls__k2__q28.cnf</td>
<td>94</td>
<td>192</td>
<td>34</td>
<td>0.003455</td>
<td>3523111424</td>
</tr>
<tr>
<td>axtls__k2__q29.cnf</td>
<td>94</td>
<td>192</td>
<td>0</td>
<td>0.000382</td>
<td>UNSAT</td>
</tr>
<tr>
<td>axtls__k2__q30.cnf</td>
<td>94</td>
<td>192</td>
<td>56</td>
<td>0.006363</td>
<td>253134825888</td>
</tr>
<tr>
<td>axtls__k2__q31.cnf</td>
<td>94</td>
<td>192</td>
<td>0</td>
<td>0.00037</td>
<td>UNSAT</td>
</tr>
<tr>
<td>axtls__k2__q32.cnf</td>
<td>94</td>
<td>192</td>
<td>33</td>
<td>0.00469</td>
<td>730140770304</td>
</tr>
<tr>
<td>axtls__k2__q33.cnf</td>
<td>94</td>
<td>192</td>
<td>52</td>
<td>0.005563</td>
<td>501792952320</td>
</tr>
<tr>
<td>axtls__k2__q34.cnf</td>
<td>94</td>
<td>192</td>
<td>35</td>
<td>0.004951</td>
<td>730159976448</td>
</tr>
<tr>
<td>axtls__k2__q35.cnf</td>
<td>94</td>
<td>192</td>
<td>21</td>
<td>0.003394</td>
<td>33677952</td>
</tr>
<tr>
<td>axtls__k2__q36.cnf</td>
<td>94</td>
<td>192</td>
<td>34</td>
<td>0.003531</td>
<td>532061430192</td>
</tr>
<tr>
<td>axtls__k2__q37.cnf</td>
<td>94</td>
<td>192</td>
<td>58</td>
<td>0.004252</td>
<td>1962126104736</td>
</tr>
<tr>
<td>axtls__k2__q38.cnf</td>
<td>94</td>
<td>192</td>
<td>54</td>
<td>0.005723</td>
<td>491660333472</td>
</tr>
<tr>
<td>axtls__k2__q40.cnf</td>
<td>94</td>
<td>192</td>
<td>31</td>
<td>0.003675</td>
<td>531024273408</td>
</tr>
<tr>
<td>axtls__k2__q41.cnf</td>
<td>94</td>
<td>192</td>
<td>37</td>
<td>0.003747</td>
<td>7486710240</td>
</tr>
<tr>
<td>axtls__k2__q42.cnf</td>
<td>94</td>
<td>192</td>
<td>26</td>
<td>0.003425</td>
<td>61664182272</td>
</tr>
<tr>
<td>axtls__k2__q43.cnf</td>
<td>94</td>
<td>192</td>
<td>37</td>
<td>0.004153</td>
<td>305671278528</td>
</tr>
<tr>
<td>axtls__k2__q44.cnf</td>
<td>94</td>
<td>192</td>
<td>56</td>
<td>0.004868</td>
<td>657793992000</td>
</tr>
<tr>
<td>axtls__k2__q45.cnf</td>
<td>94</td>
<td>192</td>
<td>36</td>
<td>0.003871</td>
<td>542189329920</td>
</tr>
<tr>
<td>axtls__k2__q46.cnf</td>
<td>94</td>
<td>192</td>
<td>33</td>
<td>0.003542</td>
<td>532061430192</td>
</tr>
<tr>
<td>axtls__k2__q47.cnf</td>
<td>94</td>
<td>192</td>
<td>51</td>
<td>0.003828</td>
<td>435392686080</td>
</tr>
<tr>
<td>axtls__k2__q48.cnf</td>
<td>94</td>
<td>192</td>
<td>27</td>
<td>0.00329</td>
<td>347210219520</td>
</tr>
<tr>
<td>axtls__k2__q49.cnf</td>
<td>94</td>
<td>192</td>
<td>38</td>
<td>0.003803</td>
<td>124623983904</td>
</tr>
<tr>
<td>axtls__k2__q0.cnf</td>
<td>94</td>
<td>192</td>
<td>52</td>
<td>0.004325</td>
<td>977069746688</td>
</tr>
<tr>
<td>axtls__k2__q1.cnf</td>
<td>94</td>
<td>192</td>
<td>57</td>
<td>0.004292</td>
<td>1304357918640</td>
</tr>
<tr>
<td>axtls__k2__q2.cnf</td>
<td>94</td>
<td>192</td>
<td>32</td>
<td>0.003867</td>
<td>11419698528</td>
</tr>
<tr>
<td>axtls__k2__q3.cnf</td>
<td>94</td>
<td>192</td>
<td>49</td>
<td>0.003696</td>
<td>2975705760</td>
</tr>
<tr>
<td>axtls__k2__q4.cnf</td>
<td>94</td>
<td>192</td>
<td>40</td>
<td>0.003952</td>
<td>1277935676416</td>
</tr>
<tr>
<td>axtls__k2__q5.cnf</td>
<td>94</td>
<td>192</td>
<td>35</td>
<td>0.003553</td>
<td>1460319952896</td>
</tr>
<tr>
<td>axtls__k2__q6.cnf</td>
<td>94</td>
<td>192</td>
<td>30</td>
<td>0.003489</td>
<td>606612633984</td>
</tr>
<tr>
<td>axtls__k2__q7.cnf</td>
<td>94</td>
<td>192</td>
<td>47</td>
<td>0.00381</td>
<td>711858585600</td>
</tr>
<tr>
<td>axtls__k2__q8.cnf</td>
<td>94</td>
<td>192</td>
<td>46</td>
<td>0.003455</td>
<td>2231691264</td>
</tr>
<tr>
<td>axtls__k2__q9.cnf</td>
<td>94</td>
<td>192</td>
<td>50</td>
<td>0.003765</td>
<td>247138366464</td>
</tr>
<tr>
<td>axtls__k2__q10.cnf</td>
<td>94</td>
<td>192</td>
<td>51</td>
<td>0.003659</td>
<td>250896476160</td>
</tr>
<tr>
<td>axtls__k2__q11.cnf</td>
<td>94</td>
<td>192</td>
<td>52</td>
<td>0.004479</td>
<td>250896476160</td>
</tr>
<tr>
<td>axtls__k2__q12.cnf</td>
<td>94</td>
<td>192</td>
<td>50</td>
<td>0.004195</td>
<td>4463499936</td>
</tr>
<tr>
<td>axtls__k2__q13.cnf</td>
<td>94</td>
<td>192</td>
<td>51</td>
<td>0.003774</td>
<td>341674898208</td>
</tr>
<tr>
<td>axtls__k2__q14.cnf</td>
<td>94</td>
<td>192</td>
<td>35</td>
<td>0.003769</td>
<td>306656679168</td>
</tr>
<tr>
<td>axtls__k2__q15.cnf</td>
<td>94</td>
<td>192</td>
<td>45</td>
<td>0.003649</td>
<td>340886734848</td>
</tr>
<tr>
<td>axtls__k2__q16.cnf</td>
<td>94</td>
<td>192</td>
<td>56</td>
<td>0.004075</td>
<td>256518034752</td>
</tr>
<tr>
<td>axtls__k2__q17.cnf</td>
<td>94</td>
<td>192</td>
<td>57</td>
<td>0.004376</td>
<td>659061647520</td>
</tr>
<tr>
<td>axtls__k2__q18.cnf</td>
<td>94</td>
<td>192</td>
<td>53</td>
<td>0.004084</td>
<td>494276732928</td>
</tr>
<tr>
<td>axtls__k2__q19.cnf</td>
<td>94</td>
<td>192</td>
<td>52</td>
<td>0.00381</td>
<td>451825938432</td>
</tr>
<tr>
<td>axtls__k2__q20.cnf</td>
<td>94</td>
<td>192</td>
<td>58</td>
<td>0.004136</td>
<td>683371694208</td>
</tr>
<tr>
<td>axtls__k2__q21.cnf</td>
<td>94</td>
<td>192</td>
<td>35</td>
<td>0.003771</td>
<td>554513273280</td>
</tr>
<tr>
<td>axtls__k2__q22.cnf</td>
<td>94</td>
<td>192</td>
<td>48</td>
<td>0.003716</td>
<td>557814657024</td>
</tr>
<tr>
<td>axtls__k2__q23.cnf</td>
<td>94</td>
<td>192</td>
<td>28</td>
<td>0.003563</td>
<td>3226274688</td>
</tr>
<tr>
<td>axtls__k2__q24.cnf</td>
<td>94</td>
<td>192</td>
<td>52</td>
<td>0.007006</td>
<td>445951827024</td>
</tr>
<tr>
<td>axtls__k2__q25.cnf</td>
<td>94</td>
<td>192</td>
<td>31</td>
<td>0.004314</td>
<td>354699067392</td>
</tr>
<tr>
<td>axtls__k2__q26.cnf</td>
<td>94</td>
<td>192</td>
<td>57</td>
<td>0.005752</td>
<td>979191399424</td>
</tr>
<tr>
<td>axtls__k2__q27.cnf</td>
<td>94</td>
<td>192</td>
<td>31</td>
<td>0.005223</td>
<td>663783542784</td>
</tr>
<tr>
<td>axtls__k2__q28.cnf</td>
<td>94</td>
<td>192</td>
<td>34</td>
<td>0.004437</td>
<td>3523111424</td>
</tr>
<tr>
<td>axtls__k2__q29.cnf</td>
<td>94</td>
<td>192</td>
<td>0</td>
<td>0.000392</td>
<td>UNSAT</td>
</tr>
<tr>
<td>axtls__k2__q30.cnf</td>
<td>94</td>
<td>192</td>
<td>56</td>
<td>0.00493</td>
<td>253134825888</td>
</tr>
<tr>
<td>axtls__k2__q31.cnf</td>
<td>94</td>
<td>192</td>
<td>0</td>
<td>0.000361</td>
<td>UNSAT</td>
</tr>
<tr>
<td>axtls__k2__q32.cnf</td>
<td>94</td>
<td>192</td>
<td>33</td>
<td>0.003789</td>
<td>730140770304</td>
</tr>
<tr>
<td>axtls__k2__q33.cnf</td>
<td>94</td>
<td>192</td>
<td>52</td>
<td>0.003929</td>
<td>501792952320</td>
</tr>
<tr>
<td>axtls__k2__q34.cnf</td>
<td>94</td>
<td>192</td>
<td>35</td>
<td>0.003442</td>
<td>730159976448</td>
</tr>
<tr>
<td>axtls__k2__q35.cnf</td>
<td>94</td>
<td>192</td>
<td>21</td>
<td>0.003255</td>
<td>33677952</td>
</tr>
<tr>
<td>axtls__k2__q36.cnf</td>
<td>94</td>
<td>192</td>
<td>34</td>
<td>0.003735</td>
<td>532061430192</td>
</tr>
<tr>
<td>axtls__k2__q37.cnf</td>
<td>94</td>
<td>192</td>
<td>58</td>
<td>0.004581</td>
<td>1962126104736</td>
</tr>
<tr>
<td>axtls__k2__q38.cnf</td>
<td>94</td>
<td>192</td>
<td>54</td>
<td>0.004786</td>
<td>491660333472</td>
</tr>
<tr>
<td>axtls__k2__q40.cnf</td>
<td>94</td>
<td>192</td>
<td>31</td>
<td>0.003527</td>
<td>531024273408</td>
</tr>
<tr>
<td>axtls__k2__q41.cnf</td>
<td>94</td>
<td>192</td>
<td>37</td>
<td>0.003648</td>
<td>7486710240</td>
</tr>
<tr>
<td>axtls__k2__q42.cnf</td>
<td>94</td>
<td>192</td>
<td>26</td>
<td>0.003541</td>
<td>61664182272</td>
</tr>
<tr>
<td>axtls__k2__q43.cnf</td>
<td>94</td>
<td>192</td>
<td>37</td>
<td>0.003987</td>
<td>305671278528</td>
</tr>
<tr>
<td>axtls__k2__q44.cnf</td>
<td>94</td>
<td>192</td>
<td>56</td>
<td>0.004619</td>
<td>657793992000</td>
</tr>
<tr>
<td>axtls__k2__q45.cnf</td>
<td>94</td>
<td>192</td>
<td>36</td>
<td>0.003808</td>
<td>542189329920</td>
</tr>
<tr>
<td>axtls__k2__q46.cnf</td>
<td>94</td>
<td>192</td>
<td>33</td>
<td>0.003615</td>
<td>532061430192</td>
</tr>
<tr>
<td>axtls__k2__q47.cnf</td>
<td>94</td>
<td>192</td>
<td>51</td>
<td>0.004072</td>
<td>435392686080</td>
</tr>
<tr>
<td>axtls__k2__q48.cnf</td>
<td>94</td>
<td>192</td>
<td>27</td>
<td>0.003974</td>
<td>347210219520</td>
</tr>
<tr>
<td>axtls__k2__q49.cnf</td>
<td>94</td>
<td>192</td>
<td>38</td>
<td>0.005426</td>
<td>124623983904</td>
</tr>
<tr>
<td>axtls__k2__q0.cnf</td>
<td>94</td>
<td>192</td>
<td>52</td>
<td>0.004987</td>
<td>977069746688</td>
</tr>
<tr>
<td>axtls__k2__q1.cnf</td>
<td>94</td>
<td>192</td>
<td>57</td>
<td>0.00537</td>
<td>1304357918640</td>
</tr>
<tr>
<td>axtls__k2__q2.cnf</td>
<td>94</td>
<td>192</td>
<td>32</td>
<td>0.005212</td>
<td>11419698528</td>
</tr>
<tr>
<td>axtls__k2__q3.cnf</td>
<td>94</td>
<td>192</td>
<td>49</td>
<td>0.00631</td>
<td>2975705760</td>
</tr>
<tr>
<td>axtls__k2__q4.cnf</td>
<td>94</td>
<td>192</td>
<td>40</td>
<td>0.006263</td>
<td>1277935676416</td>
</tr>
<tr>
<td>axtls__k2__q5.cnf</td>
<td>94</td>
<td>192</td>
<td>35</td>
<td>0.003708</td>
<td>1460319952896</td>
</tr>
<tr>
<td>axtls__k2__q6.cnf</td>
<td>94</td>
<td>192</td>
<td>30</td>
<td>0.003436</td>
<td>606612633984</td>
</tr>
<tr>
<td>axtls__k2__q7.cnf</td>
<td>94</td>
<td>192</td>
<td>47</td>
<td>0.003648</td>
<td>711858585600</td>
</tr>
<tr>
<td>axtls__k2__q8.cnf</td>
<td>94</td>
<td>192</td>
<td>46</td>
<td>0.004547</td>
<td>2231691264</td>
</tr>
<tr>
<td>axtls__k2__q9.cnf</td>
<td>94</td>
<td>192</td>
<td>50</td>
<td>0.003957</td>
<td>247138366464</td>
</tr>
<tr>
<td>axtls__k2__q10.cnf</td>
<td>94</td>
<td>192</td>
<td>51</td>
<td>0.00421</td>
<td>250896476160</td>
</tr>
<tr>
<td>axtls__k2__q11.cnf</td>
<td>94</td>
<td>192</td>
<td>52</td>
<td>0.004311</td>
<td>250896476160</td>
</tr>
<tr>
<td>axtls__k2__q12.cnf</td>
<td>94</td>
<td>192</td>
<td>50</td>
<td>0.003695</td>
<td>4463499936</td>
</tr>
<tr>
<td>axtls__k2__q13.cnf</td>
<td>94</td>
<td>192</td>
<td>51</td>
<td>0.004131</td>
<td>341674898208</td>
</tr>
<tr>
<td>axtls__k2__q14.cnf</td>
<td>94</td>
<td>192</td>
<td>35</td>
<td>0.004121</td>
<td>306656679168</td>
</tr>
<tr>
<td>axtls__k2__q15.cnf</td>
<td>94</td>
<td>192</td>
<td>45</td>
<td>0.003777</td>
<td>340886734848</td>
</tr>
<tr>
<td>axtls__k2__q16.cnf</td>
<td>94</td>
<td>192</td>
<td>56</td>
<td>0.004914</td>
<td>256518034752</td>
</tr>
<tr>
<td>axtls__k2__q17.cnf</td>
<td>94</td>
<td>192</td>
<td>57</td>
<td>0.004151</td>
<td>659061647520</td>
</tr>
<tr>
<td>axtls__k2__q18.cnf</td>
<td>94</td>
<td>192</td>
<td>53</td>
<td>0.004489</td>
<td>494276732928</td>
</tr>
<tr>
<td>axtls__k2__q19.cnf</td>
<td>94</td>
<td>192</td>
<td>52</td>
<td>0.004261</td>
<td>451825938432</td>
</tr>
<tr>
<td>axtls__k2__q20.cnf</td>
<td>94</td>
<td>192</td>
<td>58</td>
<td>0.004825</td>
<td>683371694208</td>
</tr>
<tr>
<td>axtls__k2__q21.cnf</td>
<td>94</td>
<td>192</td>
<td>35</td>
<td>0.004997</td>
<td>554513273280</td>
</tr>
<tr>
<td>axtls__k2__q22.cnf</td>
<td>94</td>
<td>192</td>
<td>48</td>
<td>0.005546</td>
<td>557814657024</td>
</tr>
<tr>
<td>axtls__k2__q23.cnf</td>
<td>94</td>
<td>192</td>
<td>28</td>
<td>0.003403</td>
<td>3226274688</td>
</tr>
<tr>
<td>axtls__k2__q24.cnf</td>
<td>94</td>
<td>192</td>
<td>52</td>
<td>0.004934</td>
<td>445951827024</td>
</tr>
<tr>
<td>axtls__k2__q25.cnf</td>
<td>94</td>
<td>192</td>
<td>31</td>
<td>0.003418</td>
<td>354699067392</td>
</tr>
<tr>
<td>axtls__k2__q26.cnf</td>
<td>94</td>
<td>192</td>
<td>57</td>
<td>0.005062</td>
<td>979191399424</td>
</tr>
<tr>
<td>axtls__k2__q27.cnf</td>
<td>94</td>
<td>192</td>
<td>31</td>
<td>0.003383</td>
<td>663783542784</td>
</tr>
<tr>
<td>axtls__k2__q28.cnf</td>
<td>94</td>
<td>192</td>
<td>34</td>
<td>0.004231</td>
<td>3523111424</td>
</tr>
<tr>
<td>axtls__k2__q29.cnf</td>
<td>94</td>
<td>192</td>
<td>0</td>
<td>0.000309</td>
<td>UNSAT</td>
</tr>
<tr>
<td>axtls__k2__q30.cnf</td>
<td>94</td>
<td>192</td>
<td>56</td>
<td>0.004784</td>
<td>253134825888</td>
</tr>
<tr>
<td>axtls__k2__q31.cnf</td>
<td>94</td>
<td>192</td>
<td>0</td>
<td>0.000283</td>
<td>UNSAT</td>
</tr>
<tr>
<td>axtls__k2__q32.cnf</td>
<td>94</td>
<td>192</td>
<td>33</td>
<td>0.003722</td>
<td>730140770304</td>
</tr>
<tr>
<td>axtls__k2__q33.cnf</td>
<td>94</td>
<td>192</td>
<td>52</td>
<td>0.00459</td>
<td>501792952320</td>
</tr>
<tr>
<td>axtls__k2__q34.cnf</td>
<td>94</td>
<td>192</td>
<td>35</td>
<td>0.003442</td>
<td>730159976448</td>
</tr>
<tr>
<td>axtls__k2__q35.cnf</td>
<td>94</td>
<td>192</td>
<td>21</td>
<td>0.004641</td>
<td>33677952</td>
</tr>
<tr>
<td>axtls__k2__q36.cnf</td>
<td>94</td>
<td>192</td>
<td>34</td>
<td>0.00379</td>
<td>532061430192</td>
</tr>
<tr>
<td>axtls__k2__q37.cnf</td>
<td>94</td>
<td>192</td>
<td>58</td>
<td>0.004357</td>
<td>1962126104736</td>
</tr>
<tr>
<td>axtls__k2__q38.cnf</td>
<td>94</td>
<td>192</td>
<td>54</td>
<td>0.005894</td>
<td>491660333472</td>
</tr>
<tr>
<td>axtls__k2__q40.cnf</td>
<td>94</td>
<td>192</td>
<td>31</td>
<td>0.003521</td>
<td>531024273408</td>
</tr>
<tr>
<td>axtls__k2__q41.cnf</td>
<td>94</td>
<td>192</td>
<td>37</td>
<td>0.003676</td>
<td>7486710240</td>
</tr>
<tr>
<td>axtls__k2__q42.cnf</td>
<td>94</td>
<td>192</td>
<td>26</td>
<td>0.003369</td>
<td>61664182272</td>
</tr>
<tr>
<td>axtls__k2__q43.cnf</td>
<td>94</td>
<td>192</td>
<td>37</td>
<td>0.003958</td>
<td>305671278528</td>
</tr>
<tr>
<td>axtls__k2__q44.cnf</td>
<td>94</td>
<td>192</td>
<td>56</td>
<td>0.004208</td>
<td>657793992000</td>
</tr>
<tr>
<td>axtls__k2__q45.cnf</td>
<td>94</td>
<td>192</td>
<td>36</td>
<td>0.004348</td>
<td>542189329920</td>
</tr>
<tr>
<td>axtls__k2__q46.cnf</td>
<td>94</td>
<td>192</td>
<td>33</td>
<td>0.003844</td>
<td>532061430192</td>
</tr>
<tr>
<td>axtls__k2__q47.cnf</td>
<td>94</td>
<td>192</td>
<td>51</td>
<td>0.004713</td>
<td>435392686080</td>
</tr>
<tr>
<td>axtls__k2__q48.cnf</td>
<td>94</td>
<td>192</td>
<td>27</td>
<td>0.003762</td>
<td>347210219520</td>
</tr>
<tr>
<td>axtls__k2__q49.cnf</td>
<td>94</td>
<td>192</td>
<td>38</td>
<td>0.003914</td>
<td>124623983904</td>
</tr>
<tr>
<td>axtls__k2__q0.cnf</td>
<td>94</td>
<td>192</td>
<td>52</td>
<td>0.003771</td>
<td>977069746688</td>
</tr>
<tr>
<td>axtls__k2__q1.cnf</td>
<td>94</td>
<td>192</td>
<td>57</td>
<td>0.004083</td>
<td>1304357918640</td>
</tr>
<tr>
<td>axtls__k2__q2.cnf</td>
<td>94</td>
<td>192</td>
<td>32</td>
<td>0.004499</td>
<td>11419698528</td>
</tr>
<tr>
<td>axtls__k2__q3.cnf</td>
<td>94</td>
<td>192</td>
<td>49</td>
<td>0.004766</td>
<td>2975705760</td>
</tr>
<tr>
<td>axtls__k2__q4.cnf</td>
<td>94</td>
<td>192</td>
<td>40</td>
<td>0.006398</td>
<td>1277935676416</td>
</tr>
<tr>
<td>axtls__k2__q5.cnf</td>
<td>94</td>
<td>192</td>
<td>35</td>
<td>0.004011</td>
<td>1460319952896</td>
</tr>
<tr>
<td>axtls__k2__q6.cnf</td>
<td>94</td>
<td>192</td>
<td>30</td>
<td>0.004075</td>
<td>606612633984</td>
</tr>
<tr>
<td>axtls__k2__q7.cnf</td>
<td>94</td>
<td>192</td>
<td>47</td>
<td>0.005413</td>
<td>711858585600</td>
</tr>
<tr>
<td>axtls__k2__q8.cnf</td>
<td>94</td>
<td>192</td>
<td>46</td>
<td>0.003888</td>
<td>2231691264</td>
</tr>
<tr>
<td>axtls__k2__q9.cnf</td>
<td>94</td>
<td>192</td>
<td>50</td>
<td>0.003852</td>
<td>247138366464</td>
</tr>
<tr>
<td>axtls__k2__q10.cnf</td>
<td>94</td>
<td>192</td>
<td>51</td>
<td>0.004979</td>
<td>250896476160</td>
</tr>
<tr>
<td>axtls__k2__q11.cnf</td>
<td>94</td>
<td>192</td>
<td>52</td>
<td>0.007671</td>
<td>250896476160</td>
</tr>
<tr>
<td>axtls__k2__q12.cnf</td>
<td>94</td>
<td>192</td>
<td>50</td>
<td>0.007376</td>
<td>4463499936</td>
</tr>
<tr>
<td>axtls__k2__q13.cnf</td>
<td>94</td>
<td>192</td>
<td>51</td>
<td>0.007128</td>
<td>341674898208</td>
</tr>
<tr>
<td>axtls__k2__q14.cnf</td>
<td>94</td>
<td>192</td>
<td>35</td>
<td>0.004893</td>
<td>306656679168</td>
</tr>
<tr>
<td>axtls__k2__q15.cnf</td>
<td>94</td>
<td>192</td>
<td>45</td>
<td>0.003612</td>
<td>340886734848</td>
</tr>
<tr>
<td>axtls__k2__q16.cnf</td>
<td>94</td>
<td>192</td>
<td>56</td>
<td>0.003962</td>
<td>256518034752</td>
</tr>
<tr>
<td>axtls__k2__q17.cnf</td>
<td>94</td>
<td>192</td>
<td>57</td>
<td>0.004802</td>
<td>659061647520</td>
</tr>
<tr>
<td>axtls__k2__q18.cnf</td>
<td>94</td>
<td>192</td>
<td>53</td>
<td>0.005225</td>
<td>494276732928</td>
</tr>
<tr>
<td>axtls__k2__q19.cnf</td>
<td>94</td>
<td>192</td>
<td>52</td>
<td>0.006054</td>
<td>451825938432</td>
</tr>
<tr>
<td>axtls__k2__q20.cnf</td>
<td>94</td>
<td>192</td>
<td>58</td>
<td>0.00673</td>
<td>683371694208</td>
</tr>
<tr>
<td>axtls__k2__q21.cnf</td>
<td>94</td>
<td>192</td>
<td>35</td>
<td>0.006009</td>
<td>554513273280</td>
</tr>
<tr>
<td>axtls__k2__q22.cnf</td>
<td>94</td>
<td>192</td>
<td>48</td>
<td>0.004863</td>
<td>557814657024</td>
</tr>
<tr>
<td>axtls__k2__q23.cnf</td>
<td>94</td>
<td>192</td>
<td>28</td>
<td>0.004096</td>
<td>3226274688</td>
</tr>
<tr>
<td>axtls__k2__q24.cnf</td>
<td>94</td>
<td>192</td>
<td>52</td>
<td>0.005618</td>
<td>445951827024</td>
</tr>
<tr>
<td>axtls__k2__q25.cnf</td>
<td>94</td>
<td>192</td>
<td>31</td>
<td>0.004214</td>
<td>354699067392</td>
</tr>
<tr>
<td>axtls__k2__q26.cnf</td>
<td>94</td>
<td>192</td>
<td>57</td>
<td>0.005682</td>
<td>979191399424</td>
</tr>
<tr>
<td>axtls__k2__q27.cnf</td>
<td>94</td>
<td>192</td>
<td>31</td>
<td>0.005982</td>
<td>663783542784</td>
</tr>
<tr>
<td>axtls__k2__q28.cnf</td>
<td>94</td>
<td>192</td>
<td>34</td>
<td>0.005622</td>
<td>3523111424</td>
</tr>
<tr>
<td>axtls__k2__q29.cnf</td>
<td>94</td>
<td>192</td>
<td>0</td>
<td>0.000427</td>
<td>UNSAT</td>
</tr>
<tr>
<td>axtls__k2__q30.cnf</td>
<td>94</td>
<td>192</td>
<td>56</td>
<td>0.005011</td>
<td>253134825888</td>
</tr>
<tr>
<td>axtls__k2__q31.cnf</td>
<td>94</td>
<td>192</td>
<td>0</td>
<td>0.000285</td>
<td>UNSAT</td>
</tr>
<tr>
<td>axtls__k2__q32.cnf</td>
<td>94</td>
<td>192</td>
<td>33</td>
<td>0.00423</td>
<td>730140770304</td>
</tr>
<tr>
<td>axtls__k2__q33.cnf</td>
<td>94</td>
<td>192</td>
<td>52</td>
<td>0.004618</td>
<td>501792952320</td>
</tr>
<tr>
<td>axtls__k2__q34.cnf</td>
<td>94</td>
<td>192</td>
<td>35</td>
<td>0.004067</td>
<td>730159976448</td>
</tr>
<tr>
<td>axtls__k2__q35.cnf</td>
<td>94</td>
<td>192</td>
<td>21</td>
<td>0.005177</td>
<td>33677952</td>
</tr>
<tr>
<td>axtls__k2__q36.cnf</td>
<td>94</td>
<td>192</td>
<td>34</td>
<td>0.00554</td>
<td>532061430192</td>
</tr>
<tr>
<td>axtls__k2__q37.cnf</td>
<td>94</td>
<td>192</td>
<td>58</td>
<td>0.004242</td>
<td>1962126104736</td>
</tr>
<tr>
<td>axtls__k2__q38.cnf</td>
<td>94</td>
<td>192</td>
<td>54</td>
<td>0.004303</td>
<td>491660333472</td>
</tr>
<tr>
<td>axtls__k2__q40.cnf</td>
<td>94</td>
<td>192</td>
<td>31</td>
<td>0.003591</td>
<td>531024273408</td>
</tr>
<tr>
<td>axtls__k2__q41.cnf</td>
<td>94</td>
<td>192</td>
<td>37</td>
<td>0.00346</td>
<td>7486710240</td>
</tr>
<tr>
<td>axtls__k2__q42.cnf</td>
<td>94</td>
<td>192</td>
<td>26</td>
<td>0.003326</td>
<td>61664182272</td>
</tr>
<tr>
<td>axtls__k2__q43.cnf</td>
<td>94</td>
<td>192</td>
<td>37</td>
<td>0.003846</td>
<td>305671278528</td>
</tr>
<tr>
<td>axtls__k2__q44.cnf</td>
<td>94</td>
<td>192</td>
<td>56</td>
<td>0.004307</td>
<td>657793992000</td>
</tr>
<tr>
<td>axtls__k2__q45.cnf</td>
<td>94</td>
<td>192</td>
<td>36</td>
<td>0.003908</td>
<td>542189329920</td>
</tr>
<tr>
<td>axtls__k2__q46.cnf</td>
<td>94</td>
<td>192</td>
<td>33</td>
<td>0.003367</td>
<td>532061430192</td>
</tr>
<tr>
<td>axtls__k2__q47.cnf</td>
<td>94</td>
<td>192</td>
<td>51</td>
<td>0.003909</td>
<td>435392686080</td>
</tr>
<tr>
<td>axtls__k2__q48.cnf</td>
<td>94</td>
<td>192</td>
<td>27</td>
<td>0.003219</td>
<td>347210219520</td>
</tr>
<tr>
<td>axtls__k2__q49.cnf</td>
<td>94</td>
<td>192</td>
<td>38</td>
<td>0.004148</td>
<td>124623983904</td>
</tr>
<tr>
<td>axtls__k2__q0.cnf</td>
<td>94</td>
<td>192</td>
<td>52</td>
<td>0.003832</td>
<td>977069746688</td>
</tr>
<tr>
<td>axtls__k2__q1.cnf</td>
<td>94</td>
<td>192</td>
<td>57</td>
<td>0.004023</td>
<td>1304357918640</td>
</tr>
<tr>
<td>axtls__k2__q2.cnf</td>
<td>94</td>
<td>192</td>
<td>32</td>
<td>0.004062</td>
<td>11419698528</td>
</tr>
<tr>
<td>axtls__k2__q3.cnf</td>
<td>94</td>
<td>192</td>
<td>49</td>
<td>0.003681</td>
<td>2975705760</td>
</tr>
<tr>
<td>axtls__k2__q4.cnf</td>
<td>94</td>
<td>192</td>
<td>40</td>
<td>0.004514</td>
<td>1277935676416</td>
</tr>
<tr>
<td>axtls__k2__q5.cnf</td>
<td>94</td>
<td>192</td>
<td>35</td>
<td>0.003415</td>
<td>1460319952896</td>
</tr>
<tr>
<td>axtls__k2__q6.cnf</td>
<td>94</td>
<td>192</td>
<td>30</td>
<td>0.003706</td>
<td>606612633984</td>
</tr>
<tr>
<td>axtls__k2__q7.cnf</td>
<td>94</td>
<td>192</td>
<td>47</td>
<td>0.003724</td>
<td>711858585600</td>
</tr>
<tr>
<td>axtls__k2__q8.cnf</td>
<td>94</td>
<td>192</td>
<td>46</td>
<td>0.004052</td>
<td>2231691264</td>
</tr>
<tr>
<td>axtls__k2__q9.cnf</td>
<td>94</td>
<td>192</td>
<td>50</td>
<td>0.00419</td>
<td>247138366464</td>
</tr>
<tr>
<td>axtls__k2__q10.cnf</td>
<td>94</td>
<td>192</td>
<td>51</td>
<td>0.00418</td>
<td>250896476160</td>
</tr>
<tr>
<td>axtls__k2__q11.cnf</td>
<td>94</td>
<td>192</td>
<td>52</td>
<td>0.003961</td>
<td>250896476160</td>
</tr>
<tr>
<td>axtls__k2__q12.cnf</td>
<td>94</td>
<td>192</td>
<td>50</td>
<td>0.003667</td>
<td>4463499936</td>
</tr>
<tr>
<td>axtls__k2__q13.cnf</td>
<td>94</td>
<td>192</td>
<td>51</td>
<td>0.003827</td>
<td>341674898208</td>
</tr>
<tr>
<td>axtls__k2__q14.cnf</td>
<td>94</td>
<td>192</td>
<td>35</td>
<td>0.003784</td>
<td>306656679168</td>
</tr>
<tr>
<td>axtls__k2__q15.cnf</td>
<td>94</td>
<td>192</td>
<td>45</td>
<td>0.003748</td>
<td>340886734848</td>
</tr>
<tr>
<td>axtls__k2__q16.cnf</td>
<td>94</td>
<td>192</td>
<td>56</td>
<td>0.003984</td>
<td>256518034752</td>
</tr>
<tr>
<td>axtls__k2__q17.cnf</td>
<td>94</td>
<td>192</td>
<td>57</td>
<td>0.004223</td>
<td>659061647520</td>
</tr>
<tr>
<td>axtls__k2__q18.cnf</td>
<td>94</td>
<td>192</td>
<td>53</td>
<td>0.003966</td>
<td>494276732928</td>
</tr>
<tr>
<td>axtls__k2__q19.cnf</td>
<td>94</td>
<td>192</td>
<td>52</td>
<td>0.003766</td>
<td>451825938432</td>
</tr>
<tr>
<td>axtls__k2__q20.cnf</td>
<td>94</td>
<td>192</td>
<td>58</td>
<td>0.00435</td>
<td>683371694208</td>
</tr>
<tr>
<td>axtls__k2__q21.cnf</td>
<td>94</td>
<td>192</td>
<td>35</td>
<td>0.00411</td>
<td>554513273280</td>
</tr>
<tr>
<td>axtls__k2__q22.cnf</td>
<td>94</td>
<td>192</td>
<td>48</td>
<td>0.005594</td>
<td>557814657024</td>
</tr>
<tr>
<td>axtls__k2__q23.cnf</td>
<td>94</td>
<td>192</td>
<td>28</td>
<td>0.003685</td>
<td>3226274688</td>
</tr>
<tr>
<td>axtls__k2__q24.cnf</td>
<td>94</td>
<td>192</td>
<td>52</td>
<td>0.004751</td>
<td>445951827024</td>
</tr>
<tr>
<td>axtls__k2__q25.cnf</td>
<td>94</td>
<td>192</td>
<td>31</td>
<td>0.004179</td>
<td>354699067392</td>
</tr>
<tr>
<td>axtls__k2__q26.cnf</td>
<td>94</td>
<td>192</td>
<td>57</td>
<td>0.004792</td>
<td>979191399424</td>
</tr>
<tr>
<td>axtls__k2__q27.cnf</td>
<td>94</td>
<td>192</td>
<td>31</td>
<td>0.003434</td>
<td>663783542784</td>
</tr>
<tr>
<td>axtls__k2__q28.cnf</td>
<td>94</td>
<td>192</td>
<td>34</td>
<td>0.003767</td>
<td>3523111424</td>
</tr>
<tr>
<td>axtls__k2__q29.cnf</td>
<td>94</td>
<td>192</td>
<td>0</td>
<td>0.000521</td>
<td>UNSAT</td>
</tr>
<tr>
<td>axtls__k2__q30.cnf</td>
<td>94</td>
<td>192</td>
<td>56</td>
<td>0.007604</td>
<td>253134825888</td>
</tr>
<tr>
<td>axtls__k2__q31.cnf</td>
<td>94</td>
<td>192</td>
<td>0</td>
<td>0.000424</td>
<td>UNSAT</td>
</tr>
<tr>
<td>axtls__k2__q32.cnf</td>
<td>94</td>
<td>192</td>
<td>33</td>
<td>0.005336</td>
<td>730140770304</td>
</tr>
<tr>
<td>axtls__k2__q33.cnf</td>
<td>94</td>
<td>192</td>
<td>52</td>
<td>0.004526</td>
<td>501792952320</td>
</tr>
<tr>
<td>axtls__k2__q34.cnf</td>
<td>94</td>
<td>192</td>
<td>35</td>
<td>0.003256</td>
<td>730159976448</td>
</tr>
<tr>
<td>axtls__k2__q35.cnf</td>
<td>94</td>
<td>192</td>
<td>21</td>
<td>0.003393</td>
<td>33677952</td>
</tr>
<tr>
<td>axtls__k2__q36.cnf</td>
<td>94</td>
<td>192</td>
<td>34</td>
<td>0.003624</td>
<td>532061430192</td>
</tr>
<tr>
<td>axtls__k2__q37.cnf</td>
<td>94</td>
<td>192</td>
<td>58</td>
<td>0.005171</td>
<td>1962126104736</td>
</tr>
<tr>
<td>axtls__k2__q38.cnf</td>
<td>94</td>
<td>192</td>
<td>54</td>
<td>0.004798</td>
<td>491660333472</td>
</tr>
<tr>
<td>axtls__k2__q40.cnf</td>
<td>94</td>
<td>192</td>
<td>31</td>
<td>0.003573</td>
<td>531024273408</td>
</tr>
<tr>
<td>axtls__k2__q41.cnf</td>
<td>94</td>
<td>192</td>
<td>37</td>
<td>0.003537</td>
<td>7486710240</td>
</tr>
<tr>
<td>axtls__k2__q42.cnf</td>
<td>94</td>
<td>192</td>
<td>26</td>
<td>0.003168</td>
<td>61664182272</td>
</tr>
<tr>
<td>axtls__k2__q43.cnf</td>
<td>94</td>
<td>192</td>
<td>37</td>
<td>0.005086</td>
<td>305671278528</td>
</tr>
<tr>
<td>axtls__k2__q44.cnf</td>
<td>94</td>
<td>192</td>
<td>56</td>
<td>0.004138</td>
<td>657793992000</td>
</tr>
<tr>
<td>axtls__k2__q45.cnf</td>
<td>94</td>
<td>192</td>
<td>36</td>
<td>0.003939</td>
<td>542189329920</td>
</tr>
<tr>
<td>axtls__k2__q46.cnf</td>
<td>94</td>
<td>192</td>
<td>33</td>
<td>0.00398</td>
<td>532061430192</td>
</tr>
<tr>
<td>axtls__k2__q47.cnf</td>
<td>94</td>
<td>192</td>
<td>51</td>
<td>0.004073</td>
<td>435392686080</td>
</tr>
<tr>
<td>axtls__k2__q48.cnf</td>
<td>94</td>
<td>192</td>
<td>27</td>
<td>0.003526</td>
<td>347210219520</td>
</tr>
<tr>
<td>axtls__k2__q49.cnf</td>
<td>94</td>
<td>192</td>
<td>38</td>
<td>0.003735</td>
<td>124623983904</td>
</tr>
<tr>
<td>axtls__k2__q0.cnf</td>
<td>94</td>
<td>192</td>
<td>52</td>
<td>0.003713</td>
<td>977069746688</td>
</tr>
<tr>
<td>axtls__k2__q1.cnf</td>
<td>94</td>
<td>192</td>
<td>57</td>
<td>0.004116</td>
<td>1304357918640</td>
</tr>
<tr>
<td>axtls__k2__q2.cnf</td>
<td>94</td>
<td>192</td>
<td>32</td>
<td>0.003672</td>
<td>11419698528</td>
</tr>
<tr>
<td>axtls__k2__q3.cnf</td>
<td>94</td>
<td>192</td>
<td>49</td>
<td>0.003494</td>
<td>2975705760</td>
</tr>
<tr>
<td>axtls__k2__q4.cnf</td>
<td>94</td>
<td>192</td>
<td>40</td>
<td>0.004004</td>
<td>1277935676416</td>
</tr>
<tr>
<td>axtls__k2__q5.cnf</td>
<td>94</td>
<td>192</td>
<td>35</td>
<td>0.010111</td>
<td>1460319952896</td>
</tr>
<tr>
<td>axtls__k2__q6.cnf</td>
<td>94</td>
<td>192</td>
<td>30</td>
<td>0.006524</td>
<td>606612633984</td>
</tr>
<tr>
<td>axtls__k2__q7.cnf</td>
<td>94</td>
<td>192</td>
<td>47</td>
<td>0.006335</td>
<td>711858585600</td>
</tr>
<tr>
<td>axtls__k2__q8.cnf</td>
<td>94</td>
<td>192</td>
<td>46</td>
<td>0.004655</td>
<td>2231691264</td>
</tr>
<tr>
<td>axtls__k2__q9.cnf</td>
<td>94</td>
<td>192</td>
<td>50</td>
<td>0.003617</td>
<td>247138366464</td>
</tr>
<tr>
<td>axtls__k2__q10.cnf</td>
<td>94</td>
<td>192</td>
<td>51</td>
<td>0.003769</td>
<td>250896476160</td>
</tr>
<tr>
<td>axtls__k2__q11.cnf</td>
<td>94</td>
<td>192</td>
<td>52</td>
<td>0.005668</td>
<td>250896476160</td>
</tr>
<tr>
<td>axtls__k2__q12.cnf</td>
<td>94</td>
<td>192</td>
<td>50</td>
<td>0.006069</td>
<td>4463499936</td>
</tr>
<tr>
<td>axtls__k2__q13.cnf</td>
<td>94</td>
<td>192</td>
<td>51</td>
<td>0.006445</td>
<td>341674898208</td>
</tr>
<tr>
<td>axtls__k2__q14.cnf</td>
<td>94</td>
<td>192</td>
<td>35</td>
<td>0.00525</td>
<td>306656679168</td>
</tr>
<tr>
<td>axtls__k2__q15.cnf</td>
<td>94</td>
<td>192</td>
<td>45</td>
<td>0.005593</td>
<td>340886734848</td>
</tr>
<tr>
<td>axtls__k2__q16.cnf</td>
<td>94</td>
<td>192</td>
<td>56</td>
<td>0.00544</td>
<td>256518034752</td>
</tr>
<tr>
<td>axtls__k2__q17.cnf</td>
<td>94</td>
<td>192</td>
<td>57</td>
<td>0.005147</td>
<td>659061647520</td>
</tr>
<tr>
<td>axtls__k2__q18.cnf</td>
<td>94</td>
<td>192</td>
<td>53</td>
<td>0.005011</td>
<td>494276732928</td>
</tr>
<tr>
<td>axtls__k2__q19.cnf</td>
<td>94</td>
<td>192</td>
<td>52</td>
<td>0.003869</td>
<td>451825938432</td>
</tr>
<tr>
<td>axtls__k2__q20.cnf</td>
<td>94</td>
<td>192</td>
<td>58</td>
<td>0.003943</td>
<td>683371694208</td>
</tr>
<tr>
<td>axtls__k2__q21.cnf</td>
<td>94</td>
<td>192</td>
<td>35</td>
<td>0.003902</td>
<td>554513273280</td>
</tr>
<tr>
<td>axtls__k2__q22.cnf</td>
<td>94</td>
<td>192</td>
<td>48</td>
<td>0.003673</td>
<td>557814657024</td>
</tr>
<tr>
<td>axtls__k2__q23.cnf</td>
<td>94</td>
<td>192</td>
<td>28</td>
<td>0.003372</td>
<td>3226274688</td>
</tr>
<tr>
<td>axtls__k2__q24.cnf</td>
<td>94</td>
<td>192</td>
<td>52</td>
<td>0.004475</td>
<td>445951827024</td>
</tr>
<tr>
<td>axtls__k2__q25.cnf</td>
<td>94</td>
<td>192</td>
<td>31</td>
<td>0.003365</td>
<td>354699067392</td>
</tr>
<tr>
<td>axtls__k2__q26.cnf</td>
<td>94</td>
<td>192</td>
<td>57</td>
<td>0.004554</td>
<td>979191399424</td>
</tr>
<tr>
<td>axtls__k2__q27.cnf</td>
<td>94</td>
<td>192</td>
<td>31</td>
<td>0.004085</td>
<td>663783542784</td>
</tr>
<tr>
<td>axtls__k2__q28.cnf</td>
<td>94</td>
<td>192</td>
<td>34</td>
<td>0.004141</td>
<td>3523111424</td>
</tr>
<tr>
<td>axtls__k2__q29.cnf</td>
<td>94</td>
<td>192</td>
<td>0</td>
<td>0.000428</td>
<td>UNSAT</td>
</tr>
<tr>
<td>axtls__k2__q30.cnf</td>
<td>94</td>
<td>192</td>
<td>56</td>
<td>0.006044</td>
<td>253134825888</td>
</tr>
<tr>
<td>axtls__k2__q31.cnf</td>
<td>94</td>
<td>192</td>
<td>0</td>
<td>0.000566</td>
<td>UNSAT</td>
</tr>
<tr>
<td>axtls__k2__q32.cnf</td>
<td>94</td>
<td>192</td>
<td>33</td>
<td>0.005412</td>
<td>730140770304</td>
</tr>
<tr>
<td>axtls__k2__q33.cnf</td>
<td>94</td>
<td>192</td>
<td>52</td>
<td>0.007769</td>
<td>501792952320</td>
</tr>
<tr>
<td>axtls__k2__q34.cnf</td>
<td>94</td>
<td>192</td>
<td>35</td>
<td>0.006089</td>
<td>730159976448</td>
</tr>
<tr>
<td>axtls__k2__q35.cnf</td>
<td>94</td>
<td>192</td>
<td>21</td>
<td>0.004482</td>
<td>33677952</td>
</tr>
<tr>
<td>axtls__k2__q36.cnf</td>
<td>94</td>
<td>192</td>
<td>34</td>
<td>0.005296</td>
<td>532061430192</td>
</tr>
<tr>
<td>axtls__k2__q37.cnf</td>
<td>94</td>
<td>192</td>
<td>58</td>
<td>0.006315</td>
<td>1962126104736</td>
</tr>
<tr>
<td>axtls__k2__q38.cnf</td>
<td>94</td>
<td>192</td>
<td>54</td>
<td>0.006473</td>
<td>491660333472</td>
</tr>
<tr>
<td>axtls__k2__q40.cnf</td>
<td>94</td>
<td>192</td>
<td>31</td>
<td>0.004884</td>
<td>531024273408</td>
</tr>
<tr>
<td>axtls__k2__q41.cnf</td>
<td>94</td>
<td>192</td>
<td>37</td>
<td>0.003749</td>
<td>7486710240</td>
</tr>
<tr>
<td>axtls__k2__q42.cnf</td>
<td>94</td>
<td>192</td>
<td>26</td>
<td>0.003499</td>
<td>61664182272</td>
</tr>
<tr>
<td>axtls__k2__q43.cnf</td>
<td>94</td>
<td>192</td>
<td>37</td>
<td>0.003871</td>
<td>305671278528</td>
</tr>
<tr>
<td>axtls__k2__q44.cnf</td>
<td>94</td>
<td>192</td>
<td>56</td>
<td>0.004026</td>
<td>657793992000</td>
</tr>
<tr>
<td>axtls__k2__q45.cnf</td>
<td>94</td>
<td>192</td>
<td>36</td>
<td>0.003953</td>
<td>542189329920</td>
</tr>
<tr>
<td>axtls__k2__q46.cnf</td>
<td>94</td>
<td>192</td>
<td>33</td>
<td>0.003494</td>
<td>532061430192</td>
</tr>
<tr>
<td>axtls__k2__q47.cnf</td>
<td>94</td>
<td>192</td>
<td>51</td>
<td>0.004035</td>
<td>435392686080</td>
</tr>
<tr>
<td>axtls__k2__q48.cnf</td>
<td>94</td>
<td>192</td>
<td>27</td>
<td>0.003751</td>
<td>347210219520</td>
</tr>
<tr>
<td>axtls__k2__q49.cnf</td>
<td>94</td>
<td>192</td>
<td>38</td>
<td>0.003818</td>
<td>124623983904</td>
</tr>
<tr>
<td>axtls__k2__q0.cnf</td>
<td>94</td>
<td>192</td>
<td>52</td>
<td>0.003712</td>
<td>977069746688</td>
</tr>
<tr>
<td>axtls__k2__q1.cnf</td>
<td>94</td>
<td>192</td>
<td>57</td>
<td>0.004678</td>
<td>1304357918640</td>
</tr>
<tr>
<td>axtls__k2__q2.cnf</td>
<td>94</td>
<td>192</td>
<td>32</td>
<td>0.003959</td>
<td>11419698528</td>
</tr>
<tr>
<td>axtls__k2__q3.cnf</td>
<td>94</td>
<td>192</td>
<td>49</td>
<td>0.003975</td>
<td>2975705760</td>
</tr>
<tr>
<td>axtls__k2__q4.cnf</td>
<td>94</td>
<td>192</td>
<td>40</td>
<td>0.006181</td>
<td>1277935676416</td>
</tr>
<tr>
<td>axtls__k2__q5.cnf</td>
<td>94</td>
<td>192</td>
<td>35</td>
<td>0.005822</td>
<td>1460319952896</td>
</tr>
<tr>
<td>axtls__k2__q6.cnf</td>
<td>94</td>
<td>192</td>
<td>30</td>
<td>0.004944</td>
<td>606612633984</td>
</tr>
<tr>
<td>axtls__k2__q7.cnf</td>
<td>94</td>
<td>192</td>
<td>47</td>
<td>0.004611</td>
<td>711858585600</td>
</tr>
<tr>
<td>axtls__k2__q8.cnf</td>
<td>94</td>
<td>192</td>
<td>46</td>
<td>0.004159</td>
<td>2231691264</td>
</tr>
<tr>
<td>axtls__k2__q9.cnf</td>
<td>94</td>
<td>192</td>
<td>50</td>
<td>0.004553</td>
<td>247138366464</td>
</tr>
<tr>
<td>axtls__k2__q10.cnf</td>
<td>94</td>
<td>192</td>
<td>51</td>
<td>0.004287</td>
<td>250896476160</td>
</tr>
<tr>
<td>axtls__k2__q11.cnf</td>
<td>94</td>
<td>192</td>
<td>52</td>
<td>0.004117</td>
<td>250896476160</td>
</tr>
<tr>
<td>axtls__k2__q12.cnf</td>
<td>94</td>
<td>192</td>
<td>50</td>
<td>0.00373</td>
<td>4463499936</td>
</tr>
<tr>
<td>axtls__k2__q13.cnf</td>
<td>94</td>
<td>192</td>
<td>51</td>
<td>0.004978</td>
<td>341674898208</td>
</tr>
<tr>
<td>axtls__k2__q14.cnf</td>
<td>94</td>
<td>192</td>
<td>35</td>
<td>0.004291</td>
<td>306656679168</td>
</tr>
<tr>
<td>axtls__k2__q15.cnf</td>
<td>94</td>
<td>192</td>
<td>45</td>
<td>0.004862</td>
<td>340886734848</td>
</tr>
<tr>
<td>axtls__k2__q16.cnf</td>
<td>94</td>
<td>192</td>
<td>56</td>
<td>0.004305</td>
<td>256518034752</td>
</tr>
<tr>
<td>axtls__k2__q17.cnf</td>
<td>94</td>
<td>192</td>
<td>57</td>
<td>0.005283</td>
<td>659061647520</td>
</tr>
<tr>
<td>axtls__k2__q18.cnf</td>
<td>94</td>
<td>192</td>
<td>53</td>
<td>0.006505</td>
<td>494276732928</td>
</tr>
<tr>
<td>axtls__k2__q19.cnf</td>
<td>94</td>
<td>192</td>
<td>52</td>
<td>0.005391</td>
<td>451825938432</td>
</tr>
<tr>
<td>axtls__k2__q20.cnf</td>
<td>94</td>
<td>192</td>
<td>58</td>
<td>0.004961</td>
<td>683371694208</td>
</tr>
<tr>
<td>axtls__k2__q21.cnf</td>
<td>94</td>
<td>192</td>
<td>35</td>
<td>0.011364</td>
<td>554513273280</td>
</tr>
<tr>
<td>axtls__k2__q22.cnf</td>
<td>94</td>
<td>192</td>
<td>48</td>
<td>0.004415</td>
<td>557814657024</td>
</tr>
<tr>
<td>axtls__k2__q23.cnf</td>
<td>94</td>
<td>192</td>
<td>28</td>
<td>0.004436</td>
<td>3226274688</td>
</tr>
<tr>
<td>axtls__k2__q24.cnf</td>
<td>94</td>
<td>192</td>
<td>52</td>
<td>0.004664</td>
<td>445951827024</td>
</tr>
<tr>
<td>axtls__k2__q25.cnf</td>
<td>94</td>
<td>192</td>
<td>31</td>
<td>0.003378</td>
<td>354699067392</td>
</tr>
<tr>
<td>axtls__k2__q26.cnf</td>
<td>94</td>
<td>192</td>
<td>57</td>
<td>0.004288</td>
<td>979191399424</td>
</tr>
<tr>
<td>axtls__k2__q27.cnf</td>
<td>94</td>
<td>192</td>
<td>31</td>
<td>0.003347</td>
<td>663783542784</td>
</tr>
<tr>
<td>axtls__k2__q28.cnf</td>
<td>94</td>
<td>192</td>
<td>34</td>
<td>0.003488</td>
<td>3523111424</td>
</tr>
<tr>
<td>axtls__k2__q29.cnf</td>
<td>94</td>
<td>192</td>
<td>0</td>
<td>0.000328</td>
<td>UNSAT</td>
</tr>
<tr>
<td>axtls__k2__q30.cnf</td>
<td>94</td>
<td>192</td>
<td>56</td>
<td>0.00465</td>
<td>253134825888</td>
</tr>
<tr>
<td>axtls__k2__q31.cnf</td>
<td>94</td>
<td>192</td>
<td>0</td>
<td>0.000284</td>
<td>UNSAT</td>
</tr>
<tr>
<td>axtls__k2__q32.cnf</td>
<td>94</td>
<td>192</td>
<td>33</td>
<td>0.003341</td>
<td>730140770304</td>
</tr>
<tr>
<td>axtls__k2__q33.cnf</td>
<td>94</td>
<td>192</td>
<td>52</td>
<td>0.004172</td>
<td>501792952320</td>
</tr>
<tr>
<td>axtls__k2__q34.cnf</td>
<td>94</td>
<td>192</td>
<td>35</td>
<td>0.003382</td>
<td>730159976448</td>
</tr>
<tr>
<td>axtls__k2__q35.cnf</td>
<td>94</td>
<td>192</td>
<td>21</td>
<td>0.003475</td>
<td>33677952</td>
</tr>
<tr>
<td>axtls__k2__q36.cnf</td>
<td>94</td>
<td>192</td>
<td>34</td>
<td>0.004069</td>
<td>532061430192</td>
</tr>
<tr>
<td>axtls__k2__q37.cnf</td>
<td>94</td>
<td>192</td>
<td>58</td>
<td>0.004044</td>
<td>1962126104736</td>
</tr>
<tr>
<td>axtls__k2__q38.cnf</td>
<td>94</td>
<td>192</td>
<td>54</td>
<td>0.004252</td>
<td>491660333472</td>
</tr>
<tr>
<td>axtls__k2__q40.cnf</td>
<td>94</td>
<td>192</td>
<td>31</td>
<td>0.003407</td>
<td>531024273408</td>
</tr>
<tr>
<td>axtls__k2__q41.cnf</td>
<td>94</td>
<td>192</td>
<td>37</td>
<td>0.004152</td>
<td>7486710240</td>
</tr>
<tr>
<td>axtls__k2__q42.cnf</td>
<td>94</td>
<td>192</td>
<td>26</td>
<td>0.003868</td>
<td>61664182272</td>
</tr>
<tr>
<td>axtls__k2__q43.cnf</td>
<td>94</td>
<td>192</td>
<td>37</td>
<td>0.004685</td>
<td>305671278528</td>
</tr>
<tr>
<td>axtls__k2__q44.cnf</td>
<td>94</td>
<td>192</td>
<td>56</td>
<td>0.004975</td>
<td>657793992000</td>
</tr>
<tr>
<td>axtls__k2__q45.cnf</td>
<td>94</td>
<td>192</td>
<td>36</td>
<td>0.004092</td>
<td>542189329920</td>
</tr>
<tr>
<td>axtls__k2__q46.cnf</td>
<td>94</td>
<td>192</td>
<td>33</td>
<td>0.003558</td>
<td>532061430192</td>
</tr>
<tr>
<td>axtls__k2__q47.cnf</td>
<td>94</td>
<td>192</td>
<td>51</td>
<td>0.004055</td>
<td>435392686080</td>
</tr>
<tr>
<td>axtls__k2__q48.cnf</td>
<td>94</td>
<td>192</td>
<td>27</td>
<td>0.003471</td>
<td>347210219520</td>
</tr>
<tr>
<td>axtls__k2__q49.cnf</td>
<td>94</td>
<td>192</td>
<td>38</td>
<td>0.004166</td>
<td>124623983904</td>
</tr>
<tr>
<td>axtls__k2__q0.cnf</td>
<td>94</td>
<td>192</td>
<td>52</td>
<td>0.004537</td>
<td>977069746688</td>
</tr>
<tr>
<td>axtls__k2__q1.cnf</td>
<td>94</td>
<td>192</td>
<td>57</td>
<td>0.004512</td>
<td>1304357918640</td>
</tr>
<tr>
<td>axtls__k2__q2.cnf</td>
<td>94</td>
<td>192</td>
<td>32</td>
<td>0.003907</td>
<td>11419698528</td>
</tr>
<tr>
<td>axtls__k2__q3.cnf</td>
<td>94</td>
<td>192</td>
<td>49</td>
<td>0.003701</td>
<td>2975705760</td>
</tr>
<tr>
<td>axtls__k2__q4.cnf</td>
<td>94</td>
<td>192</td>
<td>40</td>
<td>0.00449</td>
<td>1277935676416</td>
</tr>
<tr>
<td>axtls__k2__q5.cnf</td>
<td>94</td>
<td>192</td>
<td>35</td>
<td>0.003528</td>
<td>1460319952896</td>
</tr>
<tr>
<td>axtls__k2__q6.cnf</td>
<td>94</td>
<td>192</td>
<td>30</td>
<td>0.004635</td>
<td>606612633984</td>
</tr>
<tr>
<td>axtls__k2__q7.cnf</td>
<td>94</td>
<td>192</td>
<td>47</td>
<td>0.00381</td>
<td>711858585600</td>
</tr>
<tr>
<td>axtls__k2__q8.cnf</td>
<td>94</td>
<td>192</td>
<td>46</td>
<td>0.004155</td>
<td>2231691264</td>
</tr>
<tr>
<td>axtls__k2__q9.cnf</td>
<td>94</td>
<td>192</td>
<td>50</td>
<td>0.004012</td>
<td>247138366464</td>
</tr>
<tr>
<td>axtls__k2__q10.cnf</td>
<td>94</td>
<td>192</td>
<td>51</td>
<td>0.004056</td>
<td>250896476160</td>
</tr>
<tr>
<td>axtls__k2__q11.cnf</td>
<td>94</td>
<td>192</td>
<td>52</td>
<td>0.004049</td>
<td>250896476160</td>
</tr>
<tr>
<td>axtls__k2__q12.cnf</td>
<td>94</td>
<td>192</td>
<td>50</td>
<td>0.004166</td>
<td>4463499936</td>
</tr>
<tr>
<td>axtls__k2__q13.cnf</td>
<td>94</td>
<td>192</td>
<td>51</td>
<td>0.004121</td>
<td>341674898208</td>
</tr>
<tr>
<td>axtls__k2__q14.cnf</td>
<td>94</td>
<td>192</td>
<td>35</td>
<td>0.005476</td>
<td>306656679168</td>
</tr>
<tr>
<td>axtls__k2__q15.cnf</td>
<td>94</td>
<td>192</td>
<td>45</td>
<td>0.004181</td>
<td>340886734848</td>
</tr>
<tr>
<td>axtls__k2__q16.cnf</td>
<td>94</td>
<td>192</td>
<td>56</td>
<td>0.004091</td>
<td>256518034752</td>
</tr>
<tr>
<td>axtls__k2__q17.cnf</td>
<td>94</td>
<td>192</td>
<td>57</td>
<td>0.004172</td>
<td>659061647520</td>
</tr>
<tr>
<td>axtls__k2__q18.cnf</td>
<td>94</td>
<td>192</td>
<td>53</td>
<td>0.004504</td>
<td>494276732928</td>
</tr>
<tr>
<td>axtls__k2__q19.cnf</td>
<td>94</td>
<td>192</td>
<td>52</td>
<td>0.003946</td>
<td>451825938432</td>
</tr>
<tr>
<td>axtls__k2__q20.cnf</td>
<td>94</td>
<td>192</td>
<td>58</td>
<td>0.005355</td>
<td>683371694208</td>
</tr>
<tr>
<td>axtls__k2__q21.cnf</td>
<td>94</td>
<td>192</td>
<td>35</td>
<td>0.004602</td>
<td>554513273280</td>
</tr>
<tr>
<td>axtls__k2__q22.cnf</td>
<td>94</td>
<td>192</td>
<td>48</td>
<td>0.005133</td>
<td>557814657024</td>
</tr>
<tr>
<td>axtls__k2__q23.cnf</td>
<td>94</td>
<td>192</td>
<td>28</td>
<td>0.005316</td>
<td>3226274688</td>
</tr>
<tr>
<td>axtls__k2__q24.cnf</td>
<td>94</td>
<td>192</td>
<td>52</td>
<td>0.004648</td>
<td>445951827024</td>
</tr>
<tr>
<td>axtls__k2__q25.cnf</td>
<td>94</td>
<td>192</td>
<td>31</td>
<td>0.004409</td>
<td>354699067392</td>
</tr>
<tr>
<td>axtls__k2__q26.cnf</td>
<td>94</td>
<td>192</td>
<td>57</td>
<td>0.004774</td>
<td>979191399424</td>
</tr>
<tr>
<td>axtls__k2__q27.cnf</td>
<td>94</td>
<td>192</td>
<td>31</td>
<td>0.003809</td>
<td>663783542784</td>
</tr>
<tr>
<td>axtls__k2__q28.cnf</td>
<td>94</td>
<td>192</td>
<td>34</td>
<td>0.003715</td>
<td>3523111424</td>
</tr>
<tr>
<td>axtls__k2__q29.cnf</td>
<td>94</td>
<td>192</td>
<td>0</td>
<td>0.000296</td>
<td>UNSAT</td>
</tr>
<tr>
<td>axtls__k2__q30.cnf</td>
<td>94</td>
<td>192</td>
<td>56</td>
<td>0.004612</td>
<td>253134825888</td>
</tr>
<tr>
<td>axtls__k2__q31.cnf</td>
<td>94</td>
<td>192</td>
<td>0</td>
<td>0.000395</td>
<td>UNSAT</td>
</tr>
<tr>
<td>axtls__k2__q32.cnf</td>
<td>94</td>
<td>192</td>
<td>33</td>
<td>0.003563</td>
<td>730140770304</td>
</tr>
<tr>
<td>axtls__k2__q33.cnf</td>
<td>94</td>
<td>192</td>
<td>52</td>
<td>0.004266</td>
<td>501792952320</td>
</tr>
<tr>
<td>axtls__k2__q34.cnf</td>
<td>94</td>
<td>192</td>
<td>35</td>
<td>0.003713</td>
<td>730159976448</td>
</tr>
<tr>
<td>axtls__k2__q35.cnf</td>
<td>94</td>
<td>192</td>
<td>21</td>
<td>0.003566</td>
<td>33677952</td>
</tr>
<tr>
<td>axtls__k2__q36.cnf</td>
<td>94</td>
<td>192</td>
<td>34</td>
<td>0.003702</td>
<td>532061430192</td>
</tr>
<tr>
<td>axtls__k2__q37.cnf</td>
<td>94</td>
<td>192</td>
<td>58</td>
<td>0.004476</td>
<td>1962126104736</td>
</tr>
<tr>
<td>axtls__k2__q38.cnf</td>
<td>94</td>
<td>192</td>
<td>54</td>
<td>0.004396</td>
<td>491660333472</td>
</tr>
<tr>
<td>axtls__k2__q40.cnf</td>
<td>94</td>
<td>192</td>
<td>31</td>
<td>0.003417</td>
<td>531024273408</td>
</tr>
<tr>
<td>axtls__k2__q41.cnf</td>
<td>94</td>
<td>192</td>
<td>37</td>
<td>0.00401</td>
<td>7486710240</td>
</tr>
<tr>
<td>axtls__k2__q42.cnf</td>
<td>94</td>
<td>192</td>
<td>26</td>
<td>0.003991</td>
<td>61664182272</td>
</tr>
<tr>
<td>axtls__k2__q43.cnf</td>
<td>94</td>
<td>192</td>
<td>37</td>
<td>0.005506</td>
<td>305671278528</td>
</tr>
<tr>
<td>axtls__k2__q44.cnf</td>
<td>94</td>
<td>192</td>
<td>56</td>
<td>0.006429</td>
<td>657793992000</td>
</tr>
<tr>
<td>axtls__k2__q45.cnf</td>
<td>94</td>
<td>192</td>
<td>36</td>
<td>0.008135</td>
<td>542189329920</td>
</tr>
<tr>
<td>axtls__k2__q46.cnf</td>
<td>94</td>
<td>192</td>
<td>33</td>
<td>0.006492</td>
<td>532061430192</td>
</tr>
<tr>
<td>axtls__k2__q47.cnf</td>
<td>94</td>
<td>192</td>
<td>51</td>
<td>0.005019</td>
<td>435392686080</td>
</tr>
<tr>
<td>axtls__k2__q48.cnf</td>
<td>94</td>
<td>192</td>
<td>27</td>
<td>0.003946</td>
<td>347210219520</td>
</tr>
<tr>
<td>axtls__k2__q49.cnf</td>
<td>94</td>
<td>192</td>
<td>38</td>
<td>0.004594</td>
<td>124623983904</td>
</tr>
<tr>
<td>axtls__k2__q0.cnf</td>
<td>94</td>
<td>192</td>
<td>52</td>
<td>0.004067</td>
<td>977069746688</td>
</tr>
<tr>
<td>axtls__k2__q1.cnf</td>
<td>94</td>
<td>192</td>
<td>57</td>
<td>0.005493</td>
<td>1304357918640</td>
</tr>
<tr>
<td>axtls__k2__q2.cnf</td>
<td>94</td>
<td>192</td>
<td>32</td>
<td>0.004053</td>
<td>11419698528</td>
</tr>
<tr>
<td>axtls__k2__q3.cnf</td>
<td>94</td>
<td>192</td>
<td>49</td>
<td>0.004363</td>
<td>2975705760</td>
</tr>
<tr>
<td>axtls__k2__q4.cnf</td>
<td>94</td>
<td>192</td>
<td>40</td>
<td>0.004398</td>
<td>1277935676416</td>
</tr>
<tr>
<td>axtls__k2__q5.cnf</td>
<td>94</td>
<td>192</td>
<td>35</td>
<td>0.004473</td>
<td>1460319952896</td>
</tr>
<tr>
<td>axtls__k2__q6.cnf</td>
<td>94</td>
<td>192</td>
<td>30</td>
<td>0.003797</td>
<td>606612633984</td>
</tr>
<tr>
<td>axtls__k2__q7.cnf</td>
<td>94</td>
<td>192</td>
<td>47</td>
<td>0.003656</td>
<td>711858585600</td>
</tr>
<tr>
<td>axtls__k2__q8.cnf</td>
<td>94</td>
<td>192</td>
<td>46</td>
<td>0.00383</td>
<td>2231691264</td>
</tr>
<tr>
<td>axtls__k2__q9.cnf</td>
<td>94</td>
<td>192</td>
<td>50</td>
<td>0.004528</td>
<td>247138366464</td>
</tr>
<tr>
<td>axtls__k2__q10.cnf</td>
<td>94</td>
<td>192</td>
<td>51</td>
<td>0.004085</td>
<td>250896476160</td>
</tr>
<tr>
<td>axtls__k2__q11.cnf</td>
<td>94</td>
<td>192</td>
<td>52</td>
<td>0.004421</td>
<td>250896476160</td>
</tr>
<tr>
<td>axtls__k2__q12.cnf</td>
<td>94</td>
<td>192</td>
<td>50</td>
<td>0.004008</td>
<td>4463499936</td>
</tr>
<tr>
<td>axtls__k2__q13.cnf</td>
<td>94</td>
<td>192</td>
<td>51</td>
<td>0.004234</td>
<td>341674898208</td>
</tr>
<tr>
<td>axtls__k2__q14.cnf</td>
<td>94</td>
<td>192</td>
<td>35</td>
<td>0.004485</td>
<td>306656679168</td>
</tr>
<tr>
<td>axtls__k2__q15.cnf</td>
<td>94</td>
<td>192</td>
<td>45</td>
<td>0.004168</td>
<td>340886734848</td>
</tr>
<tr>
<td>axtls__k2__q16.cnf</td>
<td>94</td>
<td>192</td>
<td>56</td>
<td>0.004413</td>
<td>256518034752</td>
</tr>
<tr>
<td>axtls__k2__q17.cnf</td>
<td>94</td>
<td>192</td>
<td>57</td>
<td>0.004148</td>
<td>659061647520</td>
</tr>
<tr>
<td>axtls__k2__q18.cnf</td>
<td>94</td>
<td>192</td>
<td>53</td>
<td>0.00451</td>
<td>494276732928</td>
</tr>
<tr>
<td>axtls__k2__q19.cnf</td>
<td>94</td>
<td>192</td>
<td>52</td>
<td>0.003945</td>
<td>451825938432</td>
</tr>
<tr>
<td>axtls__k2__q20.cnf</td>
<td>94</td>
<td>192</td>
<td>58</td>
<td>0.004083</td>
<td>683371694208</td>
</tr>
<tr>
<td>axtls__k2__q21.cnf</td>
<td>94</td>
<td>192</td>
<td>35</td>
<td>0.003944</td>
<td>554513273280</td>
</tr>
<tr>
<td>axtls__k2__q22.cnf</td>
<td>94</td>
<td>192</td>
<td>48</td>
<td>0.005503</td>
<td>557814657024</td>
</tr>
<tr>
<td>axtls__k2__q23.cnf</td>
<td>94</td>
<td>192</td>
<td>28</td>
<td>0.004862</td>
<td>3226274688</td>
</tr>
<tr>
<td>axtls__k2__q24.cnf</td>
<td>94</td>
<td>192</td>
<td>52</td>
<td>0.004846</td>
<td>445951827024</td>
</tr>
<tr>
<td>axtls__k2__q25.cnf</td>
<td>94</td>
<td>192</td>
<td>31</td>
<td>0.004348</td>
<td>354699067392</td>
</tr>
<tr>
<td>axtls__k2__q26.cnf</td>
<td>94</td>
<td>192</td>
<td>57</td>
<td>0.005086</td>
<td>979191399424</td>
</tr>
<tr>
<td>axtls__k2__q27.cnf</td>
<td>94</td>
<td>192</td>
<td>31</td>
<td>0.004123</td>
<td>663783542784</td>
</tr>
<tr>
<td>axtls__k2__q28.cnf</td>
<td>94</td>
<td>192</td>
<td>34</td>
<td>0.004746</td>
<td>3523111424</td>
</tr>
<tr>
<td>axtls__k2__q29.cnf</td>
<td>94</td>
<td>192</td>
<td>0</td>
<td>0.000312</td>
<td>UNSAT</td>
</tr>
<tr>
<td>axtls__k2__q30.cnf</td>
<td>94</td>
<td>192</td>
<td>56</td>
<td>0.004537</td>
<td>253134825888</td>
</tr>
<tr>
<td>axtls__k2__q31.cnf</td>
<td>94</td>
<td>192</td>
<td>0</td>
<td>0.000334</td>
<td>UNSAT</td>
</tr>
<tr>
<td>axtls__k2__q32.cnf</td>
<td>94</td>
<td>192</td>
<td>33</td>
<td>0.004542</td>
<td>730140770304</td>
</tr>
<tr>
<td>axtls__k2__q33.cnf</td>
<td>94</td>
<td>192</td>
<td>52</td>
<td>0.004468</td>
<td>501792952320</td>
</tr>
<tr>
<td>axtls__k2__q34.cnf</td>
<td>94</td>
<td>192</td>
<td>35</td>
<td>0.003897</td>
<td>730159976448</td>
</tr>
<tr>
<td>axtls__k2__q35.cnf</td>
<td>94</td>
<td>192</td>
<td>21</td>
<td>0.004324</td>
<td>33677952</td>
</tr>
<tr>
<td>axtls__k2__q36.cnf</td>
<td>94</td>
<td>192</td>
<td>34</td>
<td>0.003975</td>
<td>532061430192</td>
</tr>
<tr>
<td>axtls__k2__q37.cnf</td>
<td>94</td>
<td>192</td>
<td>58</td>
<td>0.005207</td>
<td>1962126104736</td>
</tr>
<tr>
<td>axtls__k2__q38.cnf</td>
<td>94</td>
<td>192</td>
<td>54</td>
<td>0.004439</td>
<td>491660333472</td>
</tr>
<tr>
<td>axtls__k2__q40.cnf</td>
<td>94</td>
<td>192</td>
<td>31</td>
<td>0.004002</td>
<td>531024273408</td>
</tr>
<tr>
<td>axtls__k2__q41.cnf</td>
<td>94</td>
<td>192</td>
<td>37</td>
<td>0.003544</td>
<td>7486710240</td>
</tr>
<tr>
<td>axtls__k2__q42.cnf</td>
<td>94</td>
<td>192</td>
<td>26</td>
<td>0.003256</td>
<td>61664182272</td>
</tr>
<tr>
<td>axtls__k2__q43.cnf</td>
<td>94</td>
<td>192</td>
<td>37</td>
<td>0.003797</td>
<td>305671278528</td>
</tr>
<tr>
<td>axtls__k2__q44.cnf</td>
<td>94</td>
<td>192</td>
<td>56</td>
<td>0.00406</td>
<td>657793992000</td>
</tr>
<tr>
<td>axtls__k2__q45.cnf</td>
<td>94</td>
<td>192</td>
<td>36</td>
<td>0.005928</td>
<td>542189329920</td>
</tr>
<tr>
<td>axtls__k2__q46.cnf</td>
<td>94</td>
<td>192</td>
<td>33</td>
<td>0.006074</td>
<td>532061430192</td>
</tr>
<tr>
<td>axtls__k2__q47.cnf</td>
<td>94</td>
<td>192</td>
<td>51</td>
<td>0.006674</td>
<td>435392686080</td>
</tr>
<tr>
<td>axtls__k2__q48.cnf</td>
<td>94</td>
<td>192</td>
<td>27</td>
<td>0.004869</td>
<td>347210219520</td>
</tr>
<tr>
<td>axtls__k2__q49.cnf</td>
<td>94</td>
<td>192</td>
<td>38</td>
<td>0.004609</td>
<td>124623983904</td>
</tr>
<tr>
<td>axtls__k2__q0.cnf</td>
<td>94</td>
<td>192</td>
<td>52</td>
<td>0.005616</td>
<td>977069746688</td>
</tr>
<tr>
<td>axtls__k2__q1.cnf</td>
<td>94</td>
<td>192</td>
<td>57</td>
<td>0.007295</td>
<td>1304357918640</td>
</tr>
<tr>
<td>axtls__k2__q2.cnf</td>
<td>94</td>
<td>192</td>
<td>32</td>
<td>0.004213</td>
<td>11419698528</td>
</tr>
<tr>
<td>axtls__k2__q3.cnf</td>
<td>94</td>
<td>192</td>
<td>49</td>
<td>0.003852</td>
<td>2975705760</td>
</tr>
<tr>
<td>axtls__k2__q4.cnf</td>
<td>94</td>
<td>192</td>
<td>40</td>
<td>0.004291</td>
<td>1277935676416</td>
</tr>
<tr>
<td>axtls__k2__q5.cnf</td>
<td>94</td>
<td>192</td>
<td>35</td>
<td>0.003618</td>
<td>1460319952896</td>
</tr>
<tr>
<td>axtls__k2__q6.cnf</td>
<td>94</td>
<td>192</td>
<td>30</td>
<td>0.004839</td>
<td>606612633984</td>
</tr>
<tr>
<td>axtls__k2__q7.cnf</td>
<td>94</td>
<td>192</td>
<td>47</td>
<td>0.004508</td>
<td>711858585600</td>
</tr>
<tr>
<td>axtls__k2__q8.cnf</td>
<td>94</td>
<td>192</td>
<td>46</td>
<td>0.003885</td>
<td>2231691264</td>
</tr>
<tr>
<td>axtls__k2__q9.cnf</td>
<td>94</td>
<td>192</td>
<td>50</td>
<td>0.004027</td>
<td>247138366464</td>
</tr>
<tr>
<td>axtls__k2__q10.cnf</td>
<td>94</td>
<td>192</td>
<td>51</td>
<td>0.003962</td>
<td>250896476160</td>
</tr>
<tr>
<td>axtls__k2__q11.cnf</td>
<td>94</td>
<td>192</td>
<td>52</td>
<td>0.004399</td>
<td>250896476160</td>
</tr>
<tr>
<td>axtls__k2__q12.cnf</td>
<td>94</td>
<td>192</td>
<td>50</td>
<td>0.004617</td>
<td>4463499936</td>
</tr>
<tr>
<td>axtls__k2__q13.cnf</td>
<td>94</td>
<td>192</td>
<td>51</td>
<td>0.004031</td>
<td>341674898208</td>
</tr>
<tr>
<td>axtls__k2__q14.cnf</td>
<td>94</td>
<td>192</td>
<td>35</td>
<td>0.004745</td>
<td>306656679168</td>
</tr>
<tr>
<td>axtls__k2__q15.cnf</td>
<td>94</td>
<td>192</td>
<td>45</td>
<td>0.004393</td>
<td>340886734848</td>
</tr>
<tr>
<td>axtls__k2__q16.cnf</td>
<td>94</td>
<td>192</td>
<td>56</td>
<td>0.006562</td>
<td>256518034752</td>
</tr>
<tr>
<td>axtls__k2__q17.cnf</td>
<td>94</td>
<td>192</td>
<td>57</td>
<td>0.00532</td>
<td>659061647520</td>
</tr>
<tr>
<td>axtls__k2__q18.cnf</td>
<td>94</td>
<td>192</td>
<td>53</td>
<td>0.004178</td>
<td>494276732928</td>
</tr>
<tr>
<td>axtls__k2__q19.cnf</td>
<td>94</td>
<td>192</td>
<td>52</td>
<td>0.004292</td>
<td>451825938432</td>
</tr>
<tr>
<td>axtls__k2__q20.cnf</td>
<td>94</td>
<td>192</td>
<td>58</td>
<td>0.00438</td>
<td>683371694208</td>
</tr>
<tr>
<td>axtls__k2__q21.cnf</td>
<td>94</td>
<td>192</td>
<td>35</td>
<td>0.004022</td>
<td>554513273280</td>
</tr>
<tr>
<td>axtls__k2__q22.cnf</td>
<td>94</td>
<td>192</td>
<td>48</td>
<td>0.003827</td>
<td>557814657024</td>
</tr>
<tr>
<td>axtls__k2__q23.cnf</td>
<td>94</td>
<td>192</td>
<td>28</td>
<td>0.003696</td>
<td>3226274688</td>
</tr>
<tr>
<td>axtls__k2__q24.cnf</td>
<td>94</td>
<td>192</td>
<td>52</td>
<td>0.004483</td>
<td>445951827024</td>
</tr>
<tr>
<td>axtls__k2__q25.cnf</td>
<td>94</td>
<td>192</td>
<td>31</td>
<td>0.003362</td>
<td>354699067392</td>
</tr>
<tr>
<td>axtls__k2__q26.cnf</td>
<td>94</td>
<td>192</td>
<td>57</td>
<td>0.004123</td>
<td>979191399424</td>
</tr>
<tr>
<td>axtls__k2__q27.cnf</td>
<td>94</td>
<td>192</td>
<td>31</td>
<td>0.003412</td>
<td>663783542784</td>
</tr>
<tr>
<td>axtls__k2__q28.cnf</td>
<td>94</td>
<td>192</td>
<td>34</td>
<td>0.003443</td>
<td>3523111424</td>
</tr>
<tr>
<td>axtls__k2__q29.cnf</td>
<td>94</td>
<td>192</td>
<td>0</td>
<td>0.000285</td>
<td>UNSAT</td>
</tr>
<tr>
<td>axtls__k2__q30.cnf</td>
<td>94</td>
<td>192</td>
<td>56</td>
<td>0.003994</td>
<td>253134825888</td>
</tr>
<tr>
<td>axtls__k2__q31.cnf</td>
<td>94</td>
<td>192</td>
<td>0</td>
<td>0.000378</td>
<td>UNSAT</td>
</tr>
<tr>
<td>axtls__k2__q32.cnf</td>
<td>94</td>
<td>192</td>
<td>33</td>
<td>0.003424</td>
<td>730140770304</td>
</tr>
<tr>
<td>axtls__k2__q33.cnf</td>
<td>94</td>
<td>192</td>
<td>52</td>
<td>0.004055</td>
<td>501792952320</td>
</tr>
<tr>
<td>axtls__k2__q34.cnf</td>
<td>94</td>
<td>192</td>
<td>35</td>
<td>0.004161</td>
<td>730159976448</td>
</tr>
<tr>
<td>axtls__k2__q35.cnf</td>
<td>94</td>
<td>192</td>
<td>21</td>
<td>0.003611</td>
<td>33677952</td>
</tr>
<tr>
<td>axtls__k2__q36.cnf</td>
<td>94</td>
<td>192</td>
<td>34</td>
<td>0.004287</td>
<td>532061430192</td>
</tr>
<tr>
<td>axtls__k2__q37.cnf</td>
<td>94</td>
<td>192</td>
<td>58</td>
<td>0.004409</td>
<td>1962126104736</td>
</tr>
<tr>
<td>axtls__k2__q38.cnf</td>
<td>94</td>
<td>192</td>
<td>54</td>
<td>0.005217</td>
<td>491660333472</td>
</tr>
<tr>
<td>axtls__k2__q40.cnf</td>
<td>94</td>
<td>192</td>
<td>31</td>
<td>0.003526</td>
<td>531024273408</td>
</tr>
<tr>
<td>axtls__k2__q41.cnf</td>
<td>94</td>
<td>192</td>
<td>37</td>
<td>0.00361</td>
<td>7486710240</td>
</tr>
<tr>
<td>axtls__k2__q42.cnf</td>
<td>94</td>
<td>192</td>
<td>26</td>
<td>0.003443</td>
<td>61664182272</td>
</tr>
<tr>
<td>axtls__k2__q43.cnf</td>
<td>94</td>
<td>192</td>
<td>37</td>
<td>0.003982</td>
<td>305671278528</td>
</tr>
<tr>
<td>axtls__k2__q44.cnf</td>
<td>94</td>
<td>192</td>
<td>56</td>
<td>0.004083</td>
<td>657793992000</td>
</tr>
<tr>
<td>axtls__k2__q45.cnf</td>
<td>94</td>
<td>192</td>
<td>36</td>
<td>0.003911</td>
<td>542189329920</td>
</tr>
<tr>
<td>axtls__k2__q46.cnf</td>
<td>94</td>
<td>192</td>
<td>33</td>
<td>0.004081</td>
<td>532061430192</td>
</tr>
<tr>
<td>axtls__k2__q47.cnf</td>
<td>94</td>
<td>192</td>
<td>51</td>
<td>0.004215</td>
<td>435392686080</td>
</tr>
<tr>
<td>axtls__k2__q48.cnf</td>
<td>94</td>
<td>192</td>
<td>27</td>
<td>0.003987</td>
<td>347210219520</td>
</tr>
<tr>
<td>axtls__k2__q49.cnf</td>
<td>94</td>
<td>192</td>
<td>38</td>
<td>0.004209</td>
<td>124623983904</td>
</tr>
<tr>
<td>axtls__k2__q0.cnf</td>
<td>94</td>
<td>192</td>
<td>52</td>
<td>0.003904</td>
<td>977069746688</td>
</tr>
<tr>
<td>axtls__k2__q1.cnf</td>
<td>94</td>
<td>192</td>
<td>57</td>
<td>0.004253</td>
<td>1304357918640</td>
</tr>
<tr>
<td>axtls__k2__q2.cnf</td>
<td>94</td>
<td>192</td>
<td>32</td>
<td>0.004855</td>
<td>11419698528</td>
</tr>
<tr>
<td>axtls__k2__q3.cnf</td>
<td>94</td>
<td>192</td>
<td>49</td>
<td>0.003656</td>
<td>2975705760</td>
</tr>
<tr>
<td>axtls__k2__q4.cnf</td>
<td>94</td>
<td>192</td>
<td>40</td>
<td>0.004644</td>
<td>1277935676416</td>
</tr>
<tr>
<td>axtls__k2__q5.cnf</td>
<td>94</td>
<td>192</td>
<td>35</td>
<td>0.004428</td>
<td>1460319952896</td>
</tr>
<tr>
<td>axtls__k2__q6.cnf</td>
<td>94</td>
<td>192</td>
<td>30</td>
<td>0.006489</td>
<td>606612633984</td>
</tr>
<tr>
<td>axtls__k2__q7.cnf</td>
<td>94</td>
<td>192</td>
<td>47</td>
<td>0.006003</td>
<td>711858585600</td>
</tr>
<tr>
<td>axtls__k2__q8.cnf</td>
<td>94</td>
<td>192</td>
<td>46</td>
<td>0.003696</td>
<td>2231691264</td>
</tr>
<tr>
<td>axtls__k2__q9.cnf</td>
<td>94</td>
<td>192</td>
<td>50</td>
<td>0.004265</td>
<td>247138366464</td>
</tr>
<tr>
<td>axtls__k2__q10.cnf</td>
<td>94</td>
<td>192</td>
<td>51</td>
<td>0.004032</td>
<td>250896476160</td>
</tr>
<tr>
<td>axtls__k2__q11.cnf</td>
<td>94</td>
<td>192</td>
<td>52</td>
<td>0.004183</td>
<td>250896476160</td>
</tr>
<tr>
<td>axtls__k2__q12.cnf</td>
<td>94</td>
<td>192</td>
<td>50</td>
<td>0.003854</td>
<td>4463499936</td>
</tr>
<tr>
<td>axtls__k2__q13.cnf</td>
<td>94</td>
<td>192</td>
<td>51</td>
<td>0.004151</td>
<td>341674898208</td>
</tr>
<tr>
<td>axtls__k2__q14.cnf</td>
<td>94</td>
<td>192</td>
<td>35</td>
<td>0.004276</td>
<td>306656679168</td>
</tr>
<tr>
<td>axtls__k2__q15.cnf</td>
<td>94</td>
<td>192</td>
<td>45</td>
<td>0.003833</td>
<td>340886734848</td>
</tr>
<tr>
<td>axtls__k2__q16.cnf</td>
<td>94</td>
<td>192</td>
<td>56</td>
<td>0.00423</td>
<td>256518034752</td>
</tr>
<tr>
<td>axtls__k2__q17.cnf</td>
<td>94</td>
<td>192</td>
<td>57</td>
<td>0.004402</td>
<td>659061647520</td>
</tr>
<tr>
<td>axtls__k2__q18.cnf</td>
<td>94</td>
<td>192</td>
<td>53</td>
<td>0.004224</td>
<td>494276732928</td>
</tr>
<tr>
<td>axtls__k2__q19.cnf</td>
<td>94</td>
<td>192</td>
<td>52</td>
<td>0.004007</td>
<td>451825938432</td>
</tr>
<tr>
<td>axtls__k2__q20.cnf</td>
<td>94</td>
<td>192</td>
<td>58</td>
<td>0.004172</td>
<td>683371694208</td>
</tr>
<tr>
<td>axtls__k2__q21.cnf</td>
<td>94</td>
<td>192</td>
<td>35</td>
<td>0.003865</td>
<td>554513273280</td>
</tr>
<tr>
<td>axtls__k2__q22.cnf</td>
<td>94</td>
<td>192</td>
<td>48</td>
<td>0.003771</td>
<td>557814657024</td>
</tr>
<tr>
<td>axtls__k2__q23.cnf</td>
<td>94</td>
<td>192</td>
<td>28</td>
<td>0.003767</td>
<td>3226274688</td>
</tr>
<tr>
<td>axtls__k2__q24.cnf</td>
<td>94</td>
<td>192</td>
<td>52</td>
<td>0.004467</td>
<td>445951827024</td>
</tr>
<tr>
<td>axtls__k2__q25.cnf</td>
<td>94</td>
<td>192</td>
<td>31</td>
<td>0.00333</td>
<td>354699067392</td>
</tr>
<tr>
<td>axtls__k2__q26.cnf</td>
<td>94</td>
<td>192</td>
<td>57</td>
<td>0.004197</td>
<td>979191399424</td>
</tr>
<tr>
<td>axtls__k2__q27.cnf</td>
<td>94</td>
<td>192</td>
<td>31</td>
<td>0.00428</td>
<td>663783542784</td>
</tr>
<tr>
<td>axtls__k2__q28.cnf</td>
<td>94</td>
<td>192</td>
<td>34</td>
<td>0.004639</td>
<td>3523111424</td>
</tr>
<tr>
<td>axtls__k2__q29.cnf</td>
<td>94</td>
<td>192</td>
<td>0</td>
<td>0.000658</td>
<td>UNSAT</td>
</tr>
<tr>
<td>axtls__k2__q30.cnf</td>
<td>94</td>
<td>192</td>
<td>56</td>
<td>0.004755</td>
<td>253134825888</td>
</tr>
<tr>
<td>axtls__k2__q31.cnf</td>
<td>94</td>
<td>192</td>
<td>0</td>
<td>0.000287</td>
<td>UNSAT</td>
</tr>
<tr>
<td>axtls__k2__q32.cnf</td>
<td>94</td>
<td>192</td>
<td>33</td>
<td>0.003299</td>
<td>730140770304</td>
</tr>
<tr>
<td>axtls__k2__q33.cnf</td>
<td>94</td>
<td>192</td>
<td>52</td>
<td>0.003946</td>
<td>501792952320</td>
</tr>
<tr>
<td>axtls__k2__q34.cnf</td>
<td>94</td>
<td>192</td>
<td>35</td>
<td>0.003797</td>
<td>730159976448</td>
</tr>
<tr>
<td>axtls__k2__q35.cnf</td>
<td>94</td>
<td>192</td>
<td>21</td>
<td>0.004745</td>
<td>33677952</td>
</tr>
<tr>
<td>axtls__k2__q36.cnf</td>
<td>94</td>
<td>192</td>
<td>34</td>
<td>0.003805</td>
<td>532061430192</td>
</tr>
<tr>
<td>axtls__k2__q37.cnf</td>
<td>94</td>
<td>192</td>
<td>58</td>
<td>0.004354</td>
<td>1962126104736</td>
</tr>
<tr>
<td>axtls__k2__q38.cnf</td>
<td>94</td>
<td>192</td>
<td>54</td>
<td>0.004546</td>
<td>491660333472</td>
</tr>
<tr>
<td>axtls__k2__q40.cnf</td>
<td>94</td>
<td>192</td>
<td>31</td>
<td>0.003336</td>
<td>531024273408</td>
</tr>
<tr>
<td>axtls__k2__q41.cnf</td>
<td>94</td>
<td>192</td>
<td>37</td>
<td>0.00369</td>
<td>7486710240</td>
</tr>
<tr>
<td>axtls__k2__q42.cnf</td>
<td>94</td>
<td>192</td>
<td>26</td>
<td>0.003269</td>
<td>61664182272</td>
</tr>
<tr>
<td>axtls__k2__q43.cnf</td>
<td>94</td>
<td>192</td>
<td>37</td>
<td>0.004337</td>
<td>305671278528</td>
</tr>
<tr>
<td>axtls__k2__q44.cnf</td>
<td>94</td>
<td>192</td>
<td>56</td>
<td>0.00432</td>
<td>657793992000</td>
</tr>
<tr>
<td>axtls__k2__q45.cnf</td>
<td>94</td>
<td>192</td>
<td>36</td>
<td>0.003731</td>
<td>542189329920</td>
</tr>
<tr>
<td>axtls__k2__q46.cnf</td>
<td>94</td>
<td>192</td>
<td>33</td>
<td>0.003369</td>
<td>532061430192</td>
</tr>
<tr>
<td>axtls__k2__q47.cnf</td>
<td>94</td>
<td>192</td>
<td>51</td>
<td>0.003687</td>
<td>435392686080</td>
</tr>
<tr>
<td>axtls__k2__q48.cnf</td>
<td>94</td>
<td>192</td>
<td>27</td>
<td>0.003464</td>
<td>347210219520</td>
</tr>
<tr>
<td>axtls__k2__q49.cnf</td>
<td>94</td>
<td>192</td>
<td>38</td>
<td>0.003913</td>
<td>124623983904</td>
</tr>
<tr>
<td>axtls__k2__q0.cnf</td>
<td>94</td>
<td>192</td>
<td>52</td>
<td>0.004227</td>
<td>977069746688</td>
</tr>
<tr>
<td>axtls__k2__q1.cnf</td>
<td>94</td>
<td>192</td>
<td>57</td>
<td>0.004775</td>
<td>1304357918640</td>
</tr>
<tr>
<td>axtls__k2__q2.cnf</td>
<td>94</td>
<td>192</td>
<td>32</td>
<td>0.004399</td>
<td>11419698528</td>
</tr>
<tr>
<td>axtls__k2__q3.cnf</td>
<td>94</td>
<td>192</td>
<td>49</td>
<td>0.004211</td>
<td>2975705760</td>
</tr>
<tr>
<td>axtls__k2__q4.cnf</td>
<td>94</td>
<td>192</td>
<td>40</td>
<td>0.004881</td>
<td>1277935676416</td>
</tr>
<tr>
<td>axtls__k2__q5.cnf</td>
<td>94</td>
<td>192</td>
<td>35</td>
<td>0.004211</td>
<td>1460319952896</td>
</tr>
<tr>
<td>axtls__k2__q6.cnf</td>
<td>94</td>
<td>192</td>
<td>30</td>
<td>0.006158</td>
<td>606612633984</td>
</tr>
<tr>
<td>axtls__k2__q7.cnf</td>
<td>94</td>
<td>192</td>
<td>47</td>
<td>0.005392</td>
<td>711858585600</td>
</tr>
<tr>
<td>axtls__k2__q8.cnf</td>
<td>94</td>
<td>192</td>
<td>46</td>
<td>0.00376</td>
<td>2231691264</td>
</tr>
<tr>
<td>axtls__k2__q9.cnf</td>
<td>94</td>
<td>192</td>
<td>50</td>
<td>0.004357</td>
<td>247138366464</td>
</tr>
<tr>
<td>axtls__k2__q10.cnf</td>
<td>94</td>
<td>192</td>
<td>51</td>
<td>0.003676</td>
<td>250896476160</td>
</tr>
<tr>
<td>axtls__k2__q11.cnf</td>
<td>94</td>
<td>192</td>
<td>52</td>
<td>0.005076</td>
<td>250896476160</td>
</tr>
<tr>
<td>axtls__k2__q12.cnf</td>
<td>94</td>
<td>192</td>
<td>50</td>
<td>0.003901</td>
<td>4463499936</td>
</tr>
<tr>
<td>axtls__k2__q13.cnf</td>
<td>94</td>
<td>192</td>
<td>51</td>
<td>0.003851</td>
<td>341674898208</td>
</tr>
<tr>
<td>axtls__k2__q14.cnf</td>
<td>94</td>
<td>192</td>
<td>35</td>
<td>0.003721</td>
<td>306656679168</td>
</tr>
<tr>
<td>axtls__k2__q15.cnf</td>
<td>94</td>
<td>192</td>
<td>45</td>
<td>0.003891</td>
<td>340886734848</td>
</tr>
<tr>
<td>axtls__k2__q16.cnf</td>
<td>94</td>
<td>192</td>
<td>56</td>
<td>0.003935</td>
<td>256518034752</td>
</tr>
<tr>
<td>axtls__k2__q17.cnf</td>
<td>94</td>
<td>192</td>
<td>57</td>
<td>0.003973</td>
<td>659061647520</td>
</tr>
<tr>
<td>axtls__k2__q18.cnf</td>
<td>94</td>
<td>192</td>
<td>53</td>
<td>0.004108</td>
<td>494276732928</td>
</tr>
<tr>
<td>axtls__k2__q19.cnf</td>
<td>94</td>
<td>192</td>
<td>52</td>
<td>0.004603</td>
<td>451825938432</td>
</tr>
<tr>
<td>axtls__k2__q20.cnf</td>
<td>94</td>
<td>192</td>
<td>58</td>
<td>0.00443</td>
<td>683371694208</td>
</tr>
<tr>
<td>axtls__k2__q21.cnf</td>
<td>94</td>
<td>192</td>
<td>35</td>
<td>0.003988</td>
<td>554513273280</td>
</tr>
<tr>
<td>axtls__k2__q22.cnf</td>
<td>94</td>
<td>192</td>
<td>48</td>
<td>0.004877</td>
<td>557814657024</td>
</tr>
<tr>
<td>axtls__k2__q23.cnf</td>
<td>94</td>
<td>192</td>
<td>28</td>
<td>0.004087</td>
<td>3226274688</td>
</tr>
<tr>
<td>axtls__k2__q24.cnf</td>
<td>94</td>
<td>192</td>
<td>52</td>
<td>0.004741</td>
<td>445951827024</td>
</tr>
<tr>
<td>axtls__k2__q25.cnf</td>
<td>94</td>
<td>192</td>
<td>31</td>
<td>0.003487</td>
<td>354699067392</td>
</tr>
<tr>
<td>axtls__k2__q26.cnf</td>
<td>94</td>
<td>192</td>
<td>57</td>
<td>0.004192</td>
<td>979191399424</td>
</tr>
<tr>
<td>axtls__k2__q27.cnf</td>
<td>94</td>
<td>192</td>
<td>31</td>
<td>0.003384</td>
<td>663783542784</td>
</tr>
<tr>
<td>axtls__k2__q28.cnf</td>
<td>94</td>
<td>192</td>
<td>34</td>
<td>0.00336</td>
<td>3523111424</td>
</tr>
<tr>
<td>axtls__k2__q29.cnf</td>
<td>94</td>
<td>192</td>
<td>0</td>
<td>0.000278</td>
<td>UNSAT</td>
</tr>
<tr>
<td>axtls__k2__q30.cnf</td>
<td>94</td>
<td>192</td>
<td>56</td>
<td>0.00424</td>
<td>253134825888</td>
</tr>
<tr>
<td>axtls__k2__q31.cnf</td>
<td>94</td>
<td>192</td>
<td>0</td>
<td>0.000271</td>
<td>UNSAT</td>
</tr>
<tr>
<td>axtls__k2__q32.cnf</td>
<td>94</td>
<td>192</td>
<td>33</td>
<td>0.003125</td>
<td>730140770304</td>
</tr>
<tr>
<td>axtls__k2__q33.cnf</td>
<td>94</td>
<td>192</td>
<td>52</td>
<td>0.004034</td>
<td>501792952320</td>
</tr>
<tr>
<td>axtls__k2__q34.cnf</td>
<td>94</td>
<td>192</td>
<td>35</td>
<td>0.003359</td>
<td>730159976448</td>
</tr>
<tr>
<td>axtls__k2__q35.cnf</td>
<td>94</td>
<td>192</td>
<td>21</td>
<td>0.00341</td>
<td>33677952</td>
</tr>
<tr>
<td>axtls__k2__q36.cnf</td>
<td>94</td>
<td>192</td>
<td>34</td>
<td>0.003438</td>
<td>532061430192</td>
</tr>
<tr>
<td>axtls__k2__q37.cnf</td>
<td>94</td>
<td>192</td>
<td>58</td>
<td>0.003993</td>
<td>1962126104736</td>
</tr>
<tr>
<td>axtls__k2__q38.cnf</td>
<td>94</td>
<td>192</td>
<td>54</td>
<td>0.004514</td>
<td>491660333472</td>
</tr>
<tr>
<td>axtls__k2__q40.cnf</td>
<td>94</td>
<td>192</td>
<td>31</td>
<td>0.003302</td>
<td>531024273408</td>
</tr>
<tr>
<td>axtls__k2__q41.cnf</td>
<td>94</td>
<td>192</td>
<td>37</td>
<td>0.003757</td>
<td>7486710240</td>
</tr>
<tr>
<td>axtls__k2__q42.cnf</td>
<td>94</td>
<td>192</td>
<td>26</td>
<td>0.00321</td>
<td>61664182272</td>
</tr>
<tr>
<td>axtls__k2__q43.cnf</td>
<td>94</td>
<td>192</td>
<td>37</td>
<td>0.003801</td>
<td>305671278528</td>
</tr>
<tr>
<td>axtls__k2__q44.cnf</td>
<td>94</td>
<td>192</td>
<td>56</td>
<td>0.003913</td>
<td>657793992000</td>
</tr>
<tr>
<td>axtls__k2__q45.cnf</td>
<td>94</td>
<td>192</td>
<td>36</td>
<td>0.003867</td>
<td>542189329920</td>
</tr>
<tr>
<td>axtls__k2__q46.cnf</td>
<td>94</td>
<td>192</td>
<td>33</td>
<td>0.003657</td>
<td>532061430192</td>
</tr>
<tr>
<td>axtls__k2__q47.cnf</td>
<td>94</td>
<td>192</td>
<td>51</td>
<td>0.004164</td>
<td>435392686080</td>
</tr>
<tr>
<td>axtls__k2__q48.cnf</td>
<td>94</td>
<td>192</td>
<td>27</td>
<td>0.00338</td>
<td>347210219520</td>
</tr>
<tr>
<td>axtls__k2__q49.cnf</td>
<td>94</td>
<td>192</td>
<td>38</td>
<td>0.003807</td>
<td>124623983904</td>
</tr>
<tr>
<td>axtls__k2__q0.cnf</td>
<td>94</td>
<td>192</td>
<td>52</td>
<td>0.003721</td>
<td>977069746688</td>
</tr>
<tr>
<td>axtls__k2__q1.cnf</td>
<td>94</td>
<td>192</td>
<td>57</td>
<td>0.004193</td>
<td>1304357918640</td>
</tr>
<tr>
<td>axtls__k2__q2.cnf</td>
<td>94</td>
<td>192</td>
<td>32</td>
<td>0.003619</td>
<td>11419698528</td>
</tr>
<tr>
<td>axtls__k2__q3.cnf</td>
<td>94</td>
<td>192</td>
<td>49</td>
<td>0.003761</td>
<td>2975705760</td>
</tr>
<tr>
<td>axtls__k2__q4.cnf</td>
<td>94</td>
<td>192</td>
<td>40</td>
<td>0.003834</td>
<td>1277935676416</td>
</tr>
<tr>
<td>axtls__k2__q5.cnf</td>
<td>94</td>
<td>192</td>
<td>35</td>
<td>0.003354</td>
<td>1460319952896</td>
</tr>
<tr>
<td>axtls__k2__q6.cnf</td>
<td>94</td>
<td>192</td>
<td>30</td>
<td>0.003364</td>
<td>606612633984</td>
</tr>
<tr>
<td>axtls__k2__q7.cnf</td>
<td>94</td>
<td>192</td>
<td>47</td>
<td>0.003483</td>
<td>711858585600</td>
</tr>
<tr>
<td>axtls__k2__q8.cnf</td>
<td>94</td>
<td>192</td>
<td>46</td>
<td>0.003588</td>
<td>2231691264</td>
</tr>
<tr>
<td>axtls__k2__q9.cnf</td>
<td>94</td>
<td>192</td>
<td>50</td>
<td>0.003832</td>
<td>247138366464</td>
</tr>
<tr>
<td>axtls__k2__q10.cnf</td>
<td>94</td>
<td>192</td>
<td>51</td>
<td>0.003747</td>
<td>250896476160</td>
</tr>
<tr>
<td>axtls__k2__q11.cnf</td>
<td>94</td>
<td>192</td>
<td>52</td>
<td>0.003921</td>
<td>250896476160</td>
</tr>
<tr>
<td>axtls__k2__q12.cnf</td>
<td>94</td>
<td>192</td>
<td>50</td>
<td>0.003699</td>
<td>4463499936</td>
</tr>
<tr>
<td>axtls__k2__q13.cnf</td>
<td>94</td>
<td>192</td>
<td>51</td>
<td>0.003956</td>
<td>341674898208</td>
</tr>
<tr>
<td>axtls__k2__q14.cnf</td>
<td>94</td>
<td>192</td>
<td>35</td>
<td>0.003886</td>
<td>306656679168</td>
</tr>
<tr>
<td>axtls__k2__q15.cnf</td>
<td>94</td>
<td>192</td>
<td>45</td>
<td>0.003791</td>
<td>340886734848</td>
</tr>
<tr>
<td>axtls__k2__q16.cnf</td>
<td>94</td>
<td>192</td>
<td>56</td>
<td>0.003962</td>
<td>256518034752</td>
</tr>
<tr>
<td>axtls__k2__q17.cnf</td>
<td>94</td>
<td>192</td>
<td>57</td>
<td>0.003944</td>
<td>659061647520</td>
</tr>
<tr>
<td>axtls__k2__q18.cnf</td>
<td>94</td>
<td>192</td>
<td>53</td>
<td>0.003993</td>
<td>494276732928</td>
</tr>
<tr>
<td>axtls__k2__q19.cnf</td>
<td>94</td>
<td>192</td>
<td>52</td>
<td>0.00376</td>
<td>451825938432</td>
</tr>
<tr>
<td>axtls__k2__q20.cnf</td>
<td>94</td>
<td>192</td>
<td>58</td>
<td>0.00456</td>
<td>683371694208</td>
</tr>
<tr>
<td>axtls__k2__q21.cnf</td>
<td>94</td>
<td>192</td>
<td>35</td>
<td>0.003749</td>
<td>554513273280</td>
</tr>
<tr>
<td>axtls__k2__q22.cnf</td>
<td>94</td>
<td>192</td>
<td>48</td>
<td>0.003933</td>
<td>557814657024</td>
</tr>
<tr>
<td>axtls__k2__q23.cnf</td>
<td>94</td>
<td>192</td>
<td>28</td>
<td>0.00372</td>
<td>3226274688</td>
</tr>
<tr>
<td>axtls__k2__q24.cnf</td>
<td>94</td>
<td>192</td>
<td>52</td>
<td>0.004689</td>
<td>445951827024</td>
</tr>
<tr>
<td>axtls__k2__q25.cnf</td>
<td>94</td>
<td>192</td>
<td>31</td>
<td>0.00367</td>
<td>354699067392</td>
</tr>
<tr>
<td>axtls__k2__q26.cnf</td>
<td>94</td>
<td>192</td>
<td>57</td>
<td>0.004134</td>
<td>979191399424</td>
</tr>
<tr>
<td>axtls__k2__q27.cnf</td>
<td>94</td>
<td>192</td>
<td>31</td>
<td>0.003547</td>
<td>663783542784</td>
</tr>
<tr>
<td>axtls__k2__q28.cnf</td>
<td>94</td>
<td>192</td>
<td>34</td>
<td>0.00349</td>
<td>3523111424</td>
</tr>
<tr>
<td>axtls__k2__q29.cnf</td>
<td>94</td>
<td>192</td>
<td>0</td>
<td>0.000259</td>
<td>UNSAT</td>
</tr>
<tr>
<td>axtls__k2__q30.cnf</td>
<td>94</td>
<td>192</td>
<td>56</td>
<td>0.004466</td>
<td>253134825888</td>
</tr>
<tr>
<td>axtls__k2__q31.cnf</td>
<td>94</td>
<td>192</td>
<td>0</td>
<td>0.000341</td>
<td>UNSAT</td>
</tr>
<tr>
<td>axtls__k2__q32.cnf</td>
<td>94</td>
<td>192</td>
<td>33</td>
<td>0.003188</td>
<td>730140770304</td>
</tr>
<tr>
<td>axtls__k2__q33.cnf</td>
<td>94</td>
<td>192</td>
<td>52</td>
<td>0.003935</td>
<td>501792952320</td>
</tr>
<tr>
<td>axtls__k2__q34.cnf</td>
<td>94</td>
<td>192</td>
<td>35</td>
<td>0.003309</td>
<td>730159976448</td>
</tr>
<tr>
<td>axtls__k2__q35.cnf</td>
<td>94</td>
<td>192</td>
<td>21</td>
<td>0.00329</td>
<td>33677952</td>
</tr>
<tr>
<td>axtls__k2__q36.cnf</td>
<td>94</td>
<td>192</td>
<td>34</td>
<td>0.003429</td>
<td>532061430192</td>
</tr>
<tr>
<td>axtls__k2__q37.cnf</td>
<td>94</td>
<td>192</td>
<td>58</td>
<td>0.004323</td>
<td>1962126104736</td>
</tr>
<tr>
<td>axtls__k2__q38.cnf</td>
<td>94</td>
<td>192</td>
<td>54</td>
<td>0.004445</td>
<td>491660333472</td>
</tr>
<tr>
<td>axtls__k2__q40.cnf</td>
<td>94</td>
<td>192</td>
<td>31</td>
<td>0.003705</td>
<td>531024273408</td>
</tr>
<tr>
<td>axtls__k2__q41.cnf</td>
<td>94</td>
<td>192</td>
<td>37</td>
<td>0.003644</td>
<td>7486710240</td>
</tr>
<tr>
<td>axtls__k2__q42.cnf</td>
<td>94</td>
<td>192</td>
<td>26</td>
<td>0.003342</td>
<td>61664182272</td>
</tr>
<tr>
<td>axtls__k2__q43.cnf</td>
<td>94</td>
<td>192</td>
<td>37</td>
<td>0.003767</td>
<td>305671278528</td>
</tr>
<tr>
<td>axtls__k2__q44.cnf</td>
<td>94</td>
<td>192</td>
<td>56</td>
<td>0.003974</td>
<td>657793992000</td>
</tr>
<tr>
<td>axtls__k2__q45.cnf</td>
<td>94</td>
<td>192</td>
<td>36</td>
<td>0.003894</td>
<td>542189329920</td>
</tr>
<tr>
<td>axtls__k2__q46.cnf</td>
<td>94</td>
<td>192</td>
<td>33</td>
<td>0.003448</td>
<td>532061430192</td>
</tr>
<tr>
<td>axtls__k2__q47.cnf</td>
<td>94</td>
<td>192</td>
<td>51</td>
<td>0.004066</td>
<td>435392686080</td>
</tr>
<tr>
<td>axtls__k2__q48.cnf</td>
<td>94</td>
<td>192</td>
<td>27</td>
<td>0.003622</td>
<td>347210219520</td>
</tr>
<tr>
<td>axtls__k2__q49.cnf</td>
<td>94</td>
<td>192</td>
<td>38</td>
<td>0.003734</td>
<td>124623983904</td>
</tr>
<tr>
<td>axtls__k2__q0.cnf</td>
<td>94</td>
<td>192</td>
<td>52</td>
<td>0.003933</td>
<td>977069746688</td>
</tr>
<tr>
<td>axtls__k2__q1.cnf</td>
<td>94</td>
<td>192</td>
<td>57</td>
<td>0.006003</td>
<td>1304357918640</td>
</tr>
<tr>
<td>axtls__k2__q2.cnf</td>
<td>94</td>
<td>192</td>
<td>32</td>
<td>0.004971</td>
<td>11419698528</td>
</tr>
<tr>
<td>axtls__k2__q3.cnf</td>
<td>94</td>
<td>192</td>
<td>49</td>
<td>0.003633</td>
<td>2975705760</td>
</tr>
<tr>
<td>axtls__k2__q4.cnf</td>
<td>94</td>
<td>192</td>
<td>40</td>
<td>0.003751</td>
<td>1277935676416</td>
</tr>
<tr>
<td>axtls__k2__q5.cnf</td>
<td>94</td>
<td>192</td>
<td>35</td>
<td>0.003337</td>
<td>1460319952896</td>
</tr>
<tr>
<td>axtls__k2__q6.cnf</td>
<td>94</td>
<td>192</td>
<td>30</td>
<td>0.003335</td>
<td>606612633984</td>
</tr>
<tr>
<td>axtls__k2__q7.cnf</td>
<td>94</td>
<td>192</td>
<td>47</td>
<td>0.003775</td>
<td>711858585600</td>
</tr>
<tr>
<td>axtls__k2__q8.cnf</td>
<td>94</td>
<td>192</td>
<td>46</td>
<td>0.004023</td>
<td>2231691264</td>
</tr>
<tr>
<td>axtls__k2__q9.cnf</td>
<td>94</td>
<td>192</td>
<td>50</td>
<td>0.00495</td>
<td>247138366464</td>
</tr>
<tr>
<td>axtls__k2__q10.cnf</td>
<td>94</td>
<td>192</td>
<td>51</td>
<td>0.003967</td>
<td>250896476160</td>
</tr>
<tr>
<td>axtls__k2__q11.cnf</td>
<td>94</td>
<td>192</td>
<td>52</td>
<td>0.003904</td>
<td>250896476160</td>
</tr>
<tr>
<td>axtls__k2__q12.cnf</td>
<td>94</td>
<td>192</td>
<td>50</td>
<td>0.003896</td>
<td>4463499936</td>
</tr>
<tr>
<td>axtls__k2__q13.cnf</td>
<td>94</td>
<td>192</td>
<td>51</td>
<td>0.003782</td>
<td>341674898208</td>
</tr>
<tr>
<td>axtls__k2__q14.cnf</td>
<td>94</td>
<td>192</td>
<td>35</td>
<td>0.004034</td>
<td>306656679168</td>
</tr>
<tr>
<td>axtls__k2__q15.cnf</td>
<td>94</td>
<td>192</td>
<td>45</td>
<td>0.005456</td>
<td>340886734848</td>
</tr>
<tr>
<td>axtls__k2__q16.cnf</td>
<td>94</td>
<td>192</td>
<td>56</td>
<td>0.005171</td>
<td>256518034752</td>
</tr>
<tr>
<td>axtls__k2__q17.cnf</td>
<td>94</td>
<td>192</td>
<td>57</td>
<td>0.005061</td>
<td>659061647520</td>
</tr>
<tr>
<td>axtls__k2__q18.cnf</td>
<td>94</td>
<td>192</td>
<td>53</td>
<td>0.00443</td>
<td>494276732928</td>
</tr>
<tr>
<td>axtls__k2__q19.cnf</td>
<td>94</td>
<td>192</td>
<td>52</td>
<td>0.003943</td>
<td>451825938432</td>
</tr>
<tr>
<td>axtls__k2__q20.cnf</td>
<td>94</td>
<td>192</td>
<td>58</td>
<td>0.004488</td>
<td>683371694208</td>
</tr>
<tr>
<td>axtls__k2__q21.cnf</td>
<td>94</td>
<td>192</td>
<td>35</td>
<td>0.004726</td>
<td>554513273280</td>
</tr>
<tr>
<td>axtls__k2__q22.cnf</td>
<td>94</td>
<td>192</td>
<td>48</td>
<td>0.004479</td>
<td>557814657024</td>
</tr>
<tr>
<td>axtls__k2__q23.cnf</td>
<td>94</td>
<td>192</td>
<td>28</td>
<td>0.003458</td>
<td>3226274688</td>
</tr>
<tr>
<td>axtls__k2__q24.cnf</td>
<td>94</td>
<td>192</td>
<td>52</td>
<td>0.00475</td>
<td>445951827024</td>
</tr>
<tr>
<td>axtls__k2__q25.cnf</td>
<td>94</td>
<td>192</td>
<td>31</td>
<td>0.003862</td>
<td>354699067392</td>
</tr>
<tr>
<td>axtls__k2__q26.cnf</td>
<td>94</td>
<td>192</td>
<td>57</td>
<td>0.003924</td>
<td>979191399424</td>
</tr>
<tr>
<td>axtls__k2__q27.cnf</td>
<td>94</td>
<td>192</td>
<td>31</td>
<td>0.003438</td>
<td>663783542784</td>
</tr>
<tr>
<td>axtls__k2__q28.cnf</td>
<td>94</td>
<td>192</td>
<td>34</td>
<td>0.003647</td>
<td>3523111424</td>
</tr>
<tr>
<td>axtls__k2__q29.cnf</td>
<td>94</td>
<td>192</td>
<td>0</td>
<td>0.000367</td>
<td>UNSAT</td>
</tr>
<tr>
<td>axtls__k2__q30.cnf</td>
<td>94</td>
<td>192</td>
<td>56</td>
<td>0.004732</td>
<td>253134825888</td>
</tr>
<tr>
<td>axtls__k2__q31.cnf</td>
<td>94</td>
<td>192</td>
<td>0</td>
<td>0.000337</td>
<td>UNSAT</td>
</tr>
<tr>
<td>axtls__k2__q32.cnf</td>
<td>94</td>
<td>192</td>
<td>33</td>
<td>0.004376</td>
<td>730140770304</td>
</tr>
<tr>
<td>axtls__k2__q33.cnf</td>
<td>94</td>
<td>192</td>
<td>52</td>
<td>0.004882</td>
<td>501792952320</td>
</tr>
<tr>
<td>axtls__k2__q34.cnf</td>
<td>94</td>
<td>192</td>
<td>35</td>
<td>0.004123</td>
<td>730159976448</td>
</tr>
<tr>
<td>axtls__k2__q35.cnf</td>
<td>94</td>
<td>192</td>
<td>21</td>
<td>0.005428</td>
<td>33677952</td>
</tr>
<tr>
<td>axtls__k2__q36.cnf</td>
<td>94</td>
<td>192</td>
<td>34</td>
<td>0.006351</td>
<td>532061430192</td>
</tr>
<tr>
<td>axtls__k2__q37.cnf</td>
<td>94</td>
<td>192</td>
<td>58</td>
<td>0.005711</td>
<td>1962126104736</td>
</tr>
<tr>
<td>axtls__k2__q38.cnf</td>
<td>94</td>
<td>192</td>
<td>54</td>
<td>0.00488</td>
<td>491660333472</td>
</tr>
<tr>
<td>axtls__k2__q40.cnf</td>
<td>94</td>
<td>192</td>
<td>31</td>
<td>0.003375</td>
<td>531024273408</td>
</tr>
<tr>
<td>axtls__k2__q41.cnf</td>
<td>94</td>
<td>192</td>
<td>37</td>
<td>0.003457</td>
<td>7486710240</td>
</tr>
<tr>
<td>axtls__k2__q42.cnf</td>
<td>94</td>
<td>192</td>
<td>26</td>
<td>0.003104</td>
<td>61664182272</td>
</tr>
<tr>
<td>axtls__k2__q43.cnf</td>
<td>94</td>
<td>192</td>
<td>37</td>
<td>0.003966</td>
<td>305671278528</td>
</tr>
<tr>
<td>axtls__k2__q44.cnf</td>
<td>94</td>
<td>192</td>
<td>56</td>
<td>0.004193</td>
<td>657793992000</td>
</tr>
<tr>
<td>axtls__k2__q45.cnf</td>
<td>94</td>
<td>192</td>
<td>36</td>
<td>0.005625</td>
<td>542189329920</td>
</tr>
<tr>
<td>axtls__k2__q46.cnf</td>
<td>94</td>
<td>192</td>
<td>33</td>
<td>0.006099</td>
<td>532061430192</td>
</tr>
<tr>
<td>axtls__k2__q47.cnf</td>
<td>94</td>
<td>192</td>
<td>51</td>
<td>0.005353</td>
<td>435392686080</td>
</tr>
<tr>
<td>axtls__k2__q48.cnf</td>
<td>94</td>
<td>192</td>
<td>27</td>
<td>0.004324</td>
<td>347210219520</td>
</tr>
<tr>
<td>axtls__k2__q49.cnf</td>
<td>94</td>
<td>192</td>
<td>38</td>
<td>0.005259</td>
<td>124623983904</td>
</tr>
<tr>
<td>axtls__k2__q0.cnf</td>
<td>94</td>
<td>192</td>
<td>52</td>
<td>0.004948</td>
<td>977069746688</td>
</tr>
<tr>
<td>axtls__k2__q1.cnf</td>
<td>94</td>
<td>192</td>
<td>57</td>
<td>0.004997</td>
<td>1304357918640</td>
</tr>
<tr>
<td>axtls__k2__q2.cnf</td>
<td>94</td>
<td>192</td>
<td>32</td>
<td>0.004464</td>
<td>11419698528</td>
</tr>
<tr>
<td>axtls__k2__q3.cnf</td>
<td>94</td>
<td>192</td>
<td>49</td>
<td>0.004178</td>
<td>2975705760</td>
</tr>
<tr>
<td>axtls__k2__q4.cnf</td>
<td>94</td>
<td>192</td>
<td>40</td>
<td>0.005323</td>
<td>1277935676416</td>
</tr>
<tr>
<td>axtls__k2__q5.cnf</td>
<td>94</td>
<td>192</td>
<td>35</td>
<td>0.003713</td>
<td>1460319952896</td>
</tr>
<tr>
<td>axtls__k2__q6.cnf</td>
<td>94</td>
<td>192</td>
<td>30</td>
<td>0.004058</td>
<td>606612633984</td>
</tr>
<tr>
<td>axtls__k2__q7.cnf</td>
<td>94</td>
<td>192</td>
<td>47</td>
<td>0.005216</td>
<td>711858585600</td>
</tr>
<tr>
<td>axtls__k2__q8.cnf</td>
<td>94</td>
<td>192</td>
<td>46</td>
<td>0.005501</td>
<td>2231691264</td>
</tr>
<tr>
<td>axtls__k2__q9.cnf</td>
<td>94</td>
<td>192</td>
<td>50</td>
<td>0.004746</td>
<td>247138366464</td>
</tr>
<tr>
<td>axtls__k2__q10.cnf</td>
<td>94</td>
<td>192</td>
<td>51</td>
<td>0.003569</td>
<td>250896476160</td>
</tr>
<tr>
<td>axtls__k2__q11.cnf</td>
<td>94</td>
<td>192</td>
<td>52</td>
<td>0.003885</td>
<td>250896476160</td>
</tr>
<tr>
<td>axtls__k2__q12.cnf</td>
<td>94</td>
<td>192</td>
<td>50</td>
<td>0.003686</td>
<td>4463499936</td>
</tr>
<tr>
<td>axtls__k2__q13.cnf</td>
<td>94</td>
<td>192</td>
<td>51</td>
<td>0.00405</td>
<td>341674898208</td>
</tr>
<tr>
<td>axtls__k2__q14.cnf</td>
<td>94</td>
<td>192</td>
<td>35</td>
<td>0.005074</td>
<td>306656679168</td>
</tr>
<tr>
<td>axtls__k2__q15.cnf</td>
<td>94</td>
<td>192</td>
<td>45</td>
<td>0.004749</td>
<td>340886734848</td>
</tr>
<tr>
<td>axtls__k2__q16.cnf</td>
<td>94</td>
<td>192</td>
<td>56</td>
<td>0.003954</td>
<td>256518034752</td>
</tr>
<tr>
<td>axtls__k2__q17.cnf</td>
<td>94</td>
<td>192</td>
<td>57</td>
<td>0.004228</td>
<td>659061647520</td>
</tr>
<tr>
<td>axtls__k2__q18.cnf</td>
<td>94</td>
<td>192</td>
<td>53</td>
<td>0.004593</td>
<td>494276732928</td>
</tr>
<tr>
<td>axtls__k2__q19.cnf</td>
<td>94</td>
<td>192</td>
<td>52</td>
<td>0.00445</td>
<td>451825938432</td>
</tr>
<tr>
<td>axtls__k2__q20.cnf</td>
<td>94</td>
<td>192</td>
<td>58</td>
<td>0.006202</td>
<td>683371694208</td>
</tr>
<tr>
<td>axtls__k2__q21.cnf</td>
<td>94</td>
<td>192</td>
<td>35</td>
<td>0.004047</td>
<td>554513273280</td>
</tr>
<tr>
<td>axtls__k2__q22.cnf</td>
<td>94</td>
<td>192</td>
<td>48</td>
<td>0.005407</td>
<td>557814657024</td>
</tr>
<tr>
<td>axtls__k2__q23.cnf</td>
<td>94</td>
<td>192</td>
<td>28</td>
<td>0.005405</td>
<td>3226274688</td>
</tr>
<tr>
<td>axtls__k2__q24.cnf</td>
<td>94</td>
<td>192</td>
<td>52</td>
<td>0.004694</td>
<td>445951827024</td>
</tr>
<tr>
<td>axtls__k2__q25.cnf</td>
<td>94</td>
<td>192</td>
<td>31</td>
<td>0.00316</td>
<td>354699067392</td>
</tr>
<tr>
<td>axtls__k2__q26.cnf</td>
<td>94</td>
<td>192</td>
<td>57</td>
<td>0.004082</td>
<td>979191399424</td>
</tr>
<tr>
<td>axtls__k2__q27.cnf</td>
<td>94</td>
<td>192</td>
<td>31</td>
<td>0.003256</td>
<td>663783542784</td>
</tr>
<tr>
<td>axtls__k2__q28.cnf</td>
<td>94</td>
<td>192</td>
<td>34</td>
<td>0.003509</td>
<td>3523111424</td>
</tr>
<tr>
<td>axtls__k2__q29.cnf</td>
<td>94</td>
<td>192</td>
<td>0</td>
<td>0.000356</td>
<td>UNSAT</td>
</tr>
<tr>
<td>axtls__k2__q30.cnf</td>
<td>94</td>
<td>192</td>
<td>56</td>
<td>0.003964</td>
<td>253134825888</td>
</tr>
<tr>
<td>axtls__k2__q31.cnf</td>
<td>94</td>
<td>192</td>
<td>0</td>
<td>0.000273</td>
<td>UNSAT</td>
</tr>
<tr>
<td>axtls__k2__q32.cnf</td>
<td>94</td>
<td>192</td>
<td>33</td>
<td>0.0034</td>
<td>730140770304</td>
</tr>
<tr>
<td>axtls__k2__q33.cnf</td>
<td>94</td>
<td>192</td>
<td>52</td>
<td>0.005254</td>
<td>501792952320</td>
</tr>
<tr>
<td>axtls__k2__q34.cnf</td>
<td>94</td>
<td>192</td>
<td>35</td>
<td>0.004891</td>
<td>730159976448</td>
</tr>
<tr>
<td>axtls__k2__q35.cnf</td>
<td>94</td>
<td>192</td>
<td>21</td>
<td>0.004691</td>
<td>33677952</td>
</tr>
<tr>
<td>axtls__k2__q36.cnf</td>
<td>94</td>
<td>192</td>
<td>34</td>
<td>0.005709</td>
<td>532061430192</td>
</tr>
<tr>
<td>axtls__k2__q37.cnf</td>
<td>94</td>
<td>192</td>
<td>58</td>
<td>0.005151</td>
<td>1962126104736</td>
</tr>
<tr>
<td>axtls__k2__q38.cnf</td>
<td>94</td>
<td>192</td>
<td>54</td>
<td>0.004876</td>
<td>491660333472</td>
</tr>
<tr>
<td>axtls__k2__q40.cnf</td>
<td>94</td>
<td>192</td>
<td>31</td>
<td>0.003702</td>
<td>531024273408</td>
</tr>
<tr>
<td>axtls__k2__q41.cnf</td>
<td>94</td>
<td>192</td>
<td>37</td>
<td>0.003667</td>
<td>7486710240</td>
</tr>
<tr>
<td>axtls__k2__q42.cnf</td>
<td>94</td>
<td>192</td>
<td>26</td>
<td>0.003262</td>
<td>61664182272</td>
</tr>
<tr>
<td>axtls__k2__q43.cnf</td>
<td>94</td>
<td>192</td>
<td>37</td>
<td>0.004112</td>
<td>305671278528</td>
</tr>
<tr>
<td>axtls__k2__q44.cnf</td>
<td>94</td>
<td>192</td>
<td>56</td>
<td>0.004097</td>
<td>657793992000</td>
</tr>
<tr>
<td>axtls__k2__q45.cnf</td>
<td>94</td>
<td>192</td>
<td>36</td>
<td>0.0039</td>
<td>542189329920</td>
</tr>
<tr>
<td>axtls__k2__q46.cnf</td>
<td>94</td>
<td>192</td>
<td>33</td>
<td>0.003666</td>
<td>532061430192</td>
</tr>
<tr>
<td>axtls__k2__q47.cnf</td>
<td>94</td>
<td>192</td>
<td>51</td>
<td>0.003684</td>
<td>435392686080</td>
</tr>
<tr>
<td>axtls__k2__q48.cnf</td>
<td>94</td>
<td>192</td>
<td>27</td>
<td>0.003331</td>
<td>347210219520</td>
</tr>
<tr>
<td>axtls__k2__q49.cnf</td>
<td>94</td>
<td>192</td>
<td>38</td>
<td>0.004066</td>
<td>124623983904</td>
</tr>
<tr>
<td>axtls__k2__q0.cnf</td>
<td>94</td>
<td>192</td>
<td>52</td>
<td>0.003857</td>
<td>977069746688</td>
</tr>
<tr>
<td>axtls__k2__q1.cnf</td>
<td>94</td>
<td>192</td>
<td>57</td>
<td>0.004223</td>
<td>1304357918640</td>
</tr>
<tr>
<td>axtls__k2__q2.cnf</td>
<td>94</td>
<td>192</td>
<td>32</td>
<td>0.003628</td>
<td>11419698528</td>
</tr>
<tr>
<td>axtls__k2__q3.cnf</td>
<td>94</td>
<td>192</td>
<td>49</td>
<td>0.003989</td>
<td>2975705760</td>
</tr>
<tr>
<td>axtls__k2__q4.cnf</td>
<td>94</td>
<td>192</td>
<td>40</td>
<td>0.004453</td>
<td>1277935676416</td>
</tr>
<tr>
<td>axtls__k2__q5.cnf</td>
<td>94</td>
<td>192</td>
<td>35</td>
<td>0.00359</td>
<td>1460319952896</td>
</tr>
<tr>
<td>axtls__k2__q6.cnf</td>
<td>94</td>
<td>192</td>
<td>30</td>
<td>0.004765</td>
<td>606612633984</td>
</tr>
<tr>
<td>axtls__k2__q7.cnf</td>
<td>94</td>
<td>192</td>
<td>47</td>
<td>0.004891</td>
<td>711858585600</td>
</tr>
<tr>
<td>axtls__k2__q8.cnf</td>
<td>94</td>
<td>192</td>
<td>46</td>
<td>0.005637</td>
<td>2231691264</td>
</tr>
<tr>
<td>axtls__k2__q9.cnf</td>
<td>94</td>
<td>192</td>
<td>50</td>
<td>0.005681</td>
<td>247138366464</td>
</tr>
<tr>
<td>axtls__k2__q10.cnf</td>
<td>94</td>
<td>192</td>
<td>51</td>
<td>0.004023</td>
<td>250896476160</td>
</tr>
<tr>
<td>axtls__k2__q11.cnf</td>
<td>94</td>
<td>192</td>
<td>52</td>
<td>0.004185</td>
<td>250896476160</td>
</tr>
<tr>
<td>axtls__k2__q12.cnf</td>
<td>94</td>
<td>192</td>
<td>50</td>
<td>0.004521</td>
<td>4463499936</td>
</tr>
<tr>
<td>axtls__k2__q13.cnf</td>
<td>94</td>
<td>192</td>
<td>51</td>
<td>0.003908</td>
<td>341674898208</td>
</tr>
<tr>
<td>axtls__k2__q14.cnf</td>
<td>94</td>
<td>192</td>
<td>35</td>
<td>0.003657</td>
<td>306656679168</td>
</tr>
<tr>
<td>axtls__k2__q15.cnf</td>
<td>94</td>
<td>192</td>
<td>45</td>
<td>0.003861</td>
<td>340886734848</td>
</tr>
<tr>
<td>axtls__k2__q16.cnf</td>
<td>94</td>
<td>192</td>
<td>56</td>
<td>0.004877</td>
<td>256518034752</td>
</tr>
<tr>
<td>axtls__k2__q17.cnf</td>
<td>94</td>
<td>192</td>
<td>57</td>
<td>0.005015</td>
<td>659061647520</td>
</tr>
<tr>
<td>axtls__k2__q18.cnf</td>
<td>94</td>
<td>192</td>
<td>53</td>
<td>0.006153</td>
<td>494276732928</td>
</tr>
<tr>
<td>axtls__k2__q19.cnf</td>
<td>94</td>
<td>192</td>
<td>52</td>
<td>0.006874</td>
<td>451825938432</td>
</tr>
<tr>
<td>axtls__k2__q20.cnf</td>
<td>94</td>
<td>192</td>
<td>58</td>
<td>0.006383</td>
<td>683371694208</td>
</tr>
<tr>
<td>axtls__k2__q21.cnf</td>
<td>94</td>
<td>192</td>
<td>35</td>
<td>0.005681</td>
<td>554513273280</td>
</tr>
<tr>
<td>axtls__k2__q22.cnf</td>
<td>94</td>
<td>192</td>
<td>48</td>
<td>0.006509</td>
<td>557814657024</td>
</tr>
<tr>
<td>axtls__k2__q23.cnf</td>
<td>94</td>
<td>192</td>
<td>28</td>
<td>0.004754</td>
<td>3226274688</td>
</tr>
<tr>
<td>axtls__k2__q24.cnf</td>
<td>94</td>
<td>192</td>
<td>52</td>
<td>0.004425</td>
<td>445951827024</td>
</tr>
<tr>
<td>axtls__k2__q25.cnf</td>
<td>94</td>
<td>192</td>
<td>31</td>
<td>0.003207</td>
<td>354699067392</td>
</tr>
<tr>
<td>axtls__k2__q26.cnf</td>
<td>94</td>
<td>192</td>
<td>57</td>
<td>0.003989</td>
<td>979191399424</td>
</tr>
<tr>
<td>axtls__k2__q27.cnf</td>
<td>94</td>
<td>192</td>
<td>31</td>
<td>0.003409</td>
<td>663783542784</td>
</tr>
<tr>
<td>axtls__k2__q28.cnf</td>
<td>94</td>
<td>192</td>
<td>34</td>
<td>0.003239</td>
<td>3523111424</td>
</tr>
<tr>
<td>axtls__k2__q29.cnf</td>
<td>94</td>
<td>192</td>
<td>0</td>
<td>0.000274</td>
<td>UNSAT</td>
</tr>
<tr>
<td>axtls__k2__q30.cnf</td>
<td>94</td>
<td>192</td>
<td>56</td>
<td>0.004007</td>
<td>253134825888</td>
</tr>
<tr>
<td>axtls__k2__q31.cnf</td>
<td>94</td>
<td>192</td>
<td>0</td>
<td>0.000311</td>
<td>UNSAT</td>
</tr>
<tr>
<td>axtls__k2__q32.cnf</td>
<td>94</td>
<td>192</td>
<td>33</td>
<td>0.003713</td>
<td>730140770304</td>
</tr>
<tr>
<td>axtls__k2__q33.cnf</td>
<td>94</td>
<td>192</td>
<td>52</td>
<td>0.004892</td>
<td>501792952320</td>
</tr>
<tr>
<td>axtls__k2__q34.cnf</td>
<td>94</td>
<td>192</td>
<td>35</td>
<td>0.004082</td>
<td>730159976448</td>
</tr>
<tr>
<td>axtls__k2__q35.cnf</td>
<td>94</td>
<td>192</td>
<td>21</td>
<td>0.00378</td>
<td>33677952</td>
</tr>
<tr>
<td>axtls__k2__q36.cnf</td>
<td>94</td>
<td>192</td>
<td>34</td>
<td>0.003824</td>
<td>532061430192</td>
</tr>
<tr>
<td>axtls__k2__q37.cnf</td>
<td>94</td>
<td>192</td>
<td>58</td>
<td>0.004238</td>
<td>1962126104736</td>
</tr>
<tr>
<td>axtls__k2__q38.cnf</td>
<td>94</td>
<td>192</td>
<td>54</td>
<td>0.004404</td>
<td>491660333472</td>
</tr>
<tr>
<td>axtls__k2__q40.cnf</td>
<td>94</td>
<td>192</td>
<td>31</td>
<td>0.003612</td>
<td>531024273408</td>
</tr>
<tr>
<td>axtls__k2__q41.cnf</td>
<td>94</td>
<td>192</td>
<td>37</td>
<td>0.00359</td>
<td>7486710240</td>
</tr>
<tr>
<td>axtls__k2__q42.cnf</td>
<td>94</td>
<td>192</td>
<td>26</td>
<td>0.003224</td>
<td>61664182272</td>
</tr>
<tr>
<td>axtls__k2__q43.cnf</td>
<td>94</td>
<td>192</td>
<td>37</td>
<td>0.003854</td>
<td>305671278528</td>
</tr>
<tr>
<td>axtls__k2__q44.cnf</td>
<td>94</td>
<td>192</td>
<td>56</td>
<td>0.004133</td>
<td>657793992000</td>
</tr>
<tr>
<td>axtls__k2__q45.cnf</td>
<td>94</td>
<td>192</td>
<td>36</td>
<td>0.004059</td>
<td>542189329920</td>
</tr>
<tr>
<td>axtls__k2__q46.cnf</td>
<td>94</td>
<td>192</td>
<td>33</td>
<td>0.003985</td>
<td>532061430192</td>
</tr>
<tr>
<td>axtls__k2__q47.cnf</td>
<td>94</td>
<td>192</td>
<td>51</td>
<td>0.004784</td>
<td>435392686080</td>
</tr>
<tr>
<td>axtls__k2__q48.cnf</td>
<td>94</td>
<td>192</td>
<td>27</td>
<td>0.003204</td>
<td>347210219520</td>
</tr>
<tr>
<td>axtls__k2__q49.cnf</td>
<td>94</td>
<td>192</td>
<td>38</td>
<td>0.004847</td>
<td>124623983904</td>
</tr>
<tr>
<td>axtls__k2__q0.cnf</td>
<td>94</td>
<td>192</td>
<td>52</td>
<td>0.004179</td>
<td>977069746688</td>
</tr>
<tr>
<td>axtls__k2__q1.cnf</td>
<td>94</td>
<td>192</td>
<td>57</td>
<td>0.004177</td>
<td>1304357918640</td>
</tr>
<tr>
<td>axtls__k2__q2.cnf</td>
<td>94</td>
<td>192</td>
<td>32</td>
<td>0.004206</td>
<td>11419698528</td>
</tr>
<tr>
<td>axtls__k2__q3.cnf</td>
<td>94</td>
<td>192</td>
<td>49</td>
<td>0.003709</td>
<td>2975705760</td>
</tr>
<tr>
<td>axtls__k2__q4.cnf</td>
<td>94</td>
<td>192</td>
<td>40</td>
<td>0.003807</td>
<td>1277935676416</td>
</tr>
<tr>
<td>axtls__k2__q5.cnf</td>
<td>94</td>
<td>192</td>
<td>35</td>
<td>0.003575</td>
<td>1460319952896</td>
</tr>
<tr>
<td>axtls__k2__q6.cnf</td>
<td>94</td>
<td>192</td>
<td>30</td>
<td>0.003642</td>
<td>606612633984</td>
</tr>
<tr>
<td>axtls__k2__q7.cnf</td>
<td>94</td>
<td>192</td>
<td>47</td>
<td>0.003993</td>
<td>711858585600</td>
</tr>
<tr>
<td>axtls__k2__q8.cnf</td>
<td>94</td>
<td>192</td>
<td>46</td>
<td>0.004543</td>
<td>2231691264</td>
</tr>
<tr>
<td>axtls__k2__q9.cnf</td>
<td>94</td>
<td>192</td>
<td>50</td>
<td>0.005319</td>
<td>247138366464</td>
</tr>
<tr>
<td>axtls__k2__q10.cnf</td>
<td>94</td>
<td>192</td>
<td>51</td>
<td>0.005228</td>
<td>250896476160</td>
</tr>
<tr>
<td>axtls__k2__q11.cnf</td>
<td>94</td>
<td>192</td>
<td>52</td>
<td>0.004071</td>
<td>250896476160</td>
</tr>
<tr>
<td>axtls__k2__q12.cnf</td>
<td>94</td>
<td>192</td>
<td>50</td>
<td>0.003618</td>
<td>4463499936</td>
</tr>
<tr>
<td>axtls__k2__q13.cnf</td>
<td>94</td>
<td>192</td>
<td>51</td>
<td>0.003958</td>
<td>341674898208</td>
</tr>
<tr>
<td>axtls__k2__q14.cnf</td>
<td>94</td>
<td>192</td>
<td>35</td>
<td>0.005035</td>
<td>306656679168</td>
</tr>
<tr>
<td>axtls__k2__q15.cnf</td>
<td>94</td>
<td>192</td>
<td>45</td>
<td>0.00585</td>
<td>340886734848</td>
</tr>
<tr>
<td>axtls__k2__q16.cnf</td>
<td>94</td>
<td>192</td>
<td>56</td>
<td>0.006944</td>
<td>256518034752</td>
</tr>
<tr>
<td>axtls__k2__q17.cnf</td>
<td>94</td>
<td>192</td>
<td>57</td>
<td>0.006956</td>
<td>659061647520</td>
</tr>
<tr>
<td>axtls__k2__q18.cnf</td>
<td>94</td>
<td>192</td>
<td>53</td>
<td>0.00745</td>
<td>494276732928</td>
</tr>
<tr>
<td>axtls__k2__q19.cnf</td>
<td>94</td>
<td>192</td>
<td>52</td>
<td>0.005745</td>
<td>451825938432</td>
</tr>
<tr>
<td>axtls__k2__q20.cnf</td>
<td>94</td>
<td>192</td>
<td>58</td>
<td>0.005711</td>
<td>683371694208</td>
</tr>
<tr>
<td>axtls__k2__q21.cnf</td>
<td>94</td>
<td>192</td>
<td>35</td>
<td>0.00447</td>
<td>554513273280</td>
</tr>
<tr>
<td>axtls__k2__q22.cnf</td>
<td>94</td>
<td>192</td>
<td>48</td>
<td>0.006183</td>
<td>557814657024</td>
</tr>
<tr>
<td>axtls__k2__q23.cnf</td>
<td>94</td>
<td>192</td>
<td>28</td>
<td>0.006155</td>
<td>3226274688</td>
</tr>
<tr>
<td>axtls__k2__q24.cnf</td>
<td>94</td>
<td>192</td>
<td>52</td>
<td>0.004995</td>
<td>445951827024</td>
</tr>
<tr>
<td>axtls__k2__q25.cnf</td>
<td>94</td>
<td>192</td>
<td>31</td>
<td>0.003489</td>
<td>354699067392</td>
</tr>
<tr>
<td>axtls__k2__q26.cnf</td>
<td>94</td>
<td>192</td>
<td>57</td>
<td>0.004373</td>
<td>979191399424</td>
</tr>
<tr>
<td>axtls__k2__q27.cnf</td>
<td>94</td>
<td>192</td>
<td>31</td>
<td>0.003373</td>
<td>663783542784</td>
</tr>
<tr>
<td>axtls__k2__q28.cnf</td>
<td>94</td>
<td>192</td>
<td>34</td>
<td>0.00348</td>
<td>3523111424</td>
</tr>
<tr>
<td>axtls__k2__q29.cnf</td>
<td>94</td>
<td>192</td>
<td>0</td>
<td>0.000311</td>
<td>UNSAT</td>
</tr>
<tr>
<td>axtls__k2__q30.cnf</td>
<td>94</td>
<td>192</td>
<td>56</td>
<td>0.004197</td>
<td>253134825888</td>
</tr>
<tr>
<td>axtls__k2__q31.cnf</td>
<td>94</td>
<td>192</td>
<td>0</td>
<td>0.000278</td>
<td>UNSAT</td>
</tr>
<tr>
<td>axtls__k2__q32.cnf</td>
<td>94</td>
<td>192</td>
<td>33</td>
<td>0.003334</td>
<td>730140770304</td>
</tr>
<tr>
<td>axtls__k2__q33.cnf</td>
<td>94</td>
<td>192</td>
<td>52</td>
<td>0.004239</td>
<td>501792952320</td>
</tr>
<tr>
<td>axtls__k2__q34.cnf</td>
<td>94</td>
<td>192</td>
<td>35</td>
<td>0.003606</td>
<td>730159976448</td>
</tr>
<tr>
<td>axtls__k2__q35.cnf</td>
<td>94</td>
<td>192</td>
<td>21</td>
<td>0.010039</td>
<td>33677952</td>
</tr>
<tr>
<td>axtls__k2__q36.cnf</td>
<td>94</td>
<td>192</td>
<td>34</td>
<td>0.008361</td>
<td>532061430192</td>
</tr>
<tr>
<td>axtls__k2__q37.cnf</td>
<td>94</td>
<td>192</td>
<td>58</td>
<td>0.005949</td>
<td>1962126104736</td>
</tr>
<tr>
<td>axtls__k2__q38.cnf</td>
<td>94</td>
<td>192</td>
<td>54</td>
<td>0.004372</td>
<td>491660333472</td>
</tr>
<tr>
<td>axtls__k2__q40.cnf</td>
<td>94</td>
<td>192</td>
<td>31</td>
<td>0.00441</td>
<td>531024273408</td>
</tr>
<tr>
<td>axtls__k2__q41.cnf</td>
<td>94</td>
<td>192</td>
<td>37</td>
<td>0.003636</td>
<td>7486710240</td>
</tr>
<tr>
<td>axtls__k2__q42.cnf</td>
<td>94</td>
<td>192</td>
<td>26</td>
<td>0.003621</td>
<td>61664182272</td>
</tr>
<tr>
<td>axtls__k2__q43.cnf</td>
<td>94</td>
<td>192</td>
<td>37</td>
<td>0.003748</td>
<td>305671278528</td>
</tr>
<tr>
<td>axtls__k2__q44.cnf</td>
<td>94</td>
<td>192</td>
<td>56</td>
<td>0.004008</td>
<td>657793992000</td>
</tr>
<tr>
<td>axtls__k2__q45.cnf</td>
<td>94</td>
<td>192</td>
<td>36</td>
<td>0.003876</td>
<td>542189329920</td>
</tr>
<tr>
<td>axtls__k2__q46.cnf</td>
<td>94</td>
<td>192</td>
<td>33</td>
<td>0.003462</td>
<td>532061430192</td>
</tr>
<tr>
<td>axtls__k2__q47.cnf</td>
<td>94</td>
<td>192</td>
<td>51</td>
<td>0.003962</td>
<td>435392686080</td>
</tr>
<tr>
<td>axtls__k2__q48.cnf</td>
<td>94</td>
<td>192</td>
<td>27</td>
<td>0.003694</td>
<td>347210219520</td>
</tr>
<tr>
<td>axtls__k2__q49.cnf</td>
<td>94</td>
<td>192</td>
<td>38</td>
<td>0.004685</td>
<td>124623983904</td>
</tr>
<tr>
<td>axtls__k2__q0.cnf</td>
<td>94</td>
<td>192</td>
<td>52</td>
<td>0.003897</td>
<td>977069746688</td>
</tr>
<tr>
<td>axtls__k2__q1.cnf</td>
<td>94</td>
<td>192</td>
<td>57</td>
<td>0.004387</td>
<td>1304357918640</td>
</tr>
<tr>
<td>axtls__k2__q2.cnf</td>
<td>94</td>
<td>192</td>
<td>32</td>
<td>0.003772</td>
<td>11419698528</td>
</tr>
<tr>
<td>axtls__k2__q3.cnf</td>
<td>94</td>
<td>192</td>
<td>49</td>
<td>0.003907</td>
<td>2975705760</td>
</tr>
<tr>
<td>axtls__k2__q4.cnf</td>
<td>94</td>
<td>192</td>
<td>40</td>
<td>0.004162</td>
<td>1277935676416</td>
</tr>
<tr>
<td>axtls__k2__q5.cnf</td>
<td>94</td>
<td>192</td>
<td>35</td>
<td>0.003557</td>
<td>1460319952896</td>
</tr>
<tr>
<td>axtls__k2__q6.cnf</td>
<td>94</td>
<td>192</td>
<td>30</td>
<td>0.005201</td>
<td>606612633984</td>
</tr>
<tr>
<td>axtls__k2__q7.cnf</td>
<td>94</td>
<td>192</td>
<td>47</td>
<td>0.004502</td>
<td>711858585600</td>
</tr>
<tr>
<td>axtls__k2__q8.cnf</td>
<td>94</td>
<td>192</td>
<td>46</td>
<td>0.003585</td>
<td>2231691264</td>
</tr>
<tr>
<td>axtls__k2__q9.cnf</td>
<td>94</td>
<td>192</td>
<td>50</td>
<td>0.003872</td>
<td>247138366464</td>
</tr>
<tr>
<td>axtls__k2__q10.cnf</td>
<td>94</td>
<td>192</td>
<td>51</td>
<td>0.003747</td>
<td>250896476160</td>
</tr>
<tr>
<td>axtls__k2__q11.cnf</td>
<td>94</td>
<td>192</td>
<td>52</td>
<td>0.004568</td>
<td>250896476160</td>
</tr>
<tr>
<td>axtls__k2__q12.cnf</td>
<td>94</td>
<td>192</td>
<td>50</td>
<td>0.003546</td>
<td>4463499936</td>
</tr>
<tr>
<td>axtls__k2__q13.cnf</td>
<td>94</td>
<td>192</td>
<td>51</td>
<td>0.003871</td>
<td>341674898208</td>
</tr>
<tr>
<td>axtls__k2__q14.cnf</td>
<td>94</td>
<td>192</td>
<td>35</td>
<td>0.00396</td>
<td>306656679168</td>
</tr>
<tr>
<td>axtls__k2__q15.cnf</td>
<td>94</td>
<td>192</td>
<td>45</td>
<td>0.003757</td>
<td>340886734848</td>
</tr>
<tr>
<td>axtls__k2__q16.cnf</td>
<td>94</td>
<td>192</td>
<td>56</td>
<td>0.004401</td>
<td>256518034752</td>
</tr>
<tr>
<td>axtls__k2__q17.cnf</td>
<td>94</td>
<td>192</td>
<td>57</td>
<td>0.004944</td>
<td>659061647520</td>
</tr>
<tr>
<td>axtls__k2__q18.cnf</td>
<td>94</td>
<td>192</td>
<td>53</td>
<td>0.004054</td>
<td>494276732928</td>
</tr>
<tr>
<td>axtls__k2__q19.cnf</td>
<td>94</td>
<td>192</td>
<td>52</td>
<td>0.004166</td>
<td>451825938432</td>
</tr>
<tr>
<td>axtls__k2__q20.cnf</td>
<td>94</td>
<td>192</td>
<td>58</td>
<td>0.00424</td>
<td>683371694208</td>
</tr>
<tr>
<td>axtls__k2__q21.cnf</td>
<td>94</td>
<td>192</td>
<td>35</td>
<td>0.004479</td>
<td>554513273280</td>
</tr>
<tr>
<td>axtls__k2__q22.cnf</td>
<td>94</td>
<td>192</td>
<td>48</td>
<td>0.003978</td>
<td>557814657024</td>
</tr>
<tr>
<td>axtls__k2__q23.cnf</td>
<td>94</td>
<td>192</td>
<td>28</td>
<td>0.00343</td>
<td>3226274688</td>
</tr>
<tr>
<td>axtls__k2__q24.cnf</td>
<td>94</td>
<td>192</td>
<td>52</td>
<td>0.005528</td>
<td>445951827024</td>
</tr>
<tr>
<td>axtls__k2__q25.cnf</td>
<td>94</td>
<td>192</td>
<td>31</td>
<td>0.004318</td>
<td>354699067392</td>
</tr>
<tr>
<td>axtls__k2__q26.cnf</td>
<td>94</td>
<td>192</td>
<td>57</td>
<td>0.004488</td>
<td>979191399424</td>
</tr>
<tr>
<td>axtls__k2__q27.cnf</td>
<td>94</td>
<td>192</td>
<td>31</td>
<td>0.00314</td>
<td>663783542784</td>
</tr>
<tr>
<td>axtls__k2__q28.cnf</td>
<td>94</td>
<td>192</td>
<td>34</td>
<td>0.003445</td>
<td>3523111424</td>
</tr>
<tr>
<td>axtls__k2__q29.cnf</td>
<td>94</td>
<td>192</td>
<td>0</td>
<td>0.000276</td>
<td>UNSAT</td>
</tr>
<tr>
<td>axtls__k2__q30.cnf</td>
<td>94</td>
<td>192</td>
<td>56</td>
<td>0.004122</td>
<td>253134825888</td>
</tr>
<tr>
<td>axtls__k2__q31.cnf</td>
<td>94</td>
<td>192</td>
<td>0</td>
<td>0.000307</td>
<td>UNSAT</td>
</tr>
<tr>
<td>axtls__k2__q32.cnf</td>
<td>94</td>
<td>192</td>
<td>33</td>
<td>0.003738</td>
<td>730140770304</td>
</tr>
<tr>
<td>axtls__k2__q33.cnf</td>
<td>94</td>
<td>192</td>
<td>52</td>
<td>0.004634</td>
<td>501792952320</td>
</tr>
<tr>
<td>axtls__k2__q34.cnf</td>
<td>94</td>
<td>192</td>
<td>35</td>
<td>0.003357</td>
<td>730159976448</td>
</tr>
<tr>
<td>axtls__k2__q35.cnf</td>
<td>94</td>
<td>192</td>
<td>21</td>
<td>0.003392</td>
<td>33677952</td>
</tr>
<tr>
<td>axtls__k2__q36.cnf</td>
<td>94</td>
<td>192</td>
<td>34</td>
<td>0.003906</td>
<td>532061430192</td>
</tr>
<tr>
<td>axtls__k2__q37.cnf</td>
<td>94</td>
<td>192</td>
<td>58</td>
<td>0.006106</td>
<td>1962126104736</td>
</tr>
<tr>
<td>axtls__k2__q38.cnf</td>
<td>94</td>
<td>192</td>
<td>54</td>
<td>0.005537</td>
<td>491660333472</td>
</tr>
<tr>
<td>axtls__k2__q40.cnf</td>
<td>94</td>
<td>192</td>
<td>31</td>
<td>0.003626</td>
<td>531024273408</td>
</tr>
<tr>
<td>axtls__k2__q41.cnf</td>
<td>94</td>
<td>192</td>
<td>37</td>
<td>0.003502</td>
<td>7486710240</td>
</tr>
<tr>
<td>axtls__k2__q42.cnf</td>
<td>94</td>
<td>192</td>
<td>26</td>
<td>0.003271</td>
<td>61664182272</td>
</tr>
<tr>
<td>axtls__k2__q43.cnf</td>
<td>94</td>
<td>192</td>
<td>37</td>
<td>0.00393</td>
<td>305671278528</td>
</tr>
<tr>
<td>axtls__k2__q44.cnf</td>
<td>94</td>
<td>192</td>
<td>56</td>
<td>0.004217</td>
<td>657793992000</td>
</tr>
<tr>
<td>axtls__k2__q45.cnf</td>
<td>94</td>
<td>192</td>
<td>36</td>
<td>0.004019</td>
<td>542189329920</td>
</tr>
<tr>
<td>axtls__k2__q46.cnf</td>
<td>94</td>
<td>192</td>
<td>33</td>
<td>0.003418</td>
<td>532061430192</td>
</tr>
<tr>
<td>axtls__k2__q47.cnf</td>
<td>94</td>
<td>192</td>
<td>51</td>
<td>0.003954</td>
<td>435392686080</td>
</tr>
<tr>
<td>axtls__k2__q48.cnf</td>
<td>94</td>
<td>192</td>
<td>27</td>
<td>0.003366</td>
<td>347210219520</td>
</tr>
<tr>
<td>axtls__k2__q49.cnf</td>
<td>94</td>
<td>192</td>
<td>38</td>
<td>0.003994</td>
<td>124623983904</td>
</tr>
<tr>
<td>axtls__k2__q0.cnf</td>
<td>94</td>
<td>192</td>
<td>52</td>
<td>0.003994</td>
<td>977069746688</td>
</tr>
<tr>
<td>axtls__k2__q1.cnf</td>
<td>94</td>
<td>192</td>
<td>57</td>
<td>0.00437</td>
<td>1304357918640</td>
</tr>
<tr>
<td>axtls__k2__q2.cnf</td>
<td>94</td>
<td>192</td>
<td>32</td>
<td>0.004366</td>
<td>11419698528</td>
</tr>
<tr>
<td>axtls__k2__q3.cnf</td>
<td>94</td>
<td>192</td>
<td>49</td>
<td>0.00456</td>
<td>2975705760</td>
</tr>
<tr>
<td>axtls__k2__q4.cnf</td>
<td>94</td>
<td>192</td>
<td>40</td>
<td>0.004284</td>
<td>1277935676416</td>
</tr>
<tr>
<td>axtls__k2__q5.cnf</td>
<td>94</td>
<td>192</td>
<td>35</td>
<td>0.003741</td>
<td>1460319952896</td>
</tr>
<tr>
<td>axtls__k2__q6.cnf</td>
<td>94</td>
<td>192</td>
<td>30</td>
<td>0.004698</td>
<td>606612633984</td>
</tr>
<tr>
<td>axtls__k2__q7.cnf</td>
<td>94</td>
<td>192</td>
<td>47</td>
<td>0.006055</td>
<td>711858585600</td>
</tr>
<tr>
<td>axtls__k2__q8.cnf</td>
<td>94</td>
<td>192</td>
<td>46</td>
<td>0.005639</td>
<td>2231691264</td>
</tr>
<tr>
<td>axtls__k2__q9.cnf</td>
<td>94</td>
<td>192</td>
<td>50</td>
<td>0.003821</td>
<td>247138366464</td>
</tr>
<tr>
<td>axtls__k2__q10.cnf</td>
<td>94</td>
<td>192</td>
<td>51</td>
<td>0.003784</td>
<td>250896476160</td>
</tr>
<tr>
<td>axtls__k2__q11.cnf</td>
<td>94</td>
<td>192</td>
<td>52</td>
<td>0.004344</td>
<td>250896476160</td>
</tr>
<tr>
<td>axtls__k2__q12.cnf</td>
<td>94</td>
<td>192</td>
<td>50</td>
<td>0.003862</td>
<td>4463499936</td>
</tr>
<tr>
<td>axtls__k2__q13.cnf</td>
<td>94</td>
<td>192</td>
<td>51</td>
<td>0.005012</td>
<td>341674898208</td>
</tr>
<tr>
<td>axtls__k2__q14.cnf</td>
<td>94</td>
<td>192</td>
<td>35</td>
<td>0.005143</td>
<td>306656679168</td>
</tr>
<tr>
<td>axtls__k2__q15.cnf</td>
<td>94</td>
<td>192</td>
<td>45</td>
<td>0.004196</td>
<td>340886734848</td>
</tr>
<tr>
<td>axtls__k2__q16.cnf</td>
<td>94</td>
<td>192</td>
<td>56</td>
<td>0.005973</td>
<td>256518034752</td>
</tr>
<tr>
<td>axtls__k2__q17.cnf</td>
<td>94</td>
<td>192</td>
<td>57</td>
<td>0.004499</td>
<td>659061647520</td>
</tr>
<tr>
<td>axtls__k2__q18.cnf</td>
<td>94</td>
<td>192</td>
<td>53</td>
<td>0.004447</td>
<td>494276732928</td>
</tr>
<tr>
<td>axtls__k2__q19.cnf</td>
<td>94</td>
<td>192</td>
<td>52</td>
<td>0.004263</td>
<td>451825938432</td>
</tr>
<tr>
<td>axtls__k2__q20.cnf</td>
<td>94</td>
<td>192</td>
<td>58</td>
<td>0.005936</td>
<td>683371694208</td>
</tr>
<tr>
<td>axtls__k2__q21.cnf</td>
<td>94</td>
<td>192</td>
<td>35</td>
<td>0.004808</td>
<td>554513273280</td>
</tr>
<tr>
<td>axtls__k2__q22.cnf</td>
<td>94</td>
<td>192</td>
<td>48</td>
<td>0.003714</td>
<td>557814657024</td>
</tr>
<tr>
<td>axtls__k2__q23.cnf</td>
<td>94</td>
<td>192</td>
<td>28</td>
<td>0.00357</td>
<td>3226274688</td>
</tr>
<tr>
<td>axtls__k2__q24.cnf</td>
<td>94</td>
<td>192</td>
<td>52</td>
<td>0.004354</td>
<td>445951827024</td>
</tr>
<tr>
<td>axtls__k2__q25.cnf</td>
<td>94</td>
<td>192</td>
<td>31</td>
<td>0.003414</td>
<td>354699067392</td>
</tr>
<tr>
<td>axtls__k2__q26.cnf</td>
<td>94</td>
<td>192</td>
<td>57</td>
<td>0.004185</td>
<td>979191399424</td>
</tr>
<tr>
<td>axtls__k2__q27.cnf</td>
<td>94</td>
<td>192</td>
<td>31</td>
<td>0.003759</td>
<td>663783542784</td>
</tr>
<tr>
<td>axtls__k2__q28.cnf</td>
<td>94</td>
<td>192</td>
<td>34</td>
<td>0.004928</td>
<td>3523111424</td>
</tr>
<tr>
<td>axtls__k2__q29.cnf</td>
<td>94</td>
<td>192</td>
<td>0</td>
<td>0.000396</td>
<td>UNSAT</td>
</tr>
<tr>
<td>axtls__k2__q30.cnf</td>
<td>94</td>
<td>192</td>
<td>56</td>
<td>0.006057</td>
<td>253134825888</td>
</tr>
<tr>
<td>axtls__k2__q31.cnf</td>
<td>94</td>
<td>192</td>
<td>0</td>
<td>0.000323</td>
<td>UNSAT</td>
</tr>
<tr>
<td>axtls__k2__q32.cnf</td>
<td>94</td>
<td>192</td>
<td>33</td>
<td>0.004059</td>
<td>730140770304</td>
</tr>
<tr>
<td>axtls__k2__q33.cnf</td>
<td>94</td>
<td>192</td>
<td>52</td>
<td>0.006381</td>
<td>501792952320</td>
</tr>
<tr>
<td>axtls__k2__q34.cnf</td>
<td>94</td>
<td>192</td>
<td>35</td>
<td>0.006771</td>
<td>730159976448</td>
</tr>
<tr>
<td>axtls__k2__q35.cnf</td>
<td>94</td>
<td>192</td>
<td>21</td>
<td>0.005927</td>
<td>33677952</td>
</tr>
<tr>
<td>axtls__k2__q36.cnf</td>
<td>94</td>
<td>192</td>
<td>34</td>
<td>0.006142</td>
<td>532061430192</td>
</tr>
<tr>
<td>axtls__k2__q37.cnf</td>
<td>94</td>
<td>192</td>
<td>58</td>
<td>0.006045</td>
<td>1962126104736</td>
</tr>
<tr>
<td>axtls__k2__q38.cnf</td>
<td>94</td>
<td>192</td>
<td>54</td>
<td>0.005776</td>
<td>491660333472</td>
</tr>
<tr>
<td>axtls__k2__q40.cnf</td>
<td>94</td>
<td>192</td>
<td>31</td>
<td>0.003718</td>
<td>531024273408</td>
</tr>
<tr>
<td>axtls__k2__q41.cnf</td>
<td>94</td>
<td>192</td>
<td>37</td>
<td>0.003982</td>
<td>7486710240</td>
</tr>
<tr>
<td>axtls__k2__q42.cnf</td>
<td>94</td>
<td>192</td>
<td>26</td>
<td>0.003278</td>
<td>61664182272</td>
</tr>
<tr>
<td>axtls__k2__q43.cnf</td>
<td>94</td>
<td>192</td>
<td>37</td>
<td>0.003836</td>
<td>305671278528</td>
</tr>
<tr>
<td>axtls__k2__q44.cnf</td>
<td>94</td>
<td>192</td>
<td>56</td>
<td>0.004245</td>
<td>657793992000</td>
</tr>
<tr>
<td>axtls__k2__q45.cnf</td>
<td>94</td>
<td>192</td>
<td>36</td>
<td>0.003878</td>
<td>542189329920</td>
</tr>
<tr>
<td>axtls__k2__q46.cnf</td>
<td>94</td>
<td>192</td>
<td>33</td>
<td>0.003739</td>
<td>532061430192</td>
</tr>
<tr>
<td>axtls__k2__q47.cnf</td>
<td>94</td>
<td>192</td>
<td>51</td>
<td>0.004441</td>
<td>435392686080</td>
</tr>
<tr>
<td>axtls__k2__q48.cnf</td>
<td>94</td>
<td>192</td>
<td>27</td>
<td>0.003277</td>
<td>347210219520</td>
</tr>
<tr>
<td>axtls__k2__q49.cnf</td>
<td>94</td>
<td>192</td>
<td>38</td>
<td>0.003901</td>
<td>124623983904</td>
</tr>
<tr>
<td>axtls__k5__q0.cnf</td>
<td>94</td>
<td>195</td>
<td>38</td>
<td>0.004148</td>
<td>436488287744</td>
</tr>
<tr>
<td>axtls__k5__q1.cnf</td>
<td>94</td>
<td>195</td>
<td>27</td>
<td>0.00325</td>
<td>71007240192</td>
</tr>
<tr>
<td>axtls__k5__q2.cnf</td>
<td>94</td>
<td>195</td>
<td>32</td>
<td>0.00344</td>
<td>121696530432</td>
</tr>
<tr>
<td>axtls__k5__q4.cnf</td>
<td>94</td>
<td>195</td>
<td>28</td>
<td>0.00333</td>
<td>2677307968</td>
</tr>
<tr>
<td>axtls__k5__q5.cnf</td>
<td>94</td>
<td>195</td>
<td>44</td>
<td>0.003835</td>
<td>490727669760</td>
</tr>
<tr>
<td>axtls__k5__q6.cnf</td>
<td>94</td>
<td>195</td>
<td>32</td>
<td>0.003382</td>
<td>106724806656</td>
</tr>
<tr>
<td>axtls__k5__q7.cnf</td>
<td>94</td>
<td>195</td>
<td>24</td>
<td>0.003449</td>
<td>1003290624</td>
</tr>
<tr>
<td>axtls__k5__q8.cnf</td>
<td>94</td>
<td>195</td>
<td>23</td>
<td>0.003157</td>
<td>3694657536</td>
</tr>
<tr>
<td>axtls__k5__q9.cnf</td>
<td>94</td>
<td>195</td>
<td>0</td>
<td>0.000338</td>
<td>UNSAT</td>
</tr>
<tr>
<td>axtls__k5__q10.cnf</td>
<td>94</td>
<td>195</td>
<td>29</td>
<td>0.004293</td>
<td>2885059392</td>
</tr>
<tr>
<td>axtls__k5__q11.cnf</td>
<td>94</td>
<td>195</td>
<td>34</td>
<td>0.00413</td>
<td>1531385976</td>
</tr>
<tr>
<td>axtls__k5__q12.cnf</td>
<td>94</td>
<td>195</td>
<td>33</td>
<td>0.003462</td>
<td>221261180928</td>
</tr>
<tr>
<td>axtls__k5__q13.cnf</td>
<td>94</td>
<td>195</td>
<td>51</td>
<td>0.005312</td>
<td>44831320300</td>
</tr>
<tr>
<td>axtls__k5__q14.cnf</td>
<td>94</td>
<td>195</td>
<td>32</td>
<td>0.005181</td>
<td>26596823040</td>
</tr>
<tr>
<td>axtls__k5__q15.cnf</td>
<td>94</td>
<td>195</td>
<td>43</td>
<td>0.004786</td>
<td>75118196736</td>
</tr>
<tr>
<td>axtls__k5__q16.cnf</td>
<td>94</td>
<td>195</td>
<td>0</td>
<td>0.000297</td>
<td>UNSAT</td>
</tr>
<tr>
<td>axtls__k5__q17.cnf</td>
<td>94</td>
<td>195</td>
<td>0</td>
<td>0.00036</td>
<td>UNSAT</td>
</tr>
<tr>
<td>axtls__k5__q18.cnf</td>
<td>94</td>
<td>195</td>
<td>24</td>
<td>0.003457</td>
<td>104639496192</td>
</tr>
<tr>
<td>axtls__k5__q19.cnf</td>
<td>94</td>
<td>195</td>
<td>0</td>
<td>0.000272</td>
<td>UNSAT</td>
</tr>
<tr>
<td>axtls__k5__q20.cnf</td>
<td>94</td>
<td>195</td>
<td>0</td>
<td>0.000323</td>
<td>UNSAT</td>
</tr>
<tr>
<td>axtls__k5__q21.cnf</td>
<td>94</td>
<td>195</td>
<td>24</td>
<td>0.003617</td>
<td>399826944</td>
</tr>
<tr>
<td>axtls__k5__q22.cnf</td>
<td>94</td>
<td>195</td>
<td>29</td>
<td>0.005101</td>
<td>67623939072</td>
</tr>
<tr>
<td>axtls__k5__q23.cnf</td>
<td>94</td>
<td>195</td>
<td>50</td>
<td>0.004335</td>
<td>163506207744</td>
</tr>
<tr>
<td>axtls__k5__q24.cnf</td>
<td>94</td>
<td>195</td>
<td>49</td>
<td>0.0043</td>
<td>200210227200</td>
</tr>
<tr>
<td>axtls__k5__q25.cnf</td>
<td>94</td>
<td>195</td>
<td>33</td>
<td>0.005666</td>
<td>1321132032</td>
</tr>
<tr>
<td>axtls__k5__q26.cnf</td>
<td>94</td>
<td>195</td>
<td>0</td>
<td>0.000536</td>
<td>UNSAT</td>
</tr>
<tr>
<td>axtls__k5__q27.cnf</td>
<td>94</td>
<td>195</td>
<td>0</td>
<td>0.000511</td>
<td>UNSAT</td>
</tr>
<tr>
<td>axtls__k5__q28.cnf</td>
<td>94</td>
<td>195</td>
<td>33</td>
<td>0.004388</td>
<td>84552450048</td>
</tr>
<tr>
<td>axtls__k5__q29.cnf</td>
<td>94</td>
<td>195</td>
<td>0</td>
<td>0.000404</td>
<td>UNSAT</td>
</tr>
<tr>
<td>axtls__k5__q30.cnf</td>
<td>94</td>
<td>195</td>
<td>46</td>
<td>0.003802</td>
<td>59912331264</td>
</tr>
<tr>
<td>axtls__k5__q31.cnf</td>
<td>94</td>
<td>195</td>
<td>31</td>
<td>0.003281</td>
<td>322663907328</td>
</tr>
<tr>
<td>axtls__k5__q32.cnf</td>
<td>94</td>
<td>195</td>
<td>28</td>
<td>0.003133</td>
<td>39334182912</td>
</tr>
<tr>
<td>axtls__k5__q33.cnf</td>
<td>94</td>
<td>195</td>
<td>0</td>
<td>0.000334</td>
<td>UNSAT</td>
</tr>
<tr>
<td>axtls__k5__q34.cnf</td>
<td>94</td>
<td>195</td>
<td>32</td>
<td>0.003536</td>
<td>317663969280</td>
</tr>
<tr>
<td>axtls__k5__q35.cnf</td>
<td>94</td>
<td>195</td>
<td>44</td>
<td>0.004651</td>
<td>29956165632</td>
</tr>
<tr>
<td>axtls__k5__q36.cnf</td>
<td>94</td>
<td>195</td>
<td>19</td>
<td>0.003435</td>
<td>18345885696</td>
</tr>
<tr>
<td>axtls__k5__q38.cnf</td>
<td>94</td>
<td>195</td>
<td>32</td>
<td>0.003509</td>
<td>519477952</td>
</tr>
<tr>
<td>axtls__k5__q39.cnf</td>
<td>94</td>
<td>195</td>
<td>38</td>
<td>0.004362</td>
<td>978309218304</td>
</tr>
<tr>
<td>axtls__k5__q40.cnf</td>
<td>94</td>
<td>195</td>
<td>0</td>
<td>0.000284</td>
<td>UNSAT</td>
</tr>
<tr>
<td>axtls__k5__q41.cnf</td>
<td>94</td>
<td>195</td>
<td>0</td>
<td>0.000279</td>
<td>UNSAT</td>
</tr>
<tr>
<td>axtls__k5__q42.cnf</td>
<td>94</td>
<td>195</td>
<td>29</td>
<td>0.003148</td>
<td>55901159424</td>
</tr>
<tr>
<td>axtls__k5__q43.cnf</td>
<td>94</td>
<td>195</td>
<td>27</td>
<td>0.003049</td>
<td>160137216</td>
</tr>
<tr>
<td>axtls__k5__q44.cnf</td>
<td>94</td>
<td>195</td>
<td>0</td>
<td>0.000269</td>
<td>UNSAT</td>
</tr>
<tr>
<td>axtls__k5__q45.cnf</td>
<td>94</td>
<td>195</td>
<td>33</td>
<td>0.003611</td>
<td>447226920960</td>
</tr>
<tr>
<td>axtls__k5__q46.cnf</td>
<td>94</td>
<td>195</td>
<td>29</td>
<td>0.003064</td>
<td>66376433664</td>
</tr>
<tr>
<td>axtls__k5__q47.cnf</td>
<td>94</td>
<td>195</td>
<td>33</td>
<td>0.003313</td>
<td>243389859840</td>
</tr>
<tr>
<td>axtls__k5__q48.cnf</td>
<td>94</td>
<td>195</td>
<td>0</td>
<td>0.000268</td>
<td>UNSAT</td>
</tr>
<tr>
<td>axtls__k5__q49.cnf</td>
<td>94</td>
<td>195</td>
<td>25</td>
<td>0.003246</td>
<td>151289856</td>
</tr>
<tr>
<td>axtls__k5__q0.cnf</td>
<td>94</td>
<td>195</td>
<td>38</td>
<td>0.005551</td>
<td>436488287744</td>
</tr>
<tr>
<td>axtls__k5__q1.cnf</td>
<td>94</td>
<td>195</td>
<td>27</td>
<td>0.005581</td>
<td>71007240192</td>
</tr>
<tr>
<td>axtls__k5__q2.cnf</td>
<td>94</td>
<td>195</td>
<td>32</td>
<td>0.004421</td>
<td>121696530432</td>
</tr>
<tr>
<td>axtls__k5__q4.cnf</td>
<td>94</td>
<td>195</td>
<td>28</td>
<td>0.003748</td>
<td>2677307968</td>
</tr>
<tr>
<td>axtls__k5__q5.cnf</td>
<td>94</td>
<td>195</td>
<td>44</td>
<td>0.004696</td>
<td>490727669760</td>
</tr>
<tr>
<td>axtls__k5__q6.cnf</td>
<td>94</td>
<td>195</td>
<td>32</td>
<td>0.004456</td>
<td>106724806656</td>
</tr>
<tr>
<td>axtls__k5__q7.cnf</td>
<td>94</td>
<td>195</td>
<td>24</td>
<td>0.004561</td>
<td>1003290624</td>
</tr>
<tr>
<td>axtls__k5__q8.cnf</td>
<td>94</td>
<td>195</td>
<td>23</td>
<td>0.003949</td>
<td>3694657536</td>
</tr>
<tr>
<td>axtls__k5__q9.cnf</td>
<td>94</td>
<td>195</td>
<td>0</td>
<td>0.000329</td>
<td>UNSAT</td>
</tr>
<tr>
<td>axtls__k5__q10.cnf</td>
<td>94</td>
<td>195</td>
<td>29</td>
<td>0.004861</td>
<td>2885059392</td>
</tr>
<tr>
<td>axtls__k5__q11.cnf</td>
<td>94</td>
<td>195</td>
<td>34</td>
<td>0.00367</td>
<td>1531385976</td>
</tr>
<tr>
<td>axtls__k5__q12.cnf</td>
<td>94</td>
<td>195</td>
<td>33</td>
<td>0.003317</td>
<td>221261180928</td>
</tr>
<tr>
<td>axtls__k5__q13.cnf</td>
<td>94</td>
<td>195</td>
<td>51</td>
<td>0.004944</td>
<td>44831320300</td>
</tr>
<tr>
<td>axtls__k5__q14.cnf</td>
<td>94</td>
<td>195</td>
<td>32</td>
<td>0.003577</td>
<td>26596823040</td>
</tr>
<tr>
<td>axtls__k5__q15.cnf</td>
<td>94</td>
<td>195</td>
<td>43</td>
<td>0.003709</td>
<td>75118196736</td>
</tr>
<tr>
<td>axtls__k5__q16.cnf</td>
<td>94</td>
<td>195</td>
<td>0</td>
<td>0.000364</td>
<td>UNSAT</td>
</tr>
<tr>
<td>axtls__k5__q17.cnf</td>
<td>94</td>
<td>195</td>
<td>0</td>
<td>0.000301</td>
<td>UNSAT</td>
</tr>
<tr>
<td>axtls__k5__q18.cnf</td>
<td>94</td>
<td>195</td>
<td>24</td>
<td>0.003521</td>
<td>104639496192</td>
</tr>
<tr>
<td>axtls__k5__q19.cnf</td>
<td>94</td>
<td>195</td>
<td>0</td>
<td>0.000437</td>
<td>UNSAT</td>
</tr>
<tr>
<td>axtls__k5__q20.cnf</td>
<td>94</td>
<td>195</td>
<td>0</td>
<td>0.000377</td>
<td>UNSAT</td>
</tr>
<tr>
<td>axtls__k5__q21.cnf</td>
<td>94</td>
<td>195</td>
<td>24</td>
<td>0.003514</td>
<td>399826944</td>
</tr>
<tr>
<td>axtls__k5__q22.cnf</td>
<td>94</td>
<td>195</td>
<td>29</td>
<td>0.003529</td>
<td>67623939072</td>
</tr>
<tr>
<td>axtls__k5__q23.cnf</td>
<td>94</td>
<td>195</td>
<td>50</td>
<td>0.003856</td>
<td>163506207744</td>
</tr>
<tr>
<td>axtls__k5__q24.cnf</td>
<td>94</td>
<td>195</td>
<td>49</td>
<td>0.003745</td>
<td>200210227200</td>
</tr>
<tr>
<td>axtls__k5__q25.cnf</td>
<td>94</td>
<td>195</td>
<td>33</td>
<td>0.003186</td>
<td>1321132032</td>
</tr>
<tr>
<td>axtls__k5__q26.cnf</td>
<td>94</td>
<td>195</td>
<td>0</td>
<td>0.000283</td>
<td>UNSAT</td>
</tr>
<tr>
<td>axtls__k5__q27.cnf</td>
<td>94</td>
<td>195</td>
<td>0</td>
<td>0.000281</td>
<td>UNSAT</td>
</tr>
<tr>
<td>axtls__k5__q28.cnf</td>
<td>94</td>
<td>195</td>
<td>33</td>
<td>0.003132</td>
<td>84552450048</td>
</tr>
<tr>
<td>axtls__k5__q29.cnf</td>
<td>94</td>
<td>195</td>
<td>0</td>
<td>0.00027</td>
<td>UNSAT</td>
</tr>
<tr>
<td>axtls__k5__q30.cnf</td>
<td>94</td>
<td>195</td>
<td>46</td>
<td>0.004105</td>
<td>59912331264</td>
</tr>
<tr>
<td>axtls__k5__q31.cnf</td>
<td>94</td>
<td>195</td>
<td>31</td>
<td>0.004168</td>
<td>322663907328</td>
</tr>
<tr>
<td>axtls__k5__q32.cnf</td>
<td>94</td>
<td>195</td>
<td>28</td>
<td>0.005114</td>
<td>39334182912</td>
</tr>
<tr>
<td>axtls__k5__q33.cnf</td>
<td>94</td>
<td>195</td>
<td>0</td>
<td>0.000488</td>
<td>UNSAT</td>
</tr>
<tr>
<td>axtls__k5__q34.cnf</td>
<td>94</td>
<td>195</td>
<td>32</td>
<td>0.006087</td>
<td>317663969280</td>
</tr>
<tr>
<td>axtls__k5__q35.cnf</td>
<td>94</td>
<td>195</td>
<td>44</td>
<td>0.00764</td>
<td>29956165632</td>
</tr>
<tr>
<td>axtls__k5__q36.cnf</td>
<td>94</td>
<td>195</td>
<td>19</td>
<td>0.005308</td>
<td>18345885696</td>
</tr>
<tr>
<td>axtls__k5__q38.cnf</td>
<td>94</td>
<td>195</td>
<td>32</td>
<td>0.004145</td>
<td>519477952</td>
</tr>
<tr>
<td>axtls__k5__q39.cnf</td>
<td>94</td>
<td>195</td>
<td>38</td>
<td>0.003613</td>
<td>978309218304</td>
</tr>
<tr>
<td>axtls__k5__q40.cnf</td>
<td>94</td>
<td>195</td>
<td>0</td>
<td>0.000392</td>
<td>UNSAT</td>
</tr>
<tr>
<td>axtls__k5__q41.cnf</td>
<td>94</td>
<td>195</td>
<td>0</td>
<td>0.000363</td>
<td>UNSAT</td>
</tr>
<tr>
<td>axtls__k5__q42.cnf</td>
<td>94</td>
<td>195</td>
<td>29</td>
<td>0.003065</td>
<td>55901159424</td>
</tr>
<tr>
<td>axtls__k5__q43.cnf</td>
<td>94</td>
<td>195</td>
<td>27</td>
<td>0.003247</td>
<td>160137216</td>
</tr>
<tr>
<td>axtls__k5__q44.cnf</td>
<td>94</td>
<td>195</td>
<td>0</td>
<td>0.00029</td>
<td>UNSAT</td>
</tr>
<tr>
<td>axtls__k5__q45.cnf</td>
<td>94</td>
<td>195</td>
<td>33</td>
<td>0.00341</td>
<td>447226920960</td>
</tr>
<tr>
<td>axtls__k5__q46.cnf</td>
<td>94</td>
<td>195</td>
<td>29</td>
<td>0.003222</td>
<td>66376433664</td>
</tr>
<tr>
<td>axtls__k5__q47.cnf</td>
<td>94</td>
<td>195</td>
<td>33</td>
<td>0.003945</td>
<td>243389859840</td>
</tr>
<tr>
<td>axtls__k5__q48.cnf</td>
<td>94</td>
<td>195</td>
<td>0</td>
<td>0.000314</td>
<td>UNSAT</td>
</tr>
<tr>
<td>axtls__k5__q49.cnf</td>
<td>94</td>
<td>195</td>
<td>25</td>
<td>0.003899</td>
<td>151289856</td>
</tr>
<tr>
<td>axtls__k5__q0.cnf</td>
<td>94</td>
<td>195</td>
<td>38</td>
<td>0.004613</td>
<td>436488287744</td>
</tr>
<tr>
<td>axtls__k5__q1.cnf</td>
<td>94</td>
<td>195</td>
<td>27</td>
<td>0.003273</td>
<td>71007240192</td>
</tr>
<tr>
<td>axtls__k5__q2.cnf</td>
<td>94</td>
<td>195</td>
<td>32</td>
<td>0.003175</td>
<td>121696530432</td>
</tr>
<tr>
<td>axtls__k5__q4.cnf</td>
<td>94</td>
<td>195</td>
<td>28</td>
<td>0.003324</td>
<td>2677307968</td>
</tr>
<tr>
<td>axtls__k5__q5.cnf</td>
<td>94</td>
<td>195</td>
<td>44</td>
<td>0.003879</td>
<td>490727669760</td>
</tr>
<tr>
<td>axtls__k5__q6.cnf</td>
<td>94</td>
<td>195</td>
<td>32</td>
<td>0.003733</td>
<td>106724806656</td>
</tr>
<tr>
<td>axtls__k5__q7.cnf</td>
<td>94</td>
<td>195</td>
<td>24</td>
<td>0.004019</td>
<td>1003290624</td>
</tr>
<tr>
<td>axtls__k5__q8.cnf</td>
<td>94</td>
<td>195</td>
<td>23</td>
<td>0.003164</td>
<td>3694657536</td>
</tr>
<tr>
<td>axtls__k5__q9.cnf</td>
<td>94</td>
<td>195</td>
<td>0</td>
<td>0.00029</td>
<td>UNSAT</td>
</tr>
<tr>
<td>axtls__k5__q10.cnf</td>
<td>94</td>
<td>195</td>
<td>29</td>
<td>0.004378</td>
<td>2885059392</td>
</tr>
<tr>
<td>axtls__k5__q11.cnf</td>
<td>94</td>
<td>195</td>
<td>34</td>
<td>0.003643</td>
<td>1531385976</td>
</tr>
<tr>
<td>axtls__k5__q12.cnf</td>
<td>94</td>
<td>195</td>
<td>33</td>
<td>0.003903</td>
<td>221261180928</td>
</tr>
<tr>
<td>axtls__k5__q13.cnf</td>
<td>94</td>
<td>195</td>
<td>51</td>
<td>0.004192</td>
<td>44831320300</td>
</tr>
<tr>
<td>axtls__k5__q14.cnf</td>
<td>94</td>
<td>195</td>
<td>32</td>
<td>0.003431</td>
<td>26596823040</td>
</tr>
<tr>
<td>axtls__k5__q15.cnf</td>
<td>94</td>
<td>195</td>
<td>43</td>
<td>0.00363</td>
<td>75118196736</td>
</tr>
<tr>
<td>axtls__k5__q16.cnf</td>
<td>94</td>
<td>195</td>
<td>0</td>
<td>0.000275</td>
<td>UNSAT</td>
</tr>
<tr>
<td>axtls__k5__q17.cnf</td>
<td>94</td>
<td>195</td>
<td>0</td>
<td>0.000297</td>
<td>UNSAT</td>
</tr>
<tr>
<td>axtls__k5__q18.cnf</td>
<td>94</td>
<td>195</td>
<td>24</td>
<td>0.003066</td>
<td>104639496192</td>
</tr>
<tr>
<td>axtls__k5__q19.cnf</td>
<td>94</td>
<td>195</td>
<td>0</td>
<td>0.000312</td>
<td>UNSAT</td>
</tr>
<tr>
<td>axtls__k5__q20.cnf</td>
<td>94</td>
<td>195</td>
<td>0</td>
<td>0.000275</td>
<td>UNSAT</td>
</tr>
<tr>
<td>axtls__k5__q21.cnf</td>
<td>94</td>
<td>195</td>
<td>24</td>
<td>0.00357</td>
<td>399826944</td>
</tr>
<tr>
<td>axtls__k5__q22.cnf</td>
<td>94</td>
<td>195</td>
<td>29</td>
<td>0.00403</td>
<td>67623939072</td>
</tr>
<tr>
<td>axtls__k5__q23.cnf</td>
<td>94</td>
<td>195</td>
<td>50</td>
<td>0.00378</td>
<td>163506207744</td>
</tr>
<tr>
<td>axtls__k5__q24.cnf</td>
<td>94</td>
<td>195</td>
<td>49</td>
<td>0.003606</td>
<td>200210227200</td>
</tr>
<tr>
<td>axtls__k5__q25.cnf</td>
<td>94</td>
<td>195</td>
<td>33</td>
<td>0.00402</td>
<td>1321132032</td>
</tr>
<tr>
<td>axtls__k5__q26.cnf</td>
<td>94</td>
<td>195</td>
<td>0</td>
<td>0.000546</td>
<td>UNSAT</td>
</tr>
<tr>
<td>axtls__k5__q27.cnf</td>
<td>94</td>
<td>195</td>
<td>0</td>
<td>0.000483</td>
<td>UNSAT</td>
</tr>
<tr>
<td>axtls__k5__q28.cnf</td>
<td>94</td>
<td>195</td>
<td>33</td>
<td>0.005743</td>
<td>84552450048</td>
</tr>
<tr>
<td>axtls__k5__q29.cnf</td>
<td>94</td>
<td>195</td>
<td>0</td>
<td>0.000376</td>
<td>UNSAT</td>
</tr>
<tr>
<td>axtls__k5__q30.cnf</td>
<td>94</td>
<td>195</td>
<td>46</td>
<td>0.00509</td>
<td>59912331264</td>
</tr>
<tr>
<td>axtls__k5__q31.cnf</td>
<td>94</td>
<td>195</td>
<td>31</td>
<td>0.004873</td>
<td>322663907328</td>
</tr>
<tr>
<td>axtls__k5__q32.cnf</td>
<td>94</td>
<td>195</td>
<td>28</td>
<td>0.005093</td>
<td>39334182912</td>
</tr>
<tr>
<td>axtls__k5__q33.cnf</td>
<td>94</td>
<td>195</td>
<td>0</td>
<td>0.000507</td>
<td>UNSAT</td>
</tr>
<tr>
<td>axtls__k5__q34.cnf</td>
<td>94</td>
<td>195</td>
<td>32</td>
<td>0.004716</td>
<td>317663969280</td>
</tr>
<tr>
<td>axtls__k5__q35.cnf</td>
<td>94</td>
<td>195</td>
<td>44</td>
<td>0.003923</td>
<td>29956165632</td>
</tr>
<tr>
<td>axtls__k5__q36.cnf</td>
<td>94</td>
<td>195</td>
<td>19</td>
<td>0.002844</td>
<td>18345885696</td>
</tr>
<tr>
<td>axtls__k5__q38.cnf</td>
<td>94</td>
<td>195</td>
<td>32</td>
<td>0.003396</td>
<td>519477952</td>
</tr>
<tr>
<td>axtls__k5__q39.cnf</td>
<td>94</td>
<td>195</td>
<td>38</td>
<td>0.003653</td>
<td>978309218304</td>
</tr>
<tr>
<td>axtls__k5__q40.cnf</td>
<td>94</td>
<td>195</td>
<td>0</td>
<td>0.000317</td>
<td>UNSAT</td>
</tr>
<tr>
<td>axtls__k5__q41.cnf</td>
<td>94</td>
<td>195</td>
<td>0</td>
<td>0.000274</td>
<td>UNSAT</td>
</tr>
<tr>
<td>axtls__k5__q42.cnf</td>
<td>94</td>
<td>195</td>
<td>29</td>
<td>0.003229</td>
<td>55901159424</td>
</tr>
<tr>
<td>axtls__k5__q43.cnf</td>
<td>94</td>
<td>195</td>
<td>27</td>
<td>0.003142</td>
<td>160137216</td>
</tr>
<tr>
<td>axtls__k5__q44.cnf</td>
<td>94</td>
<td>195</td>
<td>0</td>
<td>0.00028</td>
<td>UNSAT</td>
</tr>
<tr>
<td>axtls__k5__q45.cnf</td>
<td>94</td>
<td>195</td>
<td>33</td>
<td>0.004197</td>
<td>447226920960</td>
</tr>
<tr>
<td>axtls__k5__q46.cnf</td>
<td>94</td>
<td>195</td>
<td>29</td>
<td>0.004313</td>
<td>66376433664</td>
</tr>
<tr>
<td>axtls__k5__q47.cnf</td>
<td>94</td>
<td>195</td>
<td>33</td>
<td>0.003548</td>
<td>243389859840</td>
</tr>
<tr>
<td>axtls__k5__q48.cnf</td>
<td>94</td>
<td>195</td>
<td>0</td>
<td>0.000309</td>
<td>UNSAT</td>
</tr>
<tr>
<td>axtls__k5__q49.cnf</td>
<td>94</td>
<td>195</td>
<td>25</td>
<td>0.003565</td>
<td>151289856</td>
</tr>
<tr>
<td>axtls__k5__q0.cnf</td>
<td>94</td>
<td>195</td>
<td>38</td>
<td>0.005042</td>
<td>436488287744</td>
</tr>
<tr>
<td>axtls__k5__q1.cnf</td>
<td>94</td>
<td>195</td>
<td>27</td>
<td>0.003211</td>
<td>71007240192</td>
</tr>
<tr>
<td>axtls__k5__q2.cnf</td>
<td>94</td>
<td>195</td>
<td>32</td>
<td>0.003224</td>
<td>121696530432</td>
</tr>
<tr>
<td>axtls__k5__q4.cnf</td>
<td>94</td>
<td>195</td>
<td>28</td>
<td>0.003502</td>
<td>2677307968</td>
</tr>
<tr>
<td>axtls__k5__q5.cnf</td>
<td>94</td>
<td>195</td>
<td>44</td>
<td>0.004074</td>
<td>490727669760</td>
</tr>
<tr>
<td>axtls__k5__q6.cnf</td>
<td>94</td>
<td>195</td>
<td>32</td>
<td>0.00338</td>
<td>106724806656</td>
</tr>
<tr>
<td>axtls__k5__q7.cnf</td>
<td>94</td>
<td>195</td>
<td>24</td>
<td>0.003422</td>
<td>1003290624</td>
</tr>
<tr>
<td>axtls__k5__q8.cnf</td>
<td>94</td>
<td>195</td>
<td>23</td>
<td>0.00297</td>
<td>3694657536</td>
</tr>
<tr>
<td>axtls__k5__q9.cnf</td>
<td>94</td>
<td>195</td>
<td>0</td>
<td>0.000264</td>
<td>UNSAT</td>
</tr>
<tr>
<td>axtls__k5__q10.cnf</td>
<td>94</td>
<td>195</td>
<td>29</td>
<td>0.003651</td>
<td>2885059392</td>
</tr>
<tr>
<td>axtls__k5__q11.cnf</td>
<td>94</td>
<td>195</td>
<td>34</td>
<td>0.003648</td>
<td>1531385976</td>
</tr>
<tr>
<td>axtls__k5__q12.cnf</td>
<td>94</td>
<td>195</td>
<td>33</td>
<td>0.003328</td>
<td>221261180928</td>
</tr>
<tr>
<td>axtls__k5__q13.cnf</td>
<td>94</td>
<td>195</td>
<td>51</td>
<td>0.004302</td>
<td>44831320300</td>
</tr>
<tr>
<td>axtls__k5__q14.cnf</td>
<td>94</td>
<td>195</td>
<td>32</td>
<td>0.003829</td>
<td>26596823040</td>
</tr>
<tr>
<td>axtls__k5__q15.cnf</td>
<td>94</td>
<td>195</td>
<td>43</td>
<td>0.005089</td>
<td>75118196736</td>
</tr>
<tr>
<td>axtls__k5__q16.cnf</td>
<td>94</td>
<td>195</td>
<td>0</td>
<td>0.000347</td>
<td>UNSAT</td>
</tr>
<tr>
<td>axtls__k5__q17.cnf</td>
<td>94</td>
<td>195</td>
<td>0</td>
<td>0.000312</td>
<td>UNSAT</td>
</tr>
<tr>
<td>axtls__k5__q18.cnf</td>
<td>94</td>
<td>195</td>
<td>24</td>
<td>0.003236</td>
<td>104639496192</td>
</tr>
<tr>
<td>axtls__k5__q19.cnf</td>
<td>94</td>
<td>195</td>
<td>0</td>
<td>0.000341</td>
<td>UNSAT</td>
</tr>
<tr>
<td>axtls__k5__q20.cnf</td>
<td>94</td>
<td>195</td>
<td>0</td>
<td>0.000393</td>
<td>UNSAT</td>
</tr>
<tr>
<td>axtls__k5__q21.cnf</td>
<td>94</td>
<td>195</td>
<td>24</td>
<td>0.00363</td>
<td>399826944</td>
</tr>
<tr>
<td>axtls__k5__q22.cnf</td>
<td>94</td>
<td>195</td>
<td>29</td>
<td>0.004286</td>
<td>67623939072</td>
</tr>
<tr>
<td>axtls__k5__q23.cnf</td>
<td>94</td>
<td>195</td>
<td>50</td>
<td>0.004628</td>
<td>163506207744</td>
</tr>
<tr>
<td>axtls__k5__q24.cnf</td>
<td>94</td>
<td>195</td>
<td>49</td>
<td>0.004517</td>
<td>200210227200</td>
</tr>
<tr>
<td>axtls__k5__q25.cnf</td>
<td>94</td>
<td>195</td>
<td>33</td>
<td>0.003615</td>
<td>1321132032</td>
</tr>
<tr>
<td>axtls__k5__q26.cnf</td>
<td>94</td>
<td>195</td>
<td>0</td>
<td>0.000289</td>
<td>UNSAT</td>
</tr>
<tr>
<td>axtls__k5__q27.cnf</td>
<td>94</td>
<td>195</td>
<td>0</td>
<td>0.000448</td>
<td>UNSAT</td>
</tr>
<tr>
<td>axtls__k5__q28.cnf</td>
<td>94</td>
<td>195</td>
<td>33</td>
<td>0.00396</td>
<td>84552450048</td>
</tr>
<tr>
<td>axtls__k5__q29.cnf</td>
<td>94</td>
<td>195</td>
<td>0</td>
<td>0.000304</td>
<td>UNSAT</td>
</tr>
<tr>
<td>axtls__k5__q30.cnf</td>
<td>94</td>
<td>195</td>
<td>46</td>
<td>0.004167</td>
<td>59912331264</td>
</tr>
<tr>
<td>axtls__k5__q31.cnf</td>
<td>94</td>
<td>195</td>
<td>31</td>
<td>0.004952</td>
<td>322663907328</td>
</tr>
<tr>
<td>axtls__k5__q32.cnf</td>
<td>94</td>
<td>195</td>
<td>28</td>
<td>0.005578</td>
<td>39334182912</td>
</tr>
<tr>
<td>axtls__k5__q33.cnf</td>
<td>94</td>
<td>195</td>
<td>0</td>
<td>0.00044</td>
<td>UNSAT</td>
</tr>
<tr>
<td>axtls__k5__q34.cnf</td>
<td>94</td>
<td>195</td>
<td>32</td>
<td>0.004206</td>
<td>317663969280</td>
</tr>
<tr>
<td>axtls__k5__q35.cnf</td>
<td>94</td>
<td>195</td>
<td>44</td>
<td>0.004599</td>
<td>29956165632</td>
</tr>
<tr>
<td>axtls__k5__q36.cnf</td>
<td>94</td>
<td>195</td>
<td>19</td>
<td>0.005298</td>
<td>18345885696</td>
</tr>
<tr>
<td>axtls__k5__q38.cnf</td>
<td>94</td>
<td>195</td>
<td>32</td>
<td>0.005035</td>
<td>519477952</td>
</tr>
<tr>
<td>axtls__k5__q39.cnf</td>
<td>94</td>
<td>195</td>
<td>38</td>
<td>0.005379</td>
<td>978309218304</td>
</tr>
<tr>
<td>axtls__k5__q40.cnf</td>
<td>94</td>
<td>195</td>
<td>0</td>
<td>0.000393</td>
<td>UNSAT</td>
</tr>
<tr>
<td>axtls__k5__q41.cnf</td>
<td>94</td>
<td>195</td>
<td>0</td>
<td>0.000427</td>
<td>UNSAT</td>
</tr>
<tr>
<td>axtls__k5__q42.cnf</td>
<td>94</td>
<td>195</td>
<td>29</td>
<td>0.00525</td>
<td>55901159424</td>
</tr>
<tr>
<td>axtls__k5__q43.cnf</td>
<td>94</td>
<td>195</td>
<td>27</td>
<td>0.005079</td>
<td>160137216</td>
</tr>
<tr>
<td>axtls__k5__q44.cnf</td>
<td>94</td>
<td>195</td>
<td>0</td>
<td>0.000431</td>
<td>UNSAT</td>
</tr>
<tr>
<td>axtls__k5__q45.cnf</td>
<td>94</td>
<td>195</td>
<td>33</td>
<td>0.005823</td>
<td>447226920960</td>
</tr>
<tr>
<td>axtls__k5__q46.cnf</td>
<td>94</td>
<td>195</td>
<td>29</td>
<td>0.005313</td>
<td>66376433664</td>
</tr>
<tr>
<td>axtls__k5__q47.cnf</td>
<td>94</td>
<td>195</td>
<td>33</td>
<td>0.005921</td>
<td>243389859840</td>
</tr>
<tr>
<td>axtls__k5__q48.cnf</td>
<td>94</td>
<td>195</td>
<td>0</td>
<td>0.000499</td>
<td>UNSAT</td>
</tr>
<tr>
<td>axtls__k5__q49.cnf</td>
<td>94</td>
<td>195</td>
<td>25</td>
<td>0.006714</td>
<td>151289856</td>
</tr>
<tr>
<td>axtls__k5__q0.cnf</td>
<td>94</td>
<td>195</td>
<td>38</td>
<td>0.00579</td>
<td>436488287744</td>
</tr>
<tr>
<td>axtls__k5__q1.cnf</td>
<td>94</td>
<td>195</td>
<td>27</td>
<td>0.003262</td>
<td>71007240192</td>
</tr>
<tr>
<td>axtls__k5__q2.cnf</td>
<td>94</td>
<td>195</td>
<td>32</td>
<td>0.003483</td>
<td>121696530432</td>
</tr>
<tr>
<td>axtls__k5__q4.cnf</td>
<td>94</td>
<td>195</td>
<td>28</td>
<td>0.003667</td>
<td>2677307968</td>
</tr>
<tr>
<td>axtls__k5__q5.cnf</td>
<td>94</td>
<td>195</td>
<td>44</td>
<td>0.004216</td>
<td>490727669760</td>
</tr>
<tr>
<td>axtls__k5__q6.cnf</td>
<td>94</td>
<td>195</td>
<td>32</td>
<td>0.003498</td>
<td>106724806656</td>
</tr>
<tr>
<td>axtls__k5__q7.cnf</td>
<td>94</td>
<td>195</td>
<td>24</td>
<td>0.003448</td>
<td>1003290624</td>
</tr>
<tr>
<td>axtls__k5__q8.cnf</td>
<td>94</td>
<td>195</td>
<td>23</td>
<td>0.003272</td>
<td>3694657536</td>
</tr>
<tr>
<td>axtls__k5__q9.cnf</td>
<td>94</td>
<td>195</td>
<td>0</td>
<td>0.000286</td>
<td>UNSAT</td>
</tr>
<tr>
<td>axtls__k5__q10.cnf</td>
<td>94</td>
<td>195</td>
<td>29</td>
<td>0.003415</td>
<td>2885059392</td>
</tr>
<tr>
<td>axtls__k5__q11.cnf</td>
<td>94</td>
<td>195</td>
<td>34</td>
<td>0.003431</td>
<td>1531385976</td>
</tr>
<tr>
<td>axtls__k5__q12.cnf</td>
<td>94</td>
<td>195</td>
<td>33</td>
<td>0.003657</td>
<td>221261180928</td>
</tr>
<tr>
<td>axtls__k5__q13.cnf</td>
<td>94</td>
<td>195</td>
<td>51</td>
<td>0.00512</td>
<td>44831320300</td>
</tr>
<tr>
<td>axtls__k5__q14.cnf</td>
<td>94</td>
<td>195</td>
<td>32</td>
<td>0.005698</td>
<td>26596823040</td>
</tr>
<tr>
<td>axtls__k5__q15.cnf</td>
<td>94</td>
<td>195</td>
<td>43</td>
<td>0.004956</td>
<td>75118196736</td>
</tr>
<tr>
<td>axtls__k5__q16.cnf</td>
<td>94</td>
<td>195</td>
<td>0</td>
<td>0.000298</td>
<td>UNSAT</td>
</tr>
<tr>
<td>axtls__k5__q17.cnf</td>
<td>94</td>
<td>195</td>
<td>0</td>
<td>0.000289</td>
<td>UNSAT</td>
</tr>
<tr>
<td>axtls__k5__q18.cnf</td>
<td>94</td>
<td>195</td>
<td>24</td>
<td>0.0033</td>
<td>104639496192</td>
</tr>
<tr>
<td>axtls__k5__q19.cnf</td>
<td>94</td>
<td>195</td>
<td>0</td>
<td>0.000288</td>
<td>UNSAT</td>
</tr>
<tr>
<td>axtls__k5__q20.cnf</td>
<td>94</td>
<td>195</td>
<td>0</td>
<td>0.000271</td>
<td>UNSAT</td>
</tr>
<tr>
<td>axtls__k5__q21.cnf</td>
<td>94</td>
<td>195</td>
<td>24</td>
<td>0.003568</td>
<td>399826944</td>
</tr>
<tr>
<td>axtls__k5__q22.cnf</td>
<td>94</td>
<td>195</td>
<td>29</td>
<td>0.004047</td>
<td>67623939072</td>
</tr>
<tr>
<td>axtls__k5__q23.cnf</td>
<td>94</td>
<td>195</td>
<td>50</td>
<td>0.003615</td>
<td>163506207744</td>
</tr>
<tr>
<td>axtls__k5__q24.cnf</td>
<td>94</td>
<td>195</td>
<td>49</td>
<td>0.003735</td>
<td>200210227200</td>
</tr>
<tr>
<td>axtls__k5__q25.cnf</td>
<td>94</td>
<td>195</td>
<td>33</td>
<td>0.00347</td>
<td>1321132032</td>
</tr>
<tr>
<td>axtls__k5__q26.cnf</td>
<td>94</td>
<td>195</td>
<td>0</td>
<td>0.000329</td>
<td>UNSAT</td>
</tr>
<tr>
<td>axtls__k5__q27.cnf</td>
<td>94</td>
<td>195</td>
<td>0</td>
<td>0.000377</td>
<td>UNSAT</td>
</tr>
<tr>
<td>axtls__k5__q28.cnf</td>
<td>94</td>
<td>195</td>
<td>33</td>
<td>0.003566</td>
<td>84552450048</td>
</tr>
<tr>
<td>axtls__k5__q29.cnf</td>
<td>94</td>
<td>195</td>
<td>0</td>
<td>0.000268</td>
<td>UNSAT</td>
</tr>
<tr>
<td>axtls__k5__q30.cnf</td>
<td>94</td>
<td>195</td>
<td>46</td>
<td>0.003737</td>
<td>59912331264</td>
</tr>
<tr>
<td>axtls__k5__q31.cnf</td>
<td>94</td>
<td>195</td>
<td>31</td>
<td>0.003372</td>
<td>322663907328</td>
</tr>
<tr>
<td>axtls__k5__q32.cnf</td>
<td>94</td>
<td>195</td>
<td>28</td>
<td>0.003587</td>
<td>39334182912</td>
</tr>
<tr>
<td>axtls__k5__q33.cnf</td>
<td>94</td>
<td>195</td>
<td>0</td>
<td>0.000368</td>
<td>UNSAT</td>
</tr>
<tr>
<td>axtls__k5__q34.cnf</td>
<td>94</td>
<td>195</td>
<td>32</td>
<td>0.004837</td>
<td>317663969280</td>
</tr>
<tr>
<td>axtls__k5__q35.cnf</td>
<td>94</td>
<td>195</td>
<td>44</td>
<td>0.005081</td>
<td>29956165632</td>
</tr>
<tr>
<td>axtls__k5__q36.cnf</td>
<td>94</td>
<td>195</td>
<td>19</td>
<td>0.003423</td>
<td>18345885696</td>
</tr>
<tr>
<td>axtls__k5__q38.cnf</td>
<td>94</td>
<td>195</td>
<td>32</td>
<td>0.003448</td>
<td>519477952</td>
</tr>
<tr>
<td>axtls__k5__q39.cnf</td>
<td>94</td>
<td>195</td>
<td>38</td>
<td>0.003644</td>
<td>978309218304</td>
</tr>
<tr>
<td>axtls__k5__q40.cnf</td>
<td>94</td>
<td>195</td>
<td>0</td>
<td>0.000286</td>
<td>UNSAT</td>
</tr>
<tr>
<td>axtls__k5__q41.cnf</td>
<td>94</td>
<td>195</td>
<td>0</td>
<td>0.000273</td>
<td>UNSAT</td>
</tr>
<tr>
<td>axtls__k5__q42.cnf</td>
<td>94</td>
<td>195</td>
<td>29</td>
<td>0.003224</td>
<td>55901159424</td>
</tr>
<tr>
<td>axtls__k5__q43.cnf</td>
<td>94</td>
<td>195</td>
<td>27</td>
<td>0.003659</td>
<td>160137216</td>
</tr>
<tr>
<td>axtls__k5__q44.cnf</td>
<td>94</td>
<td>195</td>
<td>0</td>
<td>0.000414</td>
<td>UNSAT</td>
</tr>
<tr>
<td>axtls__k5__q45.cnf</td>
<td>94</td>
<td>195</td>
<td>33</td>
<td>0.004173</td>
<td>447226920960</td>
</tr>
<tr>
<td>axtls__k5__q46.cnf</td>
<td>94</td>
<td>195</td>
<td>29</td>
<td>0.003274</td>
<td>66376433664</td>
</tr>
<tr>
<td>axtls__k5__q47.cnf</td>
<td>94</td>
<td>195</td>
<td>33</td>
<td>0.003926</td>
<td>243389859840</td>
</tr>
<tr>
<td>axtls__k5__q48.cnf</td>
<td>94</td>
<td>195</td>
<td>0</td>
<td>0.000362</td>
<td>UNSAT</td>
</tr>
<tr>
<td>axtls__k5__q49.cnf</td>
<td>94</td>
<td>195</td>
<td>25</td>
<td>0.003671</td>
<td>151289856</td>
</tr>
<tr>
<td>axtls__k5__q0.cnf</td>
<td>94</td>
<td>195</td>
<td>38</td>
<td>0.004246</td>
<td>436488287744</td>
</tr>
<tr>
<td>axtls__k5__q1.cnf</td>
<td>94</td>
<td>195</td>
<td>27</td>
<td>0.003435</td>
<td>71007240192</td>
</tr>
<tr>
<td>axtls__k5__q2.cnf</td>
<td>94</td>
<td>195</td>
<td>32</td>
<td>0.003635</td>
<td>121696530432</td>
</tr>
<tr>
<td>axtls__k5__q4.cnf</td>
<td>94</td>
<td>195</td>
<td>28</td>
<td>0.003431</td>
<td>2677307968</td>
</tr>
<tr>
<td>axtls__k5__q5.cnf</td>
<td>94</td>
<td>195</td>
<td>44</td>
<td>0.003986</td>
<td>490727669760</td>
</tr>
<tr>
<td>axtls__k5__q6.cnf</td>
<td>94</td>
<td>195</td>
<td>32</td>
<td>0.003439</td>
<td>106724806656</td>
</tr>
<tr>
<td>axtls__k5__q7.cnf</td>
<td>94</td>
<td>195</td>
<td>24</td>
<td>0.003343</td>
<td>1003290624</td>
</tr>
<tr>
<td>axtls__k5__q8.cnf</td>
<td>94</td>
<td>195</td>
<td>23</td>
<td>0.00379</td>
<td>3694657536</td>
</tr>
<tr>
<td>axtls__k5__q9.cnf</td>
<td>94</td>
<td>195</td>
<td>0</td>
<td>0.000356</td>
<td>UNSAT</td>
</tr>
<tr>
<td>axtls__k5__q10.cnf</td>
<td>94</td>
<td>195</td>
<td>29</td>
<td>0.004527</td>
<td>2885059392</td>
</tr>
<tr>
<td>axtls__k5__q11.cnf</td>
<td>94</td>
<td>195</td>
<td>34</td>
<td>0.004475</td>
<td>1531385976</td>
</tr>
<tr>
<td>axtls__k5__q12.cnf</td>
<td>94</td>
<td>195</td>
<td>33</td>
<td>0.004282</td>
<td>221261180928</td>
</tr>
<tr>
<td>axtls__k5__q13.cnf</td>
<td>94</td>
<td>195</td>
<td>51</td>
<td>0.006478</td>
<td>44831320300</td>
</tr>
<tr>
<td>axtls__k5__q14.cnf</td>
<td>94</td>
<td>195</td>
<td>32</td>
<td>0.004972</td>
<td>26596823040</td>
</tr>
<tr>
<td>axtls__k5__q15.cnf</td>
<td>94</td>
<td>195</td>
<td>43</td>
<td>0.003784</td>
<td>75118196736</td>
</tr>
<tr>
<td>axtls__k5__q16.cnf</td>
<td>94</td>
<td>195</td>
<td>0</td>
<td>0.00027</td>
<td>UNSAT</td>
</tr>
<tr>
<td>axtls__k5__q17.cnf</td>
<td>94</td>
<td>195</td>
<td>0</td>
<td>0.000337</td>
<td>UNSAT</td>
</tr>
<tr>
<td>axtls__k5__q18.cnf</td>
<td>94</td>
<td>195</td>
<td>24</td>
<td>0.003278</td>
<td>104639496192</td>
</tr>
<tr>
<td>axtls__k5__q19.cnf</td>
<td>94</td>
<td>195</td>
<td>0</td>
<td>0.00034</td>
<td>UNSAT</td>
</tr>
<tr>
<td>axtls__k5__q20.cnf</td>
<td>94</td>
<td>195</td>
<td>0</td>
<td>0.000274</td>
<td>UNSAT</td>
</tr>
<tr>
<td>axtls__k5__q21.cnf</td>
<td>94</td>
<td>195</td>
<td>24</td>
<td>0.003576</td>
<td>399826944</td>
</tr>
<tr>
<td>axtls__k5__q22.cnf</td>
<td>94</td>
<td>195</td>
<td>29</td>
<td>0.003672</td>
<td>67623939072</td>
</tr>
<tr>
<td>axtls__k5__q23.cnf</td>
<td>94</td>
<td>195</td>
<td>50</td>
<td>0.003779</td>
<td>163506207744</td>
</tr>
<tr>
<td>axtls__k5__q24.cnf</td>
<td>94</td>
<td>195</td>
<td>49</td>
<td>0.00346</td>
<td>200210227200</td>
</tr>
<tr>
<td>axtls__k5__q25.cnf</td>
<td>94</td>
<td>195</td>
<td>33</td>
<td>0.003661</td>
<td>1321132032</td>
</tr>
<tr>
<td>axtls__k5__q26.cnf</td>
<td>94</td>
<td>195</td>
<td>0</td>
<td>0.000303</td>
<td>UNSAT</td>
</tr>
<tr>
<td>axtls__k5__q27.cnf</td>
<td>94</td>
<td>195</td>
<td>0</td>
<td>0.000265</td>
<td>UNSAT</td>
</tr>
<tr>
<td>axtls__k5__q28.cnf</td>
<td>94</td>
<td>195</td>
<td>33</td>
<td>0.003111</td>
<td>84552450048</td>
</tr>
<tr>
<td>axtls__k5__q29.cnf</td>
<td>94</td>
<td>195</td>
<td>0</td>
<td>0.000301</td>
<td>UNSAT</td>
</tr>
<tr>
<td>axtls__k5__q30.cnf</td>
<td>94</td>
<td>195</td>
<td>46</td>
<td>0.003591</td>
<td>59912331264</td>
</tr>
<tr>
<td>axtls__k5__q31.cnf</td>
<td>94</td>
<td>195</td>
<td>31</td>
<td>0.003178</td>
<td>322663907328</td>
</tr>
<tr>
<td>axtls__k5__q32.cnf</td>
<td>94</td>
<td>195</td>
<td>28</td>
<td>0.003327</td>
<td>39334182912</td>
</tr>
<tr>
<td>axtls__k5__q33.cnf</td>
<td>94</td>
<td>195</td>
<td>0</td>
<td>0.000293</td>
<td>UNSAT</td>
</tr>
<tr>
<td>axtls__k5__q34.cnf</td>
<td>94</td>
<td>195</td>
<td>32</td>
<td>0.0033</td>
<td>317663969280</td>
</tr>
<tr>
<td>axtls__k5__q35.cnf</td>
<td>94</td>
<td>195</td>
<td>44</td>
<td>0.003815</td>
<td>29956165632</td>
</tr>
<tr>
<td>axtls__k5__q36.cnf</td>
<td>94</td>
<td>195</td>
<td>19</td>
<td>0.002865</td>
<td>18345885696</td>
</tr>
<tr>
<td>axtls__k5__q38.cnf</td>
<td>94</td>
<td>195</td>
<td>32</td>
<td>0.003418</td>
<td>519477952</td>
</tr>
<tr>
<td>axtls__k5__q39.cnf</td>
<td>94</td>
<td>195</td>
<td>38</td>
<td>0.003673</td>
<td>978309218304</td>
</tr>
<tr>
<td>axtls__k5__q40.cnf</td>
<td>94</td>
<td>195</td>
<td>0</td>
<td>0.00027</td>
<td>UNSAT</td>
</tr>
<tr>
<td>axtls__k5__q41.cnf</td>
<td>94</td>
<td>195</td>
<td>0</td>
<td>0.000267</td>
<td>UNSAT</td>
</tr>
<tr>
<td>axtls__k5__q42.cnf</td>
<td>94</td>
<td>195</td>
<td>29</td>
<td>0.003346</td>
<td>55901159424</td>
</tr>
<tr>
<td>axtls__k5__q43.cnf</td>
<td>94</td>
<td>195</td>
<td>27</td>
<td>0.003384</td>
<td>160137216</td>
</tr>
<tr>
<td>axtls__k5__q44.cnf</td>
<td>94</td>
<td>195</td>
<td>0</td>
<td>0.000301</td>
<td>UNSAT</td>
</tr>
<tr>
<td>axtls__k5__q45.cnf</td>
<td>94</td>
<td>195</td>
<td>33</td>
<td>0.003257</td>
<td>447226920960</td>
</tr>
<tr>
<td>axtls__k5__q46.cnf</td>
<td>94</td>
<td>195</td>
<td>29</td>
<td>0.0031</td>
<td>66376433664</td>
</tr>
<tr>
<td>axtls__k5__q47.cnf</td>
<td>94</td>
<td>195</td>
<td>33</td>
<td>0.003442</td>
<td>243389859840</td>
</tr>
<tr>
<td>axtls__k5__q48.cnf</td>
<td>94</td>
<td>195</td>
<td>0</td>
<td>0.000288</td>
<td>UNSAT</td>
</tr>
<tr>
<td>axtls__k5__q49.cnf</td>
<td>94</td>
<td>195</td>
<td>25</td>
<td>0.003235</td>
<td>151289856</td>
</tr>
<tr>
<td>axtls__k5__q0.cnf</td>
<td>94</td>
<td>195</td>
<td>38</td>
<td>0.004085</td>
<td>436488287744</td>
</tr>
<tr>
<td>axtls__k5__q1.cnf</td>
<td>94</td>
<td>195</td>
<td>27</td>
<td>0.003148</td>
<td>71007240192</td>
</tr>
<tr>
<td>axtls__k5__q2.cnf</td>
<td>94</td>
<td>195</td>
<td>32</td>
<td>0.003202</td>
<td>121696530432</td>
</tr>
<tr>
<td>axtls__k5__q4.cnf</td>
<td>94</td>
<td>195</td>
<td>28</td>
<td>0.003533</td>
<td>2677307968</td>
</tr>
<tr>
<td>axtls__k5__q5.cnf</td>
<td>94</td>
<td>195</td>
<td>44</td>
<td>0.003984</td>
<td>490727669760</td>
</tr>
<tr>
<td>axtls__k5__q6.cnf</td>
<td>94</td>
<td>195</td>
<td>32</td>
<td>0.003246</td>
<td>106724806656</td>
</tr>
<tr>
<td>axtls__k5__q7.cnf</td>
<td>94</td>
<td>195</td>
<td>24</td>
<td>0.003707</td>
<td>1003290624</td>
</tr>
<tr>
<td>axtls__k5__q8.cnf</td>
<td>94</td>
<td>195</td>
<td>23</td>
<td>0.003058</td>
<td>3694657536</td>
</tr>
<tr>
<td>axtls__k5__q9.cnf</td>
<td>94</td>
<td>195</td>
<td>0</td>
<td>0.000274</td>
<td>UNSAT</td>
</tr>
<tr>
<td>axtls__k5__q10.cnf</td>
<td>94</td>
<td>195</td>
<td>29</td>
<td>0.003532</td>
<td>2885059392</td>
</tr>
<tr>
<td>axtls__k5__q11.cnf</td>
<td>94</td>
<td>195</td>
<td>34</td>
<td>0.003315</td>
<td>1531385976</td>
</tr>
<tr>
<td>axtls__k5__q12.cnf</td>
<td>94</td>
<td>195</td>
<td>33</td>
<td>0.003703</td>
<td>221261180928</td>
</tr>
<tr>
<td>axtls__k5__q13.cnf</td>
<td>94</td>
<td>195</td>
<td>51</td>
<td>0.004225</td>
<td>44831320300</td>
</tr>
<tr>
<td>axtls__k5__q14.cnf</td>
<td>94</td>
<td>195</td>
<td>32</td>
<td>0.00365</td>
<td>26596823040</td>
</tr>
<tr>
<td>axtls__k5__q15.cnf</td>
<td>94</td>
<td>195</td>
<td>43</td>
<td>0.003797</td>
<td>75118196736</td>
</tr>
<tr>
<td>axtls__k5__q16.cnf</td>
<td>94</td>
<td>195</td>
<td>0</td>
<td>0.000273</td>
<td>UNSAT</td>
</tr>
<tr>
<td>axtls__k5__q17.cnf</td>
<td>94</td>
<td>195</td>
<td>0</td>
<td>0.000719</td>
<td>UNSAT</td>
</tr>
<tr>
<td>axtls__k5__q18.cnf</td>
<td>94</td>
<td>195</td>
<td>24</td>
<td>0.003037</td>
<td>104639496192</td>
</tr>
<tr>
<td>axtls__k5__q19.cnf</td>
<td>94</td>
<td>195</td>
<td>0</td>
<td>0.00029</td>
<td>UNSAT</td>
</tr>
<tr>
<td>axtls__k5__q20.cnf</td>
<td>94</td>
<td>195</td>
<td>0</td>
<td>0.000295</td>
<td>UNSAT</td>
</tr>
<tr>
<td>axtls__k5__q21.cnf</td>
<td>94</td>
<td>195</td>
<td>24</td>
<td>0.003727</td>
<td>399826944</td>
</tr>
<tr>
<td>axtls__k5__q22.cnf</td>
<td>94</td>
<td>195</td>
<td>29</td>
<td>0.003705</td>
<td>67623939072</td>
</tr>
<tr>
<td>axtls__k5__q23.cnf</td>
<td>94</td>
<td>195</td>
<td>50</td>
<td>0.003998</td>
<td>163506207744</td>
</tr>
<tr>
<td>axtls__k5__q24.cnf</td>
<td>94</td>
<td>195</td>
<td>49</td>
<td>0.003626</td>
<td>200210227200</td>
</tr>
<tr>
<td>axtls__k5__q25.cnf</td>
<td>94</td>
<td>195</td>
<td>33</td>
<td>0.003496</td>
<td>1321132032</td>
</tr>
<tr>
<td>axtls__k5__q26.cnf</td>
<td>94</td>
<td>195</td>
<td>0</td>
<td>0.000337</td>
<td>UNSAT</td>
</tr>
<tr>
<td>axtls__k5__q27.cnf</td>
<td>94</td>
<td>195</td>
<td>0</td>
<td>0.000307</td>
<td>UNSAT</td>
</tr>
<tr>
<td>axtls__k5__q28.cnf</td>
<td>94</td>
<td>195</td>
<td>33</td>
<td>0.003325</td>
<td>84552450048</td>
</tr>
<tr>
<td>axtls__k5__q29.cnf</td>
<td>94</td>
<td>195</td>
<td>0</td>
<td>0.000288</td>
<td>UNSAT</td>
</tr>
<tr>
<td>axtls__k5__q30.cnf</td>
<td>94</td>
<td>195</td>
<td>46</td>
<td>0.003629</td>
<td>59912331264</td>
</tr>
<tr>
<td>axtls__k5__q31.cnf</td>
<td>94</td>
<td>195</td>
<td>31</td>
<td>0.003296</td>
<td>322663907328</td>
</tr>
<tr>
<td>axtls__k5__q32.cnf</td>
<td>94</td>
<td>195</td>
<td>28</td>
<td>0.003229</td>
<td>39334182912</td>
</tr>
<tr>
<td>axtls__k5__q33.cnf</td>
<td>94</td>
<td>195</td>
<td>0</td>
<td>0.000271</td>
<td>UNSAT</td>
</tr>
<tr>
<td>axtls__k5__q34.cnf</td>
<td>94</td>
<td>195</td>
<td>32</td>
<td>0.003526</td>
<td>317663969280</td>
</tr>
<tr>
<td>axtls__k5__q35.cnf</td>
<td>94</td>
<td>195</td>
<td>44</td>
<td>0.003876</td>
<td>29956165632</td>
</tr>
<tr>
<td>axtls__k5__q36.cnf</td>
<td>94</td>
<td>195</td>
<td>19</td>
<td>0.002978</td>
<td>18345885696</td>
</tr>
<tr>
<td>axtls__k5__q38.cnf</td>
<td>94</td>
<td>195</td>
<td>32</td>
<td>0.004103</td>
<td>519477952</td>
</tr>
<tr>
<td>axtls__k5__q39.cnf</td>
<td>94</td>
<td>195</td>
<td>38</td>
<td>0.003687</td>
<td>978309218304</td>
</tr>
<tr>
<td>axtls__k5__q40.cnf</td>
<td>94</td>
<td>195</td>
<td>0</td>
<td>0.000272</td>
<td>UNSAT</td>
</tr>
<tr>
<td>axtls__k5__q41.cnf</td>
<td>94</td>
<td>195</td>
<td>0</td>
<td>0.000275</td>
<td>UNSAT</td>
</tr>
<tr>
<td>axtls__k5__q42.cnf</td>
<td>94</td>
<td>195</td>
<td>29</td>
<td>0.003271</td>
<td>55901159424</td>
</tr>
<tr>
<td>axtls__k5__q43.cnf</td>
<td>94</td>
<td>195</td>
<td>27</td>
<td>0.003367</td>
<td>160137216</td>
</tr>
<tr>
<td>axtls__k5__q44.cnf</td>
<td>94</td>
<td>195</td>
<td>0</td>
<td>0.000321</td>
<td>UNSAT</td>
</tr>
<tr>
<td>axtls__k5__q45.cnf</td>
<td>94</td>
<td>195</td>
<td>33</td>
<td>0.00352</td>
<td>447226920960</td>
</tr>
<tr>
<td>axtls__k5__q46.cnf</td>
<td>94</td>
<td>195</td>
<td>29</td>
<td>0.003191</td>
<td>66376433664</td>
</tr>
<tr>
<td>axtls__k5__q47.cnf</td>
<td>94</td>
<td>195</td>
<td>33</td>
<td>0.003315</td>
<td>243389859840</td>
</tr>
<tr>
<td>axtls__k5__q48.cnf</td>
<td>94</td>
<td>195</td>
<td>0</td>
<td>0.000295</td>
<td>UNSAT</td>
</tr>
<tr>
<td>axtls__k5__q49.cnf</td>
<td>94</td>
<td>195</td>
<td>25</td>
<td>0.003297</td>
<td>151289856</td>
</tr>
<tr>
<td>axtls__k5__q0.cnf</td>
<td>94</td>
<td>195</td>
<td>38</td>
<td>0.004027</td>
<td>436488287744</td>
</tr>
<tr>
<td>axtls__k5__q1.cnf</td>
<td>94</td>
<td>195</td>
<td>27</td>
<td>0.003198</td>
<td>71007240192</td>
</tr>
<tr>
<td>axtls__k5__q2.cnf</td>
<td>94</td>
<td>195</td>
<td>32</td>
<td>0.003322</td>
<td>121696530432</td>
</tr>
<tr>
<td>axtls__k5__q4.cnf</td>
<td>94</td>
<td>195</td>
<td>28</td>
<td>0.003375</td>
<td>2677307968</td>
</tr>
<tr>
<td>axtls__k5__q5.cnf</td>
<td>94</td>
<td>195</td>
<td>44</td>
<td>0.004204</td>
<td>490727669760</td>
</tr>
<tr>
<td>axtls__k5__q6.cnf</td>
<td>94</td>
<td>195</td>
<td>32</td>
<td>0.003313</td>
<td>106724806656</td>
</tr>
<tr>
<td>axtls__k5__q7.cnf</td>
<td>94</td>
<td>195</td>
<td>24</td>
<td>0.003412</td>
<td>1003290624</td>
</tr>
<tr>
<td>axtls__k5__q8.cnf</td>
<td>94</td>
<td>195</td>
<td>23</td>
<td>0.003076</td>
<td>3694657536</td>
</tr>
<tr>
<td>axtls__k5__q9.cnf</td>
<td>94</td>
<td>195</td>
<td>0</td>
<td>0.000271</td>
<td>UNSAT</td>
</tr>
<tr>
<td>axtls__k5__q10.cnf</td>
<td>94</td>
<td>195</td>
<td>29</td>
<td>0.003973</td>
<td>2885059392</td>
</tr>
<tr>
<td>axtls__k5__q11.cnf</td>
<td>94</td>
<td>195</td>
<td>34</td>
<td>0.004126</td>
<td>1531385976</td>
</tr>
<tr>
<td>axtls__k5__q12.cnf</td>
<td>94</td>
<td>195</td>
<td>33</td>
<td>0.005108</td>
<td>221261180928</td>
</tr>
<tr>
<td>axtls__k5__q13.cnf</td>
<td>94</td>
<td>195</td>
<td>51</td>
<td>0.004256</td>
<td>44831320300</td>
</tr>
<tr>
<td>axtls__k5__q14.cnf</td>
<td>94</td>
<td>195</td>
<td>32</td>
<td>0.003458</td>
<td>26596823040</td>
</tr>
<tr>
<td>axtls__k5__q15.cnf</td>
<td>94</td>
<td>195</td>
<td>43</td>
<td>0.00365</td>
<td>75118196736</td>
</tr>
<tr>
<td>axtls__k5__q16.cnf</td>
<td>94</td>
<td>195</td>
<td>0</td>
<td>0.000279</td>
<td>UNSAT</td>
</tr>
<tr>
<td>axtls__k5__q17.cnf</td>
<td>94</td>
<td>195</td>
<td>0</td>
<td>0.00036</td>
<td>UNSAT</td>
</tr>
<tr>
<td>axtls__k5__q18.cnf</td>
<td>94</td>
<td>195</td>
<td>24</td>
<td>0.003036</td>
<td>104639496192</td>
</tr>
<tr>
<td>axtls__k5__q19.cnf</td>
<td>94</td>
<td>195</td>
<td>0</td>
<td>0.000317</td>
<td>UNSAT</td>
</tr>
<tr>
<td>axtls__k5__q20.cnf</td>
<td>94</td>
<td>195</td>
<td>0</td>
<td>0.00038</td>
<td>UNSAT</td>
</tr>
<tr>
<td>axtls__k5__q21.cnf</td>
<td>94</td>
<td>195</td>
<td>24</td>
<td>0.005134</td>
<td>399826944</td>
</tr>
<tr>
<td>axtls__k5__q22.cnf</td>
<td>94</td>
<td>195</td>
<td>29</td>
<td>0.006106</td>
<td>67623939072</td>
</tr>
<tr>
<td>axtls__k5__q23.cnf</td>
<td>94</td>
<td>195</td>
<td>50</td>
<td>0.006565</td>
<td>163506207744</td>
</tr>
<tr>
<td>axtls__k5__q24.cnf</td>
<td>94</td>
<td>195</td>
<td>49</td>
<td>0.005844</td>
<td>200210227200</td>
</tr>
<tr>
<td>axtls__k5__q25.cnf</td>
<td>94</td>
<td>195</td>
<td>33</td>
<td>0.004766</td>
<td>1321132032</td>
</tr>
<tr>
<td>axtls__k5__q26.cnf</td>
<td>94</td>
<td>195</td>
<td>0</td>
<td>0.000461</td>
<td>UNSAT</td>
</tr>
<tr>
<td>axtls__k5__q27.cnf</td>
<td>94</td>
<td>195</td>
<td>0</td>
<td>0.000491</td>
<td>UNSAT</td>
</tr>
<tr>
<td>axtls__k5__q28.cnf</td>
<td>94</td>
<td>195</td>
<td>33</td>
<td>0.005913</td>
<td>84552450048</td>
</tr>
<tr>
<td>axtls__k5__q29.cnf</td>
<td>94</td>
<td>195</td>
<td>0</td>
<td>0.000573</td>
<td>UNSAT</td>
</tr>
<tr>
<td>axtls__k5__q30.cnf</td>
<td>94</td>
<td>195</td>
<td>46</td>
<td>0.005805</td>
<td>59912331264</td>
</tr>
<tr>
<td>axtls__k5__q31.cnf</td>
<td>94</td>
<td>195</td>
<td>31</td>
<td>0.003854</td>
<td>322663907328</td>
</tr>
<tr>
<td>axtls__k5__q32.cnf</td>
<td>94</td>
<td>195</td>
<td>28</td>
<td>0.003276</td>
<td>39334182912</td>
</tr>
<tr>
<td>axtls__k5__q33.cnf</td>
<td>94</td>
<td>195</td>
<td>0</td>
<td>0.000359</td>
<td>UNSAT</td>
</tr>
<tr>
<td>axtls__k5__q34.cnf</td>
<td>94</td>
<td>195</td>
<td>32</td>
<td>0.004296</td>
<td>317663969280</td>
</tr>
<tr>
<td>axtls__k5__q35.cnf</td>
<td>94</td>
<td>195</td>
<td>44</td>
<td>0.005632</td>
<td>29956165632</td>
</tr>
<tr>
<td>axtls__k5__q36.cnf</td>
<td>94</td>
<td>195</td>
<td>19</td>
<td>0.004753</td>
<td>18345885696</td>
</tr>
<tr>
<td>axtls__k5__q38.cnf</td>
<td>94</td>
<td>195</td>
<td>32</td>
<td>0.00521</td>
<td>519477952</td>
</tr>
<tr>
<td>axtls__k5__q39.cnf</td>
<td>94</td>
<td>195</td>
<td>38</td>
<td>0.005212</td>
<td>978309218304</td>
</tr>
<tr>
<td>axtls__k5__q40.cnf</td>
<td>94</td>
<td>195</td>
<td>0</td>
<td>0.000453</td>
<td>UNSAT</td>
</tr>
<tr>
<td>axtls__k5__q41.cnf</td>
<td>94</td>
<td>195</td>
<td>0</td>
<td>0.000427</td>
<td>UNSAT</td>
</tr>
<tr>
<td>axtls__k5__q42.cnf</td>
<td>94</td>
<td>195</td>
<td>29</td>
<td>0.003808</td>
<td>55901159424</td>
</tr>
<tr>
<td>axtls__k5__q43.cnf</td>
<td>94</td>
<td>195</td>
<td>27</td>
<td>0.003329</td>
<td>160137216</td>
</tr>
<tr>
<td>axtls__k5__q44.cnf</td>
<td>94</td>
<td>195</td>
<td>0</td>
<td>0.000374</td>
<td>UNSAT</td>
</tr>
<tr>
<td>axtls__k5__q45.cnf</td>
<td>94</td>
<td>195</td>
<td>33</td>
<td>0.004627</td>
<td>447226920960</td>
</tr>
<tr>
<td>axtls__k5__q46.cnf</td>
<td>94</td>
<td>195</td>
<td>29</td>
<td>0.003283</td>
<td>66376433664</td>
</tr>
<tr>
<td>axtls__k5__q47.cnf</td>
<td>94</td>
<td>195</td>
<td>33</td>
<td>0.003379</td>
<td>243389859840</td>
</tr>
<tr>
<td>axtls__k5__q48.cnf</td>
<td>94</td>
<td>195</td>
<td>0</td>
<td>0.000316</td>
<td>UNSAT</td>
</tr>
<tr>
<td>axtls__k5__q49.cnf</td>
<td>94</td>
<td>195</td>
<td>25</td>
<td>0.003465</td>
<td>151289856</td>
</tr>
<tr>
<td>axtls__k5__q0.cnf</td>
<td>94</td>
<td>195</td>
<td>38</td>
<td>0.005277</td>
<td>436488287744</td>
</tr>
<tr>
<td>axtls__k5__q1.cnf</td>
<td>94</td>
<td>195</td>
<td>27</td>
<td>0.004757</td>
<td>71007240192</td>
</tr>
<tr>
<td>axtls__k5__q2.cnf</td>
<td>94</td>
<td>195</td>
<td>32</td>
<td>0.004159</td>
<td>121696530432</td>
</tr>
<tr>
<td>axtls__k5__q4.cnf</td>
<td>94</td>
<td>195</td>
<td>28</td>
<td>0.003637</td>
<td>2677307968</td>
</tr>
<tr>
<td>axtls__k5__q5.cnf</td>
<td>94</td>
<td>195</td>
<td>44</td>
<td>0.003864</td>
<td>490727669760</td>
</tr>
<tr>
<td>axtls__k5__q6.cnf</td>
<td>94</td>
<td>195</td>
<td>32</td>
<td>0.003698</td>
<td>106724806656</td>
</tr>
<tr>
<td>axtls__k5__q7.cnf</td>
<td>94</td>
<td>195</td>
<td>24</td>
<td>0.003432</td>
<td>1003290624</td>
</tr>
<tr>
<td>axtls__k5__q8.cnf</td>
<td>94</td>
<td>195</td>
<td>23</td>
<td>0.003314</td>
<td>3694657536</td>
</tr>
<tr>
<td>axtls__k5__q9.cnf</td>
<td>94</td>
<td>195</td>
<td>0</td>
<td>0.000276</td>
<td>UNSAT</td>
</tr>
<tr>
<td>axtls__k5__q10.cnf</td>
<td>94</td>
<td>195</td>
<td>29</td>
<td>0.003316</td>
<td>2885059392</td>
</tr>
<tr>
<td>axtls__k5__q11.cnf</td>
<td>94</td>
<td>195</td>
<td>34</td>
<td>0.003555</td>
<td>1531385976</td>
</tr>
<tr>
<td>axtls__k5__q12.cnf</td>
<td>94</td>
<td>195</td>
<td>33</td>
<td>0.003853</td>
<td>221261180928</td>
</tr>
<tr>
<td>axtls__k5__q13.cnf</td>
<td>94</td>
<td>195</td>
<td>51</td>
<td>0.00552</td>
<td>44831320300</td>
</tr>
<tr>
<td>axtls__k5__q14.cnf</td>
<td>94</td>
<td>195</td>
<td>32</td>
<td>0.004612</td>
<td>26596823040</td>
</tr>
<tr>
<td>axtls__k5__q15.cnf</td>
<td>94</td>
<td>195</td>
<td>43</td>
<td>0.005826</td>
<td>75118196736</td>
</tr>
<tr>
<td>axtls__k5__q16.cnf</td>
<td>94</td>
<td>195</td>
<td>0</td>
<td>0.000424</td>
<td>UNSAT</td>
</tr>
<tr>
<td>axtls__k5__q17.cnf</td>
<td>94</td>
<td>195</td>
<td>0</td>
<td>0.000401</td>
<td>UNSAT</td>
</tr>
<tr>
<td>axtls__k5__q18.cnf</td>
<td>94</td>
<td>195</td>
<td>24</td>
<td>0.004792</td>
<td>104639496192</td>
</tr>
<tr>
<td>axtls__k5__q19.cnf</td>
<td>94</td>
<td>195</td>
<td>0</td>
<td>0.00037</td>
<td>UNSAT</td>
</tr>
<tr>
<td>axtls__k5__q20.cnf</td>
<td>94</td>
<td>195</td>
<td>0</td>
<td>0.000306</td>
<td>UNSAT</td>
</tr>
<tr>
<td>axtls__k5__q21.cnf</td>
<td>94</td>
<td>195</td>
<td>24</td>
<td>0.004076</td>
<td>399826944</td>
</tr>
<tr>
<td>axtls__k5__q22.cnf</td>
<td>94</td>
<td>195</td>
<td>29</td>
<td>0.004172</td>
<td>67623939072</td>
</tr>
<tr>
<td>axtls__k5__q23.cnf</td>
<td>94</td>
<td>195</td>
<td>50</td>
<td>0.003709</td>
<td>163506207744</td>
</tr>
<tr>
<td>axtls__k5__q24.cnf</td>
<td>94</td>
<td>195</td>
<td>49</td>
<td>0.00352</td>
<td>200210227200</td>
</tr>
<tr>
<td>axtls__k5__q25.cnf</td>
<td>94</td>
<td>195</td>
<td>33</td>
<td>0.003426</td>
<td>1321132032</td>
</tr>
<tr>
<td>axtls__k5__q26.cnf</td>
<td>94</td>
<td>195</td>
<td>0</td>
<td>0.000292</td>
<td>UNSAT</td>
</tr>
<tr>
<td>axtls__k5__q27.cnf</td>
<td>94</td>
<td>195</td>
<td>0</td>
<td>0.000283</td>
<td>UNSAT</td>
</tr>
<tr>
<td>axtls__k5__q28.cnf</td>
<td>94</td>
<td>195</td>
<td>33</td>
<td>0.003096</td>
<td>84552450048</td>
</tr>
<tr>
<td>axtls__k5__q29.cnf</td>
<td>94</td>
<td>195</td>
<td>0</td>
<td>0.000288</td>
<td>UNSAT</td>
</tr>
<tr>
<td>axtls__k5__q30.cnf</td>
<td>94</td>
<td>195</td>
<td>46</td>
<td>0.003735</td>
<td>59912331264</td>
</tr>
<tr>
<td>axtls__k5__q31.cnf</td>
<td>94</td>
<td>195</td>
<td>31</td>
<td>0.003384</td>
<td>322663907328</td>
</tr>
<tr>
<td>axtls__k5__q32.cnf</td>
<td>94</td>
<td>195</td>
<td>28</td>
<td>0.003415</td>
<td>39334182912</td>
</tr>
<tr>
<td>axtls__k5__q33.cnf</td>
<td>94</td>
<td>195</td>
<td>0</td>
<td>0.000306</td>
<td>UNSAT</td>
</tr>
<tr>
<td>axtls__k5__q34.cnf</td>
<td>94</td>
<td>195</td>
<td>32</td>
<td>0.003871</td>
<td>317663969280</td>
</tr>
<tr>
<td>axtls__k5__q35.cnf</td>
<td>94</td>
<td>195</td>
<td>44</td>
<td>0.004594</td>
<td>29956165632</td>
</tr>
<tr>
<td>axtls__k5__q36.cnf</td>
<td>94</td>
<td>195</td>
<td>19</td>
<td>0.003405</td>
<td>18345885696</td>
</tr>
<tr>
<td>axtls__k5__q38.cnf</td>
<td>94</td>
<td>195</td>
<td>32</td>
<td>0.00366</td>
<td>519477952</td>
</tr>
<tr>
<td>axtls__k5__q39.cnf</td>
<td>94</td>
<td>195</td>
<td>38</td>
<td>0.003539</td>
<td>978309218304</td>
</tr>
<tr>
<td>axtls__k5__q40.cnf</td>
<td>94</td>
<td>195</td>
<td>0</td>
<td>0.000272</td>
<td>UNSAT</td>
</tr>
<tr>
<td>axtls__k5__q41.cnf</td>
<td>94</td>
<td>195</td>
<td>0</td>
<td>0.000297</td>
<td>UNSAT</td>
</tr>
<tr>
<td>axtls__k5__q42.cnf</td>
<td>94</td>
<td>195</td>
<td>29</td>
<td>0.003092</td>
<td>55901159424</td>
</tr>
<tr>
<td>axtls__k5__q43.cnf</td>
<td>94</td>
<td>195</td>
<td>27</td>
<td>0.003163</td>
<td>160137216</td>
</tr>
<tr>
<td>axtls__k5__q44.cnf</td>
<td>94</td>
<td>195</td>
<td>0</td>
<td>0.000386</td>
<td>UNSAT</td>
</tr>
<tr>
<td>axtls__k5__q45.cnf</td>
<td>94</td>
<td>195</td>
<td>33</td>
<td>0.003887</td>
<td>447226920960</td>
</tr>
<tr>
<td>axtls__k5__q46.cnf</td>
<td>94</td>
<td>195</td>
<td>29</td>
<td>0.003399</td>
<td>66376433664</td>
</tr>
<tr>
<td>axtls__k5__q47.cnf</td>
<td>94</td>
<td>195</td>
<td>33</td>
<td>0.003805</td>
<td>243389859840</td>
</tr>
<tr>
<td>axtls__k5__q48.cnf</td>
<td>94</td>
<td>195</td>
<td>0</td>
<td>0.000413</td>
<td>UNSAT</td>
</tr>
<tr>
<td>axtls__k5__q49.cnf</td>
<td>94</td>
<td>195</td>
<td>25</td>
<td>0.004869</td>
<td>151289856</td>
</tr>
<tr>
<td>axtls__k5__q0.cnf</td>
<td>94</td>
<td>195</td>
<td>38</td>
<td>0.007899</td>
<td>436488287744</td>
</tr>
<tr>
<td>axtls__k5__q1.cnf</td>
<td>94</td>
<td>195</td>
<td>27</td>
<td>0.006234</td>
<td>71007240192</td>
</tr>
<tr>
<td>axtls__k5__q2.cnf</td>
<td>94</td>
<td>195</td>
<td>32</td>
<td>0.00509</td>
<td>121696530432</td>
</tr>
<tr>
<td>axtls__k5__q4.cnf</td>
<td>94</td>
<td>195</td>
<td>28</td>
<td>0.003245</td>
<td>2677307968</td>
</tr>
<tr>
<td>axtls__k5__q5.cnf</td>
<td>94</td>
<td>195</td>
<td>44</td>
<td>0.00425</td>
<td>490727669760</td>
</tr>
<tr>
<td>axtls__k5__q6.cnf</td>
<td>94</td>
<td>195</td>
<td>32</td>
<td>0.003384</td>
<td>106724806656</td>
</tr>
<tr>
<td>axtls__k5__q7.cnf</td>
<td>94</td>
<td>195</td>
<td>24</td>
<td>0.003286</td>
<td>1003290624</td>
</tr>
<tr>
<td>axtls__k5__q8.cnf</td>
<td>94</td>
<td>195</td>
<td>23</td>
<td>0.00312</td>
<td>3694657536</td>
</tr>
<tr>
<td>axtls__k5__q9.cnf</td>
<td>94</td>
<td>195</td>
<td>0</td>
<td>0.000298</td>
<td>UNSAT</td>
</tr>
<tr>
<td>axtls__k5__q10.cnf</td>
<td>94</td>
<td>195</td>
<td>29</td>
<td>0.003663</td>
<td>2885059392</td>
</tr>
<tr>
<td>axtls__k5__q11.cnf</td>
<td>94</td>
<td>195</td>
<td>34</td>
<td>0.003558</td>
<td>1531385976</td>
</tr>
<tr>
<td>axtls__k5__q12.cnf</td>
<td>94</td>
<td>195</td>
<td>33</td>
<td>0.003381</td>
<td>221261180928</td>
</tr>
<tr>
<td>axtls__k5__q13.cnf</td>
<td>94</td>
<td>195</td>
<td>51</td>
<td>0.004742</td>
<td>44831320300</td>
</tr>
<tr>
<td>axtls__k5__q14.cnf</td>
<td>94</td>
<td>195</td>
<td>32</td>
<td>0.003382</td>
<td>26596823040</td>
</tr>
<tr>
<td>axtls__k5__q15.cnf</td>
<td>94</td>
<td>195</td>
<td>43</td>
<td>0.003799</td>
<td>75118196736</td>
</tr>
<tr>
<td>axtls__k5__q16.cnf</td>
<td>94</td>
<td>195</td>
<td>0</td>
<td>0.000271</td>
<td>UNSAT</td>
</tr>
<tr>
<td>axtls__k5__q17.cnf</td>
<td>94</td>
<td>195</td>
<td>0</td>
<td>0.000265</td>
<td>UNSAT</td>
</tr>
<tr>
<td>axtls__k5__q18.cnf</td>
<td>94</td>
<td>195</td>
<td>24</td>
<td>0.003543</td>
<td>104639496192</td>
</tr>
<tr>
<td>axtls__k5__q19.cnf</td>
<td>94</td>
<td>195</td>
<td>0</td>
<td>0.000421</td>
<td>UNSAT</td>
</tr>
<tr>
<td>axtls__k5__q20.cnf</td>
<td>94</td>
<td>195</td>
<td>0</td>
<td>0.000398</td>
<td>UNSAT</td>
</tr>
<tr>
<td>axtls__k5__q21.cnf</td>
<td>94</td>
<td>195</td>
<td>24</td>
<td>0.005214</td>
<td>399826944</td>
</tr>
<tr>
<td>axtls__k5__q22.cnf</td>
<td>94</td>
<td>195</td>
<td>29</td>
<td>0.005179</td>
<td>67623939072</td>
</tr>
<tr>
<td>axtls__k5__q23.cnf</td>
<td>94</td>
<td>195</td>
<td>50</td>
<td>0.004331</td>
<td>163506207744</td>
</tr>
<tr>
<td>axtls__k5__q24.cnf</td>
<td>94</td>
<td>195</td>
<td>49</td>
<td>0.003719</td>
<td>200210227200</td>
</tr>
<tr>
<td>axtls__k5__q25.cnf</td>
<td>94</td>
<td>195</td>
<td>33</td>
<td>0.00358</td>
<td>1321132032</td>
</tr>
<tr>
<td>axtls__k5__q26.cnf</td>
<td>94</td>
<td>195</td>
<td>0</td>
<td>0.000279</td>
<td>UNSAT</td>
</tr>
<tr>
<td>axtls__k5__q27.cnf</td>
<td>94</td>
<td>195</td>
<td>0</td>
<td>0.000272</td>
<td>UNSAT</td>
</tr>
<tr>
<td>axtls__k5__q28.cnf</td>
<td>94</td>
<td>195</td>
<td>33</td>
<td>0.003382</td>
<td>84552450048</td>
</tr>
<tr>
<td>axtls__k5__q29.cnf</td>
<td>94</td>
<td>195</td>
<td>0</td>
<td>0.000326</td>
<td>UNSAT</td>
</tr>
<tr>
<td>axtls__k5__q30.cnf</td>
<td>94</td>
<td>195</td>
<td>46</td>
<td>0.003869</td>
<td>59912331264</td>
</tr>
<tr>
<td>axtls__k5__q31.cnf</td>
<td>94</td>
<td>195</td>
<td>31</td>
<td>0.00317</td>
<td>322663907328</td>
</tr>
<tr>
<td>axtls__k5__q32.cnf</td>
<td>94</td>
<td>195</td>
<td>28</td>
<td>0.003029</td>
<td>39334182912</td>
</tr>
<tr>
<td>axtls__k5__q33.cnf</td>
<td>94</td>
<td>195</td>
<td>0</td>
<td>0.000358</td>
<td>UNSAT</td>
</tr>
<tr>
<td>axtls__k5__q34.cnf</td>
<td>94</td>
<td>195</td>
<td>32</td>
<td>0.003454</td>
<td>317663969280</td>
</tr>
<tr>
<td>axtls__k5__q35.cnf</td>
<td>94</td>
<td>195</td>
<td>44</td>
<td>0.003848</td>
<td>29956165632</td>
</tr>
<tr>
<td>axtls__k5__q36.cnf</td>
<td>94</td>
<td>195</td>
<td>19</td>
<td>0.002926</td>
<td>18345885696</td>
</tr>
<tr>
<td>axtls__k5__q38.cnf</td>
<td>94</td>
<td>195</td>
<td>32</td>
<td>0.003557</td>
<td>519477952</td>
</tr>
<tr>
<td>axtls__k5__q39.cnf</td>
<td>94</td>
<td>195</td>
<td>38</td>
<td>0.003467</td>
<td>978309218304</td>
</tr>
<tr>
<td>axtls__k5__q40.cnf</td>
<td>94</td>
<td>195</td>
<td>0</td>
<td>0.000277</td>
<td>UNSAT</td>
</tr>
<tr>
<td>axtls__k5__q41.cnf</td>
<td>94</td>
<td>195</td>
<td>0</td>
<td>0.000283</td>
<td>UNSAT</td>
</tr>
<tr>
<td>axtls__k5__q42.cnf</td>
<td>94</td>
<td>195</td>
<td>29</td>
<td>0.003216</td>
<td>55901159424</td>
</tr>
<tr>
<td>axtls__k5__q43.cnf</td>
<td>94</td>
<td>195</td>
<td>27</td>
<td>0.003026</td>
<td>160137216</td>
</tr>
<tr>
<td>axtls__k5__q44.cnf</td>
<td>94</td>
<td>195</td>
<td>0</td>
<td>0.000277</td>
<td>UNSAT</td>
</tr>
<tr>
<td>axtls__k5__q45.cnf</td>
<td>94</td>
<td>195</td>
<td>33</td>
<td>0.003527</td>
<td>447226920960</td>
</tr>
<tr>
<td>axtls__k5__q46.cnf</td>
<td>94</td>
<td>195</td>
<td>29</td>
<td>0.003434</td>
<td>66376433664</td>
</tr>
<tr>
<td>axtls__k5__q47.cnf</td>
<td>94</td>
<td>195</td>
<td>33</td>
<td>0.00346</td>
<td>243389859840</td>
</tr>
<tr>
<td>axtls__k5__q48.cnf</td>
<td>94</td>
<td>195</td>
<td>0</td>
<td>0.000281</td>
<td>UNSAT</td>
</tr>
<tr>
<td>axtls__k5__q49.cnf</td>
<td>94</td>
<td>195</td>
<td>25</td>
<td>0.003161</td>
<td>151289856</td>
</tr>
<tr>
<td>axtls__k5__q0.cnf</td>
<td>94</td>
<td>195</td>
<td>38</td>
<td>0.003926</td>
<td>436488287744</td>
</tr>
<tr>
<td>axtls__k5__q1.cnf</td>
<td>94</td>
<td>195</td>
<td>27</td>
<td>0.0032</td>
<td>71007240192</td>
</tr>
<tr>
<td>axtls__k5__q2.cnf</td>
<td>94</td>
<td>195</td>
<td>32</td>
<td>0.003245</td>
<td>121696530432</td>
</tr>
<tr>
<td>axtls__k5__q4.cnf</td>
<td>94</td>
<td>195</td>
<td>28</td>
<td>0.00326</td>
<td>2677307968</td>
</tr>
<tr>
<td>axtls__k5__q5.cnf</td>
<td>94</td>
<td>195</td>
<td>44</td>
<td>0.003938</td>
<td>490727669760</td>
</tr>
<tr>
<td>axtls__k5__q6.cnf</td>
<td>94</td>
<td>195</td>
<td>32</td>
<td>0.003613</td>
<td>106724806656</td>
</tr>
<tr>
<td>axtls__k5__q7.cnf</td>
<td>94</td>
<td>195</td>
<td>24</td>
<td>0.004408</td>
<td>1003290624</td>
</tr>
<tr>
<td>axtls__k5__q8.cnf</td>
<td>94</td>
<td>195</td>
<td>23</td>
<td>0.003262</td>
<td>3694657536</td>
</tr>
<tr>
<td>axtls__k5__q9.cnf</td>
<td>94</td>
<td>195</td>
<td>0</td>
<td>0.000275</td>
<td>UNSAT</td>
</tr>
<tr>
<td>axtls__k5__q10.cnf</td>
<td>94</td>
<td>195</td>
<td>29</td>
<td>0.003601</td>
<td>2885059392</td>
</tr>
<tr>
<td>axtls__k5__q11.cnf</td>
<td>94</td>
<td>195</td>
<td>34</td>
<td>0.005044</td>
<td>1531385976</td>
</tr>
<tr>
<td>axtls__k5__q12.cnf</td>
<td>94</td>
<td>195</td>
<td>33</td>
<td>0.004892</td>
<td>221261180928</td>
</tr>
<tr>
<td>axtls__k5__q13.cnf</td>
<td>94</td>
<td>195</td>
<td>51</td>
<td>0.004881</td>
<td>44831320300</td>
</tr>
<tr>
<td>axtls__k5__q14.cnf</td>
<td>94</td>
<td>195</td>
<td>32</td>
<td>0.003927</td>
<td>26596823040</td>
</tr>
<tr>
<td>axtls__k5__q15.cnf</td>
<td>94</td>
<td>195</td>
<td>43</td>
<td>0.004845</td>
<td>75118196736</td>
</tr>
<tr>
<td>axtls__k5__q16.cnf</td>
<td>94</td>
<td>195</td>
<td>0</td>
<td>0.000398</td>
<td>UNSAT</td>
</tr>
<tr>
<td>axtls__k5__q17.cnf</td>
<td>94</td>
<td>195</td>
<td>0</td>
<td>0.000404</td>
<td>UNSAT</td>
</tr>
<tr>
<td>axtls__k5__q18.cnf</td>
<td>94</td>
<td>195</td>
<td>24</td>
<td>0.004965</td>
<td>104639496192</td>
</tr>
<tr>
<td>axtls__k5__q19.cnf</td>
<td>94</td>
<td>195</td>
<td>0</td>
<td>0.000428</td>
<td>UNSAT</td>
</tr>
<tr>
<td>axtls__k5__q20.cnf</td>
<td>94</td>
<td>195</td>
<td>0</td>
<td>0.000516</td>
<td>UNSAT</td>
</tr>
<tr>
<td>axtls__k5__q21.cnf</td>
<td>94</td>
<td>195</td>
<td>24</td>
<td>0.00424</td>
<td>399826944</td>
</tr>
<tr>
<td>axtls__k5__q22.cnf</td>
<td>94</td>
<td>195</td>
<td>29</td>
<td>0.004879</td>
<td>67623939072</td>
</tr>
<tr>
<td>axtls__k5__q23.cnf</td>
<td>94</td>
<td>195</td>
<td>50</td>
<td>0.004834</td>
<td>163506207744</td>
</tr>
<tr>
<td>axtls__k5__q24.cnf</td>
<td>94</td>
<td>195</td>
<td>49</td>
<td>0.004779</td>
<td>200210227200</td>
</tr>
<tr>
<td>axtls__k5__q25.cnf</td>
<td>94</td>
<td>195</td>
<td>33</td>
<td>0.003957</td>
<td>1321132032</td>
</tr>
<tr>
<td>axtls__k5__q26.cnf</td>
<td>94</td>
<td>195</td>
<td>0</td>
<td>0.000322</td>
<td>UNSAT</td>
</tr>
<tr>
<td>axtls__k5__q27.cnf</td>
<td>94</td>
<td>195</td>
<td>0</td>
<td>0.000361</td>
<td>UNSAT</td>
</tr>
<tr>
<td>axtls__k5__q28.cnf</td>
<td>94</td>
<td>195</td>
<td>33</td>
<td>0.003961</td>
<td>84552450048</td>
</tr>
<tr>
<td>axtls__k5__q29.cnf</td>
<td>94</td>
<td>195</td>
<td>0</td>
<td>0.000354</td>
<td>UNSAT</td>
</tr>
<tr>
<td>axtls__k5__q30.cnf</td>
<td>94</td>
<td>195</td>
<td>46</td>
<td>0.004174</td>
<td>59912331264</td>
</tr>
<tr>
<td>axtls__k5__q31.cnf</td>
<td>94</td>
<td>195</td>
<td>31</td>
<td>0.004971</td>
<td>322663907328</td>
</tr>
<tr>
<td>axtls__k5__q32.cnf</td>
<td>94</td>
<td>195</td>
<td>28</td>
<td>0.00435</td>
<td>39334182912</td>
</tr>
<tr>
<td>axtls__k5__q33.cnf</td>
<td>94</td>
<td>195</td>
<td>0</td>
<td>0.000493</td>
<td>UNSAT</td>
</tr>
<tr>
<td>axtls__k5__q34.cnf</td>
<td>94</td>
<td>195</td>
<td>32</td>
<td>0.005049</td>
<td>317663969280</td>
</tr>
<tr>
<td>axtls__k5__q35.cnf</td>
<td>94</td>
<td>195</td>
<td>44</td>
<td>0.005864</td>
<td>29956165632</td>
</tr>
<tr>
<td>axtls__k5__q36.cnf</td>
<td>94</td>
<td>195</td>
<td>19</td>
<td>0.004044</td>
<td>18345885696</td>
</tr>
<tr>
<td>axtls__k5__q38.cnf</td>
<td>94</td>
<td>195</td>
<td>32</td>
<td>0.004573</td>
<td>519477952</td>
</tr>
<tr>
<td>axtls__k5__q39.cnf</td>
<td>94</td>
<td>195</td>
<td>38</td>
<td>0.00347</td>
<td>978309218304</td>
</tr>
<tr>
<td>axtls__k5__q40.cnf</td>
<td>94</td>
<td>195</td>
<td>0</td>
<td>0.000284</td>
<td>UNSAT</td>
</tr>
<tr>
<td>axtls__k5__q41.cnf</td>
<td>94</td>
<td>195</td>
<td>0</td>
<td>0.000266</td>
<td>UNSAT</td>
</tr>
<tr>
<td>axtls__k5__q42.cnf</td>
<td>94</td>
<td>195</td>
<td>29</td>
<td>0.00348</td>
<td>55901159424</td>
</tr>
<tr>
<td>axtls__k5__q43.cnf</td>
<td>94</td>
<td>195</td>
<td>27</td>
<td>0.003534</td>
<td>160137216</td>
</tr>
<tr>
<td>axtls__k5__q44.cnf</td>
<td>94</td>
<td>195</td>
<td>0</td>
<td>0.000318</td>
<td>UNSAT</td>
</tr>
<tr>
<td>axtls__k5__q45.cnf</td>
<td>94</td>
<td>195</td>
<td>33</td>
<td>0.004447</td>
<td>447226920960</td>
</tr>
<tr>
<td>axtls__k5__q46.cnf</td>
<td>94</td>
<td>195</td>
<td>29</td>
<td>0.004846</td>
<td>66376433664</td>
</tr>
<tr>
<td>axtls__k5__q47.cnf</td>
<td>94</td>
<td>195</td>
<td>33</td>
<td>0.0057</td>
<td>243389859840</td>
</tr>
<tr>
<td>axtls__k5__q48.cnf</td>
<td>94</td>
<td>195</td>
<td>0</td>
<td>0.000457</td>
<td>UNSAT</td>
</tr>
<tr>
<td>axtls__k5__q49.cnf</td>
<td>94</td>
<td>195</td>
<td>25</td>
<td>0.005457</td>
<td>151289856</td>
</tr>
<tr>
<td>axtls__k5__q0.cnf</td>
<td>94</td>
<td>195</td>
<td>38</td>
<td>0.006031</td>
<td>436488287744</td>
</tr>
<tr>
<td>axtls__k5__q1.cnf</td>
<td>94</td>
<td>195</td>
<td>27</td>
<td>0.003264</td>
<td>71007240192</td>
</tr>
<tr>
<td>axtls__k5__q2.cnf</td>
<td>94</td>
<td>195</td>
<td>32</td>
<td>0.003776</td>
<td>121696530432</td>
</tr>
<tr>
<td>axtls__k5__q4.cnf</td>
<td>94</td>
<td>195</td>
<td>28</td>
<td>0.003464</td>
<td>2677307968</td>
</tr>
<tr>
<td>axtls__k5__q5.cnf</td>
<td>94</td>
<td>195</td>
<td>44</td>
<td>0.004573</td>
<td>490727669760</td>
</tr>
<tr>
<td>axtls__k5__q6.cnf</td>
<td>94</td>
<td>195</td>
<td>32</td>
<td>0.003295</td>
<td>106724806656</td>
</tr>
<tr>
<td>axtls__k5__q7.cnf</td>
<td>94</td>
<td>195</td>
<td>24</td>
<td>0.003292</td>
<td>1003290624</td>
</tr>
<tr>
<td>axtls__k5__q8.cnf</td>
<td>94</td>
<td>195</td>
<td>23</td>
<td>0.002975</td>
<td>3694657536</td>
</tr>
<tr>
<td>axtls__k5__q9.cnf</td>
<td>94</td>
<td>195</td>
<td>0</td>
<td>0.000294</td>
<td>UNSAT</td>
</tr>
<tr>
<td>axtls__k5__q10.cnf</td>
<td>94</td>
<td>195</td>
<td>29</td>
<td>0.003573</td>
<td>2885059392</td>
</tr>
<tr>
<td>axtls__k5__q11.cnf</td>
<td>94</td>
<td>195</td>
<td>34</td>
<td>0.003889</td>
<td>1531385976</td>
</tr>
<tr>
<td>axtls__k5__q12.cnf</td>
<td>94</td>
<td>195</td>
<td>33</td>
<td>0.004531</td>
<td>221261180928</td>
</tr>
<tr>
<td>axtls__k5__q13.cnf</td>
<td>94</td>
<td>195</td>
<td>51</td>
<td>0.005657</td>
<td>44831320300</td>
</tr>
<tr>
<td>axtls__k5__q14.cnf</td>
<td>94</td>
<td>195</td>
<td>32</td>
<td>0.003678</td>
<td>26596823040</td>
</tr>
<tr>
<td>axtls__k5__q15.cnf</td>
<td>94</td>
<td>195</td>
<td>43</td>
<td>0.004537</td>
<td>75118196736</td>
</tr>
<tr>
<td>axtls__k5__q16.cnf</td>
<td>94</td>
<td>195</td>
<td>0</td>
<td>0.000421</td>
<td>UNSAT</td>
</tr>
<tr>
<td>axtls__k5__q17.cnf</td>
<td>94</td>
<td>195</td>
<td>0</td>
<td>0.000409</td>
<td>UNSAT</td>
</tr>
<tr>
<td>axtls__k5__q18.cnf</td>
<td>94</td>
<td>195</td>
<td>24</td>
<td>0.004454</td>
<td>104639496192</td>
</tr>
<tr>
<td>axtls__k5__q19.cnf</td>
<td>94</td>
<td>195</td>
<td>0</td>
<td>0.000552</td>
<td>UNSAT</td>
</tr>
<tr>
<td>axtls__k5__q20.cnf</td>
<td>94</td>
<td>195</td>
<td>0</td>
<td>0.000377</td>
<td>UNSAT</td>
</tr>
<tr>
<td>axtls__k5__q21.cnf</td>
<td>94</td>
<td>195</td>
<td>24</td>
<td>0.004155</td>
<td>399826944</td>
</tr>
<tr>
<td>axtls__k5__q22.cnf</td>
<td>94</td>
<td>195</td>
<td>29</td>
<td>0.003624</td>
<td>67623939072</td>
</tr>
<tr>
<td>axtls__k5__q23.cnf</td>
<td>94</td>
<td>195</td>
<td>50</td>
<td>0.003967</td>
<td>163506207744</td>
</tr>
<tr>
<td>axtls__k5__q24.cnf</td>
<td>94</td>
<td>195</td>
<td>49</td>
<td>0.004923</td>
<td>200210227200</td>
</tr>
<tr>
<td>axtls__k5__q25.cnf</td>
<td>94</td>
<td>195</td>
<td>33</td>
<td>0.005289</td>
<td>1321132032</td>
</tr>
<tr>
<td>axtls__k5__q26.cnf</td>
<td>94</td>
<td>195</td>
<td>0</td>
<td>0.000449</td>
<td>UNSAT</td>
</tr>
<tr>
<td>axtls__k5__q27.cnf</td>
<td>94</td>
<td>195</td>
<td>0</td>
<td>0.000437</td>
<td>UNSAT</td>
</tr>
<tr>
<td>axtls__k5__q28.cnf</td>
<td>94</td>
<td>195</td>
<td>33</td>
<td>0.004234</td>
<td>84552450048</td>
</tr>
<tr>
<td>axtls__k5__q29.cnf</td>
<td>94</td>
<td>195</td>
<td>0</td>
<td>0.000306</td>
<td>UNSAT</td>
</tr>
<tr>
<td>axtls__k5__q30.cnf</td>
<td>94</td>
<td>195</td>
<td>46</td>
<td>0.005055</td>
<td>59912331264</td>
</tr>
<tr>
<td>axtls__k5__q31.cnf</td>
<td>94</td>
<td>195</td>
<td>31</td>
<td>0.003427</td>
<td>322663907328</td>
</tr>
<tr>
<td>axtls__k5__q32.cnf</td>
<td>94</td>
<td>195</td>
<td>28</td>
<td>0.003207</td>
<td>39334182912</td>
</tr>
<tr>
<td>axtls__k5__q33.cnf</td>
<td>94</td>
<td>195</td>
<td>0</td>
<td>0.000271</td>
<td>UNSAT</td>
</tr>
<tr>
<td>axtls__k5__q34.cnf</td>
<td>94</td>
<td>195</td>
<td>32</td>
<td>0.003451</td>
<td>317663969280</td>
</tr>
<tr>
<td>axtls__k5__q35.cnf</td>
<td>94</td>
<td>195</td>
<td>44</td>
<td>0.003945</td>
<td>29956165632</td>
</tr>
<tr>
<td>axtls__k5__q36.cnf</td>
<td>94</td>
<td>195</td>
<td>19</td>
<td>0.003224</td>
<td>18345885696</td>
</tr>
<tr>
<td>axtls__k5__q38.cnf</td>
<td>94</td>
<td>195</td>
<td>32</td>
<td>0.003721</td>
<td>519477952</td>
</tr>
<tr>
<td>axtls__k5__q39.cnf</td>
<td>94</td>
<td>195</td>
<td>38</td>
<td>0.004079</td>
<td>978309218304</td>
</tr>
<tr>
<td>axtls__k5__q40.cnf</td>
<td>94</td>
<td>195</td>
<td>0</td>
<td>0.000364</td>
<td>UNSAT</td>
</tr>
<tr>
<td>axtls__k5__q41.cnf</td>
<td>94</td>
<td>195</td>
<td>0</td>
<td>0.000279</td>
<td>UNSAT</td>
</tr>
<tr>
<td>axtls__k5__q42.cnf</td>
<td>94</td>
<td>195</td>
<td>29</td>
<td>0.003152</td>
<td>55901159424</td>
</tr>
<tr>
<td>axtls__k5__q43.cnf</td>
<td>94</td>
<td>195</td>
<td>27</td>
<td>0.003008</td>
<td>160137216</td>
</tr>
<tr>
<td>axtls__k5__q44.cnf</td>
<td>94</td>
<td>195</td>
<td>0</td>
<td>0.000345</td>
<td>UNSAT</td>
</tr>
<tr>
<td>axtls__k5__q45.cnf</td>
<td>94</td>
<td>195</td>
<td>33</td>
<td>0.003558</td>
<td>447226920960</td>
</tr>
<tr>
<td>axtls__k5__q46.cnf</td>
<td>94</td>
<td>195</td>
<td>29</td>
<td>0.003503</td>
<td>66376433664</td>
</tr>
<tr>
<td>axtls__k5__q47.cnf</td>
<td>94</td>
<td>195</td>
<td>33</td>
<td>0.003741</td>
<td>243389859840</td>
</tr>
<tr>
<td>axtls__k5__q48.cnf</td>
<td>94</td>
<td>195</td>
<td>0</td>
<td>0.000288</td>
<td>UNSAT</td>
</tr>
<tr>
<td>axtls__k5__q49.cnf</td>
<td>94</td>
<td>195</td>
<td>25</td>
<td>0.003362</td>
<td>151289856</td>
</tr>
<tr>
<td>axtls__k5__q0.cnf</td>
<td>94</td>
<td>195</td>
<td>38</td>
<td>0.005399</td>
<td>436488287744</td>
</tr>
<tr>
<td>axtls__k5__q1.cnf</td>
<td>94</td>
<td>195</td>
<td>27</td>
<td>0.005779</td>
<td>71007240192</td>
</tr>
<tr>
<td>axtls__k5__q2.cnf</td>
<td>94</td>
<td>195</td>
<td>32</td>
<td>0.003933</td>
<td>121696530432</td>
</tr>
<tr>
<td>axtls__k5__q4.cnf</td>
<td>94</td>
<td>195</td>
<td>28</td>
<td>0.003877</td>
<td>2677307968</td>
</tr>
<tr>
<td>axtls__k5__q5.cnf</td>
<td>94</td>
<td>195</td>
<td>44</td>
<td>0.005352</td>
<td>490727669760</td>
</tr>
<tr>
<td>axtls__k5__q6.cnf</td>
<td>94</td>
<td>195</td>
<td>32</td>
<td>0.004793</td>
<td>106724806656</td>
</tr>
<tr>
<td>axtls__k5__q7.cnf</td>
<td>94</td>
<td>195</td>
<td>24</td>
<td>0.00385</td>
<td>1003290624</td>
</tr>
<tr>
<td>axtls__k5__q8.cnf</td>
<td>94</td>
<td>195</td>
<td>23</td>
<td>0.004239</td>
<td>3694657536</td>
</tr>
<tr>
<td>axtls__k5__q9.cnf</td>
<td>94</td>
<td>195</td>
<td>0</td>
<td>0.000341</td>
<td>UNSAT</td>
</tr>
<tr>
<td>axtls__k5__q10.cnf</td>
<td>94</td>
<td>195</td>
<td>29</td>
<td>0.003911</td>
<td>2885059392</td>
</tr>
<tr>
<td>axtls__k5__q11.cnf</td>
<td>94</td>
<td>195</td>
<td>34</td>
<td>0.003835</td>
<td>1531385976</td>
</tr>
<tr>
<td>axtls__k5__q12.cnf</td>
<td>94</td>
<td>195</td>
<td>33</td>
<td>0.004471</td>
<td>221261180928</td>
</tr>
<tr>
<td>axtls__k5__q13.cnf</td>
<td>94</td>
<td>195</td>
<td>51</td>
<td>0.005986</td>
<td>44831320300</td>
</tr>
<tr>
<td>axtls__k5__q14.cnf</td>
<td>94</td>
<td>195</td>
<td>32</td>
<td>0.003724</td>
<td>26596823040</td>
</tr>
<tr>
<td>axtls__k5__q15.cnf</td>
<td>94</td>
<td>195</td>
<td>43</td>
<td>0.003932</td>
<td>75118196736</td>
</tr>
<tr>
<td>axtls__k5__q16.cnf</td>
<td>94</td>
<td>195</td>
<td>0</td>
<td>0.000281</td>
<td>UNSAT</td>
</tr>
<tr>
<td>axtls__k5__q17.cnf</td>
<td>94</td>
<td>195</td>
<td>0</td>
<td>0.000304</td>
<td>UNSAT</td>
</tr>
<tr>
<td>axtls__k5__q18.cnf</td>
<td>94</td>
<td>195</td>
<td>24</td>
<td>0.003878</td>
<td>104639496192</td>
</tr>
<tr>
<td>axtls__k5__q19.cnf</td>
<td>94</td>
<td>195</td>
<td>0</td>
<td>0.000296</td>
<td>UNSAT</td>
</tr>
<tr>
<td>axtls__k5__q20.cnf</td>
<td>94</td>
<td>195</td>
<td>0</td>
<td>0.000278</td>
<td>UNSAT</td>
</tr>
<tr>
<td>axtls__k5__q21.cnf</td>
<td>94</td>
<td>195</td>
<td>24</td>
<td>0.003318</td>
<td>399826944</td>
</tr>
<tr>
<td>axtls__k5__q22.cnf</td>
<td>94</td>
<td>195</td>
<td>29</td>
<td>0.003737</td>
<td>67623939072</td>
</tr>
<tr>
<td>axtls__k5__q23.cnf</td>
<td>94</td>
<td>195</td>
<td>50</td>
<td>0.003778</td>
<td>163506207744</td>
</tr>
<tr>
<td>axtls__k5__q24.cnf</td>
<td>94</td>
<td>195</td>
<td>49</td>
<td>0.003517</td>
<td>200210227200</td>
</tr>
<tr>
<td>axtls__k5__q25.cnf</td>
<td>94</td>
<td>195</td>
<td>33</td>
<td>0.003397</td>
<td>1321132032</td>
</tr>
<tr>
<td>axtls__k5__q26.cnf</td>
<td>94</td>
<td>195</td>
<td>0</td>
<td>0.000296</td>
<td>UNSAT</td>
</tr>
<tr>
<td>axtls__k5__q27.cnf</td>
<td>94</td>
<td>195</td>
<td>0</td>
<td>0.000272</td>
<td>UNSAT</td>
</tr>
<tr>
<td>axtls__k5__q28.cnf</td>
<td>94</td>
<td>195</td>
<td>33</td>
<td>0.003131</td>
<td>84552450048</td>
</tr>
<tr>
<td>axtls__k5__q29.cnf</td>
<td>94</td>
<td>195</td>
<td>0</td>
<td>0.00027</td>
<td>UNSAT</td>
</tr>
<tr>
<td>axtls__k5__q30.cnf</td>
<td>94</td>
<td>195</td>
<td>46</td>
<td>0.003626</td>
<td>59912331264</td>
</tr>
<tr>
<td>axtls__k5__q31.cnf</td>
<td>94</td>
<td>195</td>
<td>31</td>
<td>0.003274</td>
<td>322663907328</td>
</tr>
<tr>
<td>axtls__k5__q32.cnf</td>
<td>94</td>
<td>195</td>
<td>28</td>
<td>0.003292</td>
<td>39334182912</td>
</tr>
<tr>
<td>axtls__k5__q33.cnf</td>
<td>94</td>
<td>195</td>
<td>0</td>
<td>0.000335</td>
<td>UNSAT</td>
</tr>
<tr>
<td>axtls__k5__q34.cnf</td>
<td>94</td>
<td>195</td>
<td>32</td>
<td>0.003348</td>
<td>317663969280</td>
</tr>
<tr>
<td>axtls__k5__q35.cnf</td>
<td>94</td>
<td>195</td>
<td>44</td>
<td>0.003905</td>
<td>29956165632</td>
</tr>
<tr>
<td>axtls__k5__q36.cnf</td>
<td>94</td>
<td>195</td>
<td>19</td>
<td>0.003198</td>
<td>18345885696</td>
</tr>
<tr>
<td>axtls__k5__q38.cnf</td>
<td>94</td>
<td>195</td>
<td>32</td>
<td>0.00431</td>
<td>519477952</td>
</tr>
<tr>
<td>axtls__k5__q39.cnf</td>
<td>94</td>
<td>195</td>
<td>38</td>
<td>0.003678</td>
<td>978309218304</td>
</tr>
<tr>
<td>axtls__k5__q40.cnf</td>
<td>94</td>
<td>195</td>
<td>0</td>
<td>0.000279</td>
<td>UNSAT</td>
</tr>
<tr>
<td>axtls__k5__q41.cnf</td>
<td>94</td>
<td>195</td>
<td>0</td>
<td>0.000257</td>
<td>UNSAT</td>
</tr>
<tr>
<td>axtls__k5__q42.cnf</td>
<td>94</td>
<td>195</td>
<td>29</td>
<td>0.00328</td>
<td>55901159424</td>
</tr>
<tr>
<td>axtls__k5__q43.cnf</td>
<td>94</td>
<td>195</td>
<td>27</td>
<td>0.003053</td>
<td>160137216</td>
</tr>
<tr>
<td>axtls__k5__q44.cnf</td>
<td>94</td>
<td>195</td>
<td>0</td>
<td>0.000297</td>
<td>UNSAT</td>
</tr>
<tr>
<td>axtls__k5__q45.cnf</td>
<td>94</td>
<td>195</td>
<td>33</td>
<td>0.003766</td>
<td>447226920960</td>
</tr>
<tr>
<td>axtls__k5__q46.cnf</td>
<td>94</td>
<td>195</td>
<td>29</td>
<td>0.003495</td>
<td>66376433664</td>
</tr>
<tr>
<td>axtls__k5__q47.cnf</td>
<td>94</td>
<td>195</td>
<td>33</td>
<td>0.004354</td>
<td>243389859840</td>
</tr>
<tr>
<td>axtls__k5__q48.cnf</td>
<td>94</td>
<td>195</td>
<td>0</td>
<td>0.000458</td>
<td>UNSAT</td>
</tr>
<tr>
<td>axtls__k5__q49.cnf</td>
<td>94</td>
<td>195</td>
<td>25</td>
<td>0.004307</td>
<td>151289856</td>
</tr>
<tr>
<td>axtls__k5__q0.cnf</td>
<td>94</td>
<td>195</td>
<td>38</td>
<td>0.004555</td>
<td>436488287744</td>
</tr>
<tr>
<td>axtls__k5__q1.cnf</td>
<td>94</td>
<td>195</td>
<td>27</td>
<td>0.003715</td>
<td>71007240192</td>
</tr>
<tr>
<td>axtls__k5__q2.cnf</td>
<td>94</td>
<td>195</td>
<td>32</td>
<td>0.004368</td>
<td>121696530432</td>
</tr>
<tr>
<td>axtls__k5__q4.cnf</td>
<td>94</td>
<td>195</td>
<td>28</td>
<td>0.003349</td>
<td>2677307968</td>
</tr>
<tr>
<td>axtls__k5__q5.cnf</td>
<td>94</td>
<td>195</td>
<td>44</td>
<td>0.003943</td>
<td>490727669760</td>
</tr>
<tr>
<td>axtls__k5__q6.cnf</td>
<td>94</td>
<td>195</td>
<td>32</td>
<td>0.003887</td>
<td>106724806656</td>
</tr>
<tr>
<td>axtls__k5__q7.cnf</td>
<td>94</td>
<td>195</td>
<td>24</td>
<td>0.003684</td>
<td>1003290624</td>
</tr>
<tr>
<td>axtls__k5__q8.cnf</td>
<td>94</td>
<td>195</td>
<td>23</td>
<td>0.003085</td>
<td>3694657536</td>
</tr>
<tr>
<td>axtls__k5__q9.cnf</td>
<td>94</td>
<td>195</td>
<td>0</td>
<td>0.000288</td>
<td>UNSAT</td>
</tr>
<tr>
<td>axtls__k5__q10.cnf</td>
<td>94</td>
<td>195</td>
<td>29</td>
<td>0.003659</td>
<td>2885059392</td>
</tr>
<tr>
<td>axtls__k5__q11.cnf</td>
<td>94</td>
<td>195</td>
<td>34</td>
<td>0.003471</td>
<td>1531385976</td>
</tr>
<tr>
<td>axtls__k5__q12.cnf</td>
<td>94</td>
<td>195</td>
<td>33</td>
<td>0.003346</td>
<td>221261180928</td>
</tr>
<tr>
<td>axtls__k5__q13.cnf</td>
<td>94</td>
<td>195</td>
<td>51</td>
<td>0.005207</td>
<td>44831320300</td>
</tr>
<tr>
<td>axtls__k5__q14.cnf</td>
<td>94</td>
<td>195</td>
<td>32</td>
<td>0.00424</td>
<td>26596823040</td>
</tr>
<tr>
<td>axtls__k5__q15.cnf</td>
<td>94</td>
<td>195</td>
<td>43</td>
<td>0.004474</td>
<td>75118196736</td>
</tr>
<tr>
<td>axtls__k5__q16.cnf</td>
<td>94</td>
<td>195</td>
<td>0</td>
<td>0.000363</td>
<td>UNSAT</td>
</tr>
<tr>
<td>axtls__k5__q17.cnf</td>
<td>94</td>
<td>195</td>
<td>0</td>
<td>0.000413</td>
<td>UNSAT</td>
</tr>
<tr>
<td>axtls__k5__q18.cnf</td>
<td>94</td>
<td>195</td>
<td>24</td>
<td>0.005091</td>
<td>104639496192</td>
</tr>
<tr>
<td>axtls__k5__q19.cnf</td>
<td>94</td>
<td>195</td>
<td>0</td>
<td>0.000549</td>
<td>UNSAT</td>
</tr>
<tr>
<td>axtls__k5__q20.cnf</td>
<td>94</td>
<td>195</td>
<td>0</td>
<td>0.000638</td>
<td>UNSAT</td>
</tr>
<tr>
<td>axtls__k5__q21.cnf</td>
<td>94</td>
<td>195</td>
<td>24</td>
<td>0.005758</td>
<td>399826944</td>
</tr>
<tr>
<td>axtls__k5__q22.cnf</td>
<td>94</td>
<td>195</td>
<td>29</td>
<td>0.003787</td>
<td>67623939072</td>
</tr>
<tr>
<td>axtls__k5__q23.cnf</td>
<td>94</td>
<td>195</td>
<td>50</td>
<td>0.003685</td>
<td>163506207744</td>
</tr>
<tr>
<td>axtls__k5__q24.cnf</td>
<td>94</td>
<td>195</td>
<td>49</td>
<td>0.003483</td>
<td>200210227200</td>
</tr>
<tr>
<td>axtls__k5__q25.cnf</td>
<td>94</td>
<td>195</td>
<td>33</td>
<td>0.003341</td>
<td>1321132032</td>
</tr>
<tr>
<td>axtls__k5__q26.cnf</td>
<td>94</td>
<td>195</td>
<td>0</td>
<td>0.00027</td>
<td>UNSAT</td>
</tr>
<tr>
<td>axtls__k5__q27.cnf</td>
<td>94</td>
<td>195</td>
<td>0</td>
<td>0.000307</td>
<td>UNSAT</td>
</tr>
<tr>
<td>axtls__k5__q28.cnf</td>
<td>94</td>
<td>195</td>
<td>33</td>
<td>0.003193</td>
<td>84552450048</td>
</tr>
<tr>
<td>axtls__k5__q29.cnf</td>
<td>94</td>
<td>195</td>
<td>0</td>
<td>0.000289</td>
<td>UNSAT</td>
</tr>
<tr>
<td>axtls__k5__q30.cnf</td>
<td>94</td>
<td>195</td>
<td>46</td>
<td>0.003567</td>
<td>59912331264</td>
</tr>
<tr>
<td>axtls__k5__q31.cnf</td>
<td>94</td>
<td>195</td>
<td>31</td>
<td>0.003351</td>
<td>322663907328</td>
</tr>
<tr>
<td>axtls__k5__q32.cnf</td>
<td>94</td>
<td>195</td>
<td>28</td>
<td>0.003162</td>
<td>39334182912</td>
</tr>
<tr>
<td>axtls__k5__q33.cnf</td>
<td>94</td>
<td>195</td>
<td>0</td>
<td>0.000281</td>
<td>UNSAT</td>
</tr>
<tr>
<td>axtls__k5__q34.cnf</td>
<td>94</td>
<td>195</td>
<td>32</td>
<td>0.003275</td>
<td>317663969280</td>
</tr>
<tr>
<td>axtls__k5__q35.cnf</td>
<td>94</td>
<td>195</td>
<td>44</td>
<td>0.003906</td>
<td>29956165632</td>
</tr>
<tr>
<td>axtls__k5__q36.cnf</td>
<td>94</td>
<td>195</td>
<td>19</td>
<td>0.003435</td>
<td>18345885696</td>
</tr>
<tr>
<td>axtls__k5__q38.cnf</td>
<td>94</td>
<td>195</td>
<td>32</td>
<td>0.003464</td>
<td>519477952</td>
</tr>
<tr>
<td>axtls__k5__q39.cnf</td>
<td>94</td>
<td>195</td>
<td>38</td>
<td>0.003596</td>
<td>978309218304</td>
</tr>
<tr>
<td>axtls__k5__q40.cnf</td>
<td>94</td>
<td>195</td>
<td>0</td>
<td>0.000284</td>
<td>UNSAT</td>
</tr>
<tr>
<td>axtls__k5__q41.cnf</td>
<td>94</td>
<td>195</td>
<td>0</td>
<td>0.000272</td>
<td>UNSAT</td>
</tr>
<tr>
<td>axtls__k5__q42.cnf</td>
<td>94</td>
<td>195</td>
<td>29</td>
<td>0.003303</td>
<td>55901159424</td>
</tr>
<tr>
<td>axtls__k5__q43.cnf</td>
<td>94</td>
<td>195</td>
<td>27</td>
<td>0.003483</td>
<td>160137216</td>
</tr>
<tr>
<td>axtls__k5__q44.cnf</td>
<td>94</td>
<td>195</td>
<td>0</td>
<td>0.000399</td>
<td>UNSAT</td>
</tr>
<tr>
<td>axtls__k5__q45.cnf</td>
<td>94</td>
<td>195</td>
<td>33</td>
<td>0.003787</td>
<td>447226920960</td>
</tr>
<tr>
<td>axtls__k5__q46.cnf</td>
<td>94</td>
<td>195</td>
<td>29</td>
<td>0.003108</td>
<td>66376433664</td>
</tr>
<tr>
<td>axtls__k5__q47.cnf</td>
<td>94</td>
<td>195</td>
<td>33</td>
<td>0.003502</td>
<td>243389859840</td>
</tr>
<tr>
<td>axtls__k5__q48.cnf</td>
<td>94</td>
<td>195</td>
<td>0</td>
<td>0.000276</td>
<td>UNSAT</td>
</tr>
<tr>
<td>axtls__k5__q49.cnf</td>
<td>94</td>
<td>195</td>
<td>25</td>
<td>0.003244</td>
<td>151289856</td>
</tr>
<tr>
<td>axtls__k5__q0.cnf</td>
<td>94</td>
<td>195</td>
<td>38</td>
<td>0.004283</td>
<td>436488287744</td>
</tr>
<tr>
<td>axtls__k5__q1.cnf</td>
<td>94</td>
<td>195</td>
<td>27</td>
<td>0.004017</td>
<td>71007240192</td>
</tr>
<tr>
<td>axtls__k5__q2.cnf</td>
<td>94</td>
<td>195</td>
<td>32</td>
<td>0.00439</td>
<td>121696530432</td>
</tr>
<tr>
<td>axtls__k5__q4.cnf</td>
<td>94</td>
<td>195</td>
<td>28</td>
<td>0.003447</td>
<td>2677307968</td>
</tr>
<tr>
<td>axtls__k5__q5.cnf</td>
<td>94</td>
<td>195</td>
<td>44</td>
<td>0.00419</td>
<td>490727669760</td>
</tr>
<tr>
<td>axtls__k5__q6.cnf</td>
<td>94</td>
<td>195</td>
<td>32</td>
<td>0.003305</td>
<td>106724806656</td>
</tr>
<tr>
<td>axtls__k5__q7.cnf</td>
<td>94</td>
<td>195</td>
<td>24</td>
<td>0.003586</td>
<td>1003290624</td>
</tr>
<tr>
<td>axtls__k5__q8.cnf</td>
<td>94</td>
<td>195</td>
<td>23</td>
<td>0.003729</td>
<td>3694657536</td>
</tr>
<tr>
<td>axtls__k5__q9.cnf</td>
<td>94</td>
<td>195</td>
<td>0</td>
<td>0.000328</td>
<td>UNSAT</td>
</tr>
<tr>
<td>axtls__k5__q10.cnf</td>
<td>94</td>
<td>195</td>
<td>29</td>
<td>0.004777</td>
<td>2885059392</td>
</tr>
<tr>
<td>axtls__k5__q11.cnf</td>
<td>94</td>
<td>195</td>
<td>34</td>
<td>0.00373</td>
<td>1531385976</td>
</tr>
<tr>
<td>axtls__k5__q12.cnf</td>
<td>94</td>
<td>195</td>
<td>33</td>
<td>0.004045</td>
<td>221261180928</td>
</tr>
<tr>
<td>axtls__k5__q13.cnf</td>
<td>94</td>
<td>195</td>
<td>51</td>
<td>0.005242</td>
<td>44831320300</td>
</tr>
<tr>
<td>axtls__k5__q14.cnf</td>
<td>94</td>
<td>195</td>
<td>32</td>
<td>0.003654</td>
<td>26596823040</td>
</tr>
<tr>
<td>axtls__k5__q15.cnf</td>
<td>94</td>
<td>195</td>
<td>43</td>
<td>0.003792</td>
<td>75118196736</td>
</tr>
<tr>
<td>axtls__k5__q16.cnf</td>
<td>94</td>
<td>195</td>
<td>0</td>
<td>0.000288</td>
<td>UNSAT</td>
</tr>
<tr>
<td>axtls__k5__q17.cnf</td>
<td>94</td>
<td>195</td>
<td>0</td>
<td>0.000271</td>
<td>UNSAT</td>
</tr>
<tr>
<td>axtls__k5__q18.cnf</td>
<td>94</td>
<td>195</td>
<td>24</td>
<td>0.003303</td>
<td>104639496192</td>
</tr>
<tr>
<td>axtls__k5__q19.cnf</td>
<td>94</td>
<td>195</td>
<td>0</td>
<td>0.000345</td>
<td>UNSAT</td>
</tr>
<tr>
<td>axtls__k5__q20.cnf</td>
<td>94</td>
<td>195</td>
<td>0</td>
<td>0.000317</td>
<td>UNSAT</td>
</tr>
<tr>
<td>axtls__k5__q21.cnf</td>
<td>94</td>
<td>195</td>
<td>24</td>
<td>0.003721</td>
<td>399826944</td>
</tr>
<tr>
<td>axtls__k5__q22.cnf</td>
<td>94</td>
<td>195</td>
<td>29</td>
<td>0.003607</td>
<td>67623939072</td>
</tr>
<tr>
<td>axtls__k5__q23.cnf</td>
<td>94</td>
<td>195</td>
<td>50</td>
<td>0.00415</td>
<td>163506207744</td>
</tr>
<tr>
<td>axtls__k5__q24.cnf</td>
<td>94</td>
<td>195</td>
<td>49</td>
<td>0.004923</td>
<td>200210227200</td>
</tr>
<tr>
<td>axtls__k5__q25.cnf</td>
<td>94</td>
<td>195</td>
<td>33</td>
<td>0.003401</td>
<td>1321132032</td>
</tr>
<tr>
<td>axtls__k5__q26.cnf</td>
<td>94</td>
<td>195</td>
<td>0</td>
<td>0.000267</td>
<td>UNSAT</td>
</tr>
<tr>
<td>axtls__k5__q27.cnf</td>
<td>94</td>
<td>195</td>
<td>0</td>
<td>0.000292</td>
<td>UNSAT</td>
</tr>
<tr>
<td>axtls__k5__q28.cnf</td>
<td>94</td>
<td>195</td>
<td>33</td>
<td>0.003224</td>
<td>84552450048</td>
</tr>
<tr>
<td>axtls__k5__q29.cnf</td>
<td>94</td>
<td>195</td>
<td>0</td>
<td>0.000334</td>
<td>UNSAT</td>
</tr>
<tr>
<td>axtls__k5__q30.cnf</td>
<td>94</td>
<td>195</td>
<td>46</td>
<td>0.005303</td>
<td>59912331264</td>
</tr>
<tr>
<td>axtls__k5__q31.cnf</td>
<td>94</td>
<td>195</td>
<td>31</td>
<td>0.004191</td>
<td>322663907328</td>
</tr>
<tr>
<td>axtls__k5__q32.cnf</td>
<td>94</td>
<td>195</td>
<td>28</td>
<td>0.006166</td>
<td>39334182912</td>
</tr>
<tr>
<td>axtls__k5__q33.cnf</td>
<td>94</td>
<td>195</td>
<td>0</td>
<td>0.00044</td>
<td>UNSAT</td>
</tr>
<tr>
<td>axtls__k5__q34.cnf</td>
<td>94</td>
<td>195</td>
<td>32</td>
<td>0.004767</td>
<td>317663969280</td>
</tr>
<tr>
<td>axtls__k5__q35.cnf</td>
<td>94</td>
<td>195</td>
<td>44</td>
<td>0.005694</td>
<td>29956165632</td>
</tr>
<tr>
<td>axtls__k5__q36.cnf</td>
<td>94</td>
<td>195</td>
<td>19</td>
<td>0.004371</td>
<td>18345885696</td>
</tr>
<tr>
<td>axtls__k5__q38.cnf</td>
<td>94</td>
<td>195</td>
<td>32</td>
<td>0.004186</td>
<td>519477952</td>
</tr>
<tr>
<td>axtls__k5__q39.cnf</td>
<td>94</td>
<td>195</td>
<td>38</td>
<td>0.004523</td>
<td>978309218304</td>
</tr>
<tr>
<td>axtls__k5__q40.cnf</td>
<td>94</td>
<td>195</td>
<td>0</td>
<td>0.000335</td>
<td>UNSAT</td>
</tr>
<tr>
<td>axtls__k5__q41.cnf</td>
<td>94</td>
<td>195</td>
<td>0</td>
<td>0.000295</td>
<td>UNSAT</td>
</tr>
<tr>
<td>axtls__k5__q42.cnf</td>
<td>94</td>
<td>195</td>
<td>29</td>
<td>0.004018</td>
<td>55901159424</td>
</tr>
<tr>
<td>axtls__k5__q43.cnf</td>
<td>94</td>
<td>195</td>
<td>27</td>
<td>0.003592</td>
<td>160137216</td>
</tr>
<tr>
<td>axtls__k5__q44.cnf</td>
<td>94</td>
<td>195</td>
<td>0</td>
<td>0.000334</td>
<td>UNSAT</td>
</tr>
<tr>
<td>axtls__k5__q45.cnf</td>
<td>94</td>
<td>195</td>
<td>33</td>
<td>0.004606</td>
<td>447226920960</td>
</tr>
<tr>
<td>axtls__k5__q46.cnf</td>
<td>94</td>
<td>195</td>
<td>29</td>
<td>0.004667</td>
<td>66376433664</td>
</tr>
<tr>
<td>axtls__k5__q47.cnf</td>
<td>94</td>
<td>195</td>
<td>33</td>
<td>0.003917</td>
<td>243389859840</td>
</tr>
<tr>
<td>axtls__k5__q48.cnf</td>
<td>94</td>
<td>195</td>
<td>0</td>
<td>0.000443</td>
<td>UNSAT</td>
</tr>
<tr>
<td>axtls__k5__q49.cnf</td>
<td>94</td>
<td>195</td>
<td>25</td>
<td>0.005528</td>
<td>151289856</td>
</tr>
<tr>
<td>axtls__k5__q0.cnf</td>
<td>94</td>
<td>195</td>
<td>38</td>
<td>0.007161</td>
<td>436488287744</td>
</tr>
<tr>
<td>axtls__k5__q1.cnf</td>
<td>94</td>
<td>195</td>
<td>27</td>
<td>0.005546</td>
<td>71007240192</td>
</tr>
<tr>
<td>axtls__k5__q2.cnf</td>
<td>94</td>
<td>195</td>
<td>32</td>
<td>0.005685</td>
<td>121696530432</td>
</tr>
<tr>
<td>axtls__k5__q4.cnf</td>
<td>94</td>
<td>195</td>
<td>28</td>
<td>0.004052</td>
<td>2677307968</td>
</tr>
<tr>
<td>axtls__k5__q5.cnf</td>
<td>94</td>
<td>195</td>
<td>44</td>
<td>0.004021</td>
<td>490727669760</td>
</tr>
<tr>
<td>axtls__k5__q6.cnf</td>
<td>94</td>
<td>195</td>
<td>32</td>
<td>0.004198</td>
<td>106724806656</td>
</tr>
<tr>
<td>axtls__k5__q7.cnf</td>
<td>94</td>
<td>195</td>
<td>24</td>
<td>0.00393</td>
<td>1003290624</td>
</tr>
<tr>
<td>axtls__k5__q8.cnf</td>
<td>94</td>
<td>195</td>
<td>23</td>
<td>0.00333</td>
<td>3694657536</td>
</tr>
<tr>
<td>axtls__k5__q9.cnf</td>
<td>94</td>
<td>195</td>
<td>0</td>
<td>0.000301</td>
<td>UNSAT</td>
</tr>
<tr>
<td>axtls__k5__q10.cnf</td>
<td>94</td>
<td>195</td>
<td>29</td>
<td>0.003965</td>
<td>2885059392</td>
</tr>
<tr>
<td>axtls__k5__q11.cnf</td>
<td>94</td>
<td>195</td>
<td>34</td>
<td>0.005263</td>
<td>1531385976</td>
</tr>
<tr>
<td>axtls__k5__q12.cnf</td>
<td>94</td>
<td>195</td>
<td>33</td>
<td>0.004755</td>
<td>221261180928</td>
</tr>
<tr>
<td>axtls__k5__q13.cnf</td>
<td>94</td>
<td>195</td>
<td>51</td>
<td>0.005804</td>
<td>44831320300</td>
</tr>
<tr>
<td>axtls__k5__q14.cnf</td>
<td>94</td>
<td>195</td>
<td>32</td>
<td>0.004337</td>
<td>26596823040</td>
</tr>
<tr>
<td>axtls__k5__q15.cnf</td>
<td>94</td>
<td>195</td>
<td>43</td>
<td>0.004589</td>
<td>75118196736</td>
</tr>
<tr>
<td>axtls__k5__q16.cnf</td>
<td>94</td>
<td>195</td>
<td>0</td>
<td>0.000376</td>
<td>UNSAT</td>
</tr>
<tr>
<td>axtls__k5__q17.cnf</td>
<td>94</td>
<td>195</td>
<td>0</td>
<td>0.000332</td>
<td>UNSAT</td>
</tr>
<tr>
<td>axtls__k5__q18.cnf</td>
<td>94</td>
<td>195</td>
<td>24</td>
<td>0.003142</td>
<td>104639496192</td>
</tr>
<tr>
<td>axtls__k5__q19.cnf</td>
<td>94</td>
<td>195</td>
<td>0</td>
<td>0.000282</td>
<td>UNSAT</td>
</tr>
<tr>
<td>axtls__k5__q20.cnf</td>
<td>94</td>
<td>195</td>
<td>0</td>
<td>0.000274</td>
<td>UNSAT</td>
</tr>
<tr>
<td>axtls__k5__q21.cnf</td>
<td>94</td>
<td>195</td>
<td>24</td>
<td>0.003099</td>
<td>399826944</td>
</tr>
<tr>
<td>axtls__k5__q22.cnf</td>
<td>94</td>
<td>195</td>
<td>29</td>
<td>0.004469</td>
<td>67623939072</td>
</tr>
<tr>
<td>axtls__k5__q23.cnf</td>
<td>94</td>
<td>195</td>
<td>50</td>
<td>0.003825</td>
<td>163506207744</td>
</tr>
<tr>
<td>axtls__k5__q24.cnf</td>
<td>94</td>
<td>195</td>
<td>49</td>
<td>0.003736</td>
<td>200210227200</td>
</tr>
<tr>
<td>axtls__k5__q25.cnf</td>
<td>94</td>
<td>195</td>
<td>33</td>
<td>0.003296</td>
<td>1321132032</td>
</tr>
<tr>
<td>axtls__k5__q26.cnf</td>
<td>94</td>
<td>195</td>
<td>0</td>
<td>0.000283</td>
<td>UNSAT</td>
</tr>
<tr>
<td>axtls__k5__q27.cnf</td>
<td>94</td>
<td>195</td>
<td>0</td>
<td>0.00027</td>
<td>UNSAT</td>
</tr>
<tr>
<td>axtls__k5__q28.cnf</td>
<td>94</td>
<td>195</td>
<td>33</td>
<td>0.003361</td>
<td>84552450048</td>
</tr>
<tr>
<td>axtls__k5__q29.cnf</td>
<td>94</td>
<td>195</td>
<td>0</td>
<td>0.000272</td>
<td>UNSAT</td>
</tr>
<tr>
<td>axtls__k5__q30.cnf</td>
<td>94</td>
<td>195</td>
<td>46</td>
<td>0.003745</td>
<td>59912331264</td>
</tr>
<tr>
<td>axtls__k5__q31.cnf</td>
<td>94</td>
<td>195</td>
<td>31</td>
<td>0.003255</td>
<td>322663907328</td>
</tr>
<tr>
<td>axtls__k5__q32.cnf</td>
<td>94</td>
<td>195</td>
<td>28</td>
<td>0.003317</td>
<td>39334182912</td>
</tr>
<tr>
<td>axtls__k5__q33.cnf</td>
<td>94</td>
<td>195</td>
<td>0</td>
<td>0.000296</td>
<td>UNSAT</td>
</tr>
<tr>
<td>axtls__k5__q34.cnf</td>
<td>94</td>
<td>195</td>
<td>32</td>
<td>0.003448</td>
<td>317663969280</td>
</tr>
<tr>
<td>axtls__k5__q35.cnf</td>
<td>94</td>
<td>195</td>
<td>44</td>
<td>0.003702</td>
<td>29956165632</td>
</tr>
<tr>
<td>axtls__k5__q36.cnf</td>
<td>94</td>
<td>195</td>
<td>19</td>
<td>0.003074</td>
<td>18345885696</td>
</tr>
<tr>
<td>axtls__k5__q38.cnf</td>
<td>94</td>
<td>195</td>
<td>32</td>
<td>0.0037</td>
<td>519477952</td>
</tr>
<tr>
<td>axtls__k5__q39.cnf</td>
<td>94</td>
<td>195</td>
<td>38</td>
<td>0.003479</td>
<td>978309218304</td>
</tr>
<tr>
<td>axtls__k5__q40.cnf</td>
<td>94</td>
<td>195</td>
<td>0</td>
<td>0.000285</td>
<td>UNSAT</td>
</tr>
<tr>
<td>axtls__k5__q41.cnf</td>
<td>94</td>
<td>195</td>
<td>0</td>
<td>0.000424</td>
<td>UNSAT</td>
</tr>
<tr>
<td>axtls__k5__q42.cnf</td>
<td>94</td>
<td>195</td>
<td>29</td>
<td>0.003076</td>
<td>55901159424</td>
</tr>
<tr>
<td>axtls__k5__q43.cnf</td>
<td>94</td>
<td>195</td>
<td>27</td>
<td>0.003227</td>
<td>160137216</td>
</tr>
<tr>
<td>axtls__k5__q44.cnf</td>
<td>94</td>
<td>195</td>
<td>0</td>
<td>0.000274</td>
<td>UNSAT</td>
</tr>
<tr>
<td>axtls__k5__q45.cnf</td>
<td>94</td>
<td>195</td>
<td>33</td>
<td>0.003773</td>
<td>447226920960</td>
</tr>
<tr>
<td>axtls__k5__q46.cnf</td>
<td>94</td>
<td>195</td>
<td>29</td>
<td>0.004555</td>
<td>66376433664</td>
</tr>
<tr>
<td>axtls__k5__q47.cnf</td>
<td>94</td>
<td>195</td>
<td>33</td>
<td>0.005679</td>
<td>243389859840</td>
</tr>
<tr>
<td>axtls__k5__q48.cnf</td>
<td>94</td>
<td>195</td>
<td>0</td>
<td>0.000444</td>
<td>UNSAT</td>
</tr>
<tr>
<td>axtls__k5__q49.cnf</td>
<td>94</td>
<td>195</td>
<td>25</td>
<td>0.004776</td>
<td>151289856</td>
</tr>
<tr>
<td>axtls__k5__q0.cnf</td>
<td>94</td>
<td>195</td>
<td>38</td>
<td>0.006184</td>
<td>436488287744</td>
</tr>
<tr>
<td>axtls__k5__q1.cnf</td>
<td>94</td>
<td>195</td>
<td>27</td>
<td>0.004724</td>
<td>71007240192</td>
</tr>
<tr>
<td>axtls__k5__q2.cnf</td>
<td>94</td>
<td>195</td>
<td>32</td>
<td>0.004366</td>
<td>121696530432</td>
</tr>
<tr>
<td>axtls__k5__q4.cnf</td>
<td>94</td>
<td>195</td>
<td>28</td>
<td>0.003807</td>
<td>2677307968</td>
</tr>
<tr>
<td>axtls__k5__q5.cnf</td>
<td>94</td>
<td>195</td>
<td>44</td>
<td>0.004693</td>
<td>490727669760</td>
</tr>
<tr>
<td>axtls__k5__q6.cnf</td>
<td>94</td>
<td>195</td>
<td>32</td>
<td>0.003249</td>
<td>106724806656</td>
</tr>
<tr>
<td>axtls__k5__q7.cnf</td>
<td>94</td>
<td>195</td>
<td>24</td>
<td>0.003348</td>
<td>1003290624</td>
</tr>
<tr>
<td>axtls__k5__q8.cnf</td>
<td>94</td>
<td>195</td>
<td>23</td>
<td>0.00307</td>
<td>3694657536</td>
</tr>
<tr>
<td>axtls__k5__q9.cnf</td>
<td>94</td>
<td>195</td>
<td>0</td>
<td>0.000277</td>
<td>UNSAT</td>
</tr>
<tr>
<td>axtls__k5__q10.cnf</td>
<td>94</td>
<td>195</td>
<td>29</td>
<td>0.003461</td>
<td>2885059392</td>
</tr>
<tr>
<td>axtls__k5__q11.cnf</td>
<td>94</td>
<td>195</td>
<td>34</td>
<td>0.003777</td>
<td>1531385976</td>
</tr>
<tr>
<td>axtls__k5__q12.cnf</td>
<td>94</td>
<td>195</td>
<td>33</td>
<td>0.003995</td>
<td>221261180928</td>
</tr>
<tr>
<td>axtls__k5__q13.cnf</td>
<td>94</td>
<td>195</td>
<td>51</td>
<td>0.005159</td>
<td>44831320300</td>
</tr>
<tr>
<td>axtls__k5__q14.cnf</td>
<td>94</td>
<td>195</td>
<td>32</td>
<td>0.003821</td>
<td>26596823040</td>
</tr>
<tr>
<td>axtls__k5__q15.cnf</td>
<td>94</td>
<td>195</td>
<td>43</td>
<td>0.004224</td>
<td>75118196736</td>
</tr>
<tr>
<td>axtls__k5__q16.cnf</td>
<td>94</td>
<td>195</td>
<td>0</td>
<td>0.000317</td>
<td>UNSAT</td>
</tr>
<tr>
<td>axtls__k5__q17.cnf</td>
<td>94</td>
<td>195</td>
<td>0</td>
<td>0.000363</td>
<td>UNSAT</td>
</tr>
<tr>
<td>axtls__k5__q18.cnf</td>
<td>94</td>
<td>195</td>
<td>24</td>
<td>0.004726</td>
<td>104639496192</td>
</tr>
<tr>
<td>axtls__k5__q19.cnf</td>
<td>94</td>
<td>195</td>
<td>0</td>
<td>0.000441</td>
<td>UNSAT</td>
</tr>
<tr>
<td>axtls__k5__q20.cnf</td>
<td>94</td>
<td>195</td>
<td>0</td>
<td>0.000523</td>
<td>UNSAT</td>
</tr>
<tr>
<td>axtls__k5__q21.cnf</td>
<td>94</td>
<td>195</td>
<td>24</td>
<td>0.005578</td>
<td>399826944</td>
</tr>
<tr>
<td>axtls__k5__q22.cnf</td>
<td>94</td>
<td>195</td>
<td>29</td>
<td>0.005151</td>
<td>67623939072</td>
</tr>
<tr>
<td>axtls__k5__q23.cnf</td>
<td>94</td>
<td>195</td>
<td>50</td>
<td>0.004478</td>
<td>163506207744</td>
</tr>
<tr>
<td>axtls__k5__q24.cnf</td>
<td>94</td>
<td>195</td>
<td>49</td>
<td>0.004269</td>
<td>200210227200</td>
</tr>
<tr>
<td>axtls__k5__q25.cnf</td>
<td>94</td>
<td>195</td>
<td>33</td>
<td>0.004328</td>
<td>1321132032</td>
</tr>
<tr>
<td>axtls__k5__q26.cnf</td>
<td>94</td>
<td>195</td>
<td>0</td>
<td>0.000296</td>
<td>UNSAT</td>
</tr>
<tr>
<td>axtls__k5__q27.cnf</td>
<td>94</td>
<td>195</td>
<td>0</td>
<td>0.00028</td>
<td>UNSAT</td>
</tr>
<tr>
<td>axtls__k5__q28.cnf</td>
<td>94</td>
<td>195</td>
<td>33</td>
<td>0.004268</td>
<td>84552450048</td>
</tr>
<tr>
<td>axtls__k5__q29.cnf</td>
<td>94</td>
<td>195</td>
<td>0</td>
<td>0.000359</td>
<td>UNSAT</td>
</tr>
<tr>
<td>axtls__k5__q30.cnf</td>
<td>94</td>
<td>195</td>
<td>46</td>
<td>0.004574</td>
<td>59912331264</td>
</tr>
<tr>
<td>axtls__k5__q31.cnf</td>
<td>94</td>
<td>195</td>
<td>31</td>
<td>0.004247</td>
<td>322663907328</td>
</tr>
<tr>
<td>axtls__k5__q32.cnf</td>
<td>94</td>
<td>195</td>
<td>28</td>
<td>0.004667</td>
<td>39334182912</td>
</tr>
<tr>
<td>axtls__k5__q33.cnf</td>
<td>94</td>
<td>195</td>
<td>0</td>
<td>0.000472</td>
<td>UNSAT</td>
</tr>
<tr>
<td>axtls__k5__q34.cnf</td>
<td>94</td>
<td>195</td>
<td>32</td>
<td>0.00449</td>
<td>317663969280</td>
</tr>
<tr>
<td>axtls__k5__q35.cnf</td>
<td>94</td>
<td>195</td>
<td>44</td>
<td>0.004276</td>
<td>29956165632</td>
</tr>
<tr>
<td>axtls__k5__q36.cnf</td>
<td>94</td>
<td>195</td>
<td>19</td>
<td>0.002925</td>
<td>18345885696</td>
</tr>
<tr>
<td>axtls__k5__q38.cnf</td>
<td>94</td>
<td>195</td>
<td>32</td>
<td>0.003484</td>
<td>519477952</td>
</tr>
<tr>
<td>axtls__k5__q39.cnf</td>
<td>94</td>
<td>195</td>
<td>38</td>
<td>0.003488</td>
<td>978309218304</td>
</tr>
<tr>
<td>axtls__k5__q40.cnf</td>
<td>94</td>
<td>195</td>
<td>0</td>
<td>0.000282</td>
<td>UNSAT</td>
</tr>
<tr>
<td>axtls__k5__q41.cnf</td>
<td>94</td>
<td>195</td>
<td>0</td>
<td>0.000276</td>
<td>UNSAT</td>
</tr>
<tr>
<td>axtls__k5__q42.cnf</td>
<td>94</td>
<td>195</td>
<td>29</td>
<td>0.003123</td>
<td>55901159424</td>
</tr>
<tr>
<td>axtls__k5__q43.cnf</td>
<td>94</td>
<td>195</td>
<td>27</td>
<td>0.002969</td>
<td>160137216</td>
</tr>
<tr>
<td>axtls__k5__q44.cnf</td>
<td>94</td>
<td>195</td>
<td>0</td>
<td>0.00027</td>
<td>UNSAT</td>
</tr>
<tr>
<td>axtls__k5__q45.cnf</td>
<td>94</td>
<td>195</td>
<td>33</td>
<td>0.003439</td>
<td>447226920960</td>
</tr>
<tr>
<td>axtls__k5__q46.cnf</td>
<td>94</td>
<td>195</td>
<td>29</td>
<td>0.003103</td>
<td>66376433664</td>
</tr>
<tr>
<td>axtls__k5__q47.cnf</td>
<td>94</td>
<td>195</td>
<td>33</td>
<td>0.003751</td>
<td>243389859840</td>
</tr>
<tr>
<td>axtls__k5__q48.cnf</td>
<td>94</td>
<td>195</td>
<td>0</td>
<td>0.000315</td>
<td>UNSAT</td>
</tr>
<tr>
<td>axtls__k5__q49.cnf</td>
<td>94</td>
<td>195</td>
<td>25</td>
<td>0.003738</td>
<td>151289856</td>
</tr>
<tr>
<td>axtls__k5__q0.cnf</td>
<td>94</td>
<td>195</td>
<td>38</td>
<td>0.0048</td>
<td>436488287744</td>
</tr>
<tr>
<td>axtls__k5__q1.cnf</td>
<td>94</td>
<td>195</td>
<td>27</td>
<td>0.003626</td>
<td>71007240192</td>
</tr>
<tr>
<td>axtls__k5__q2.cnf</td>
<td>94</td>
<td>195</td>
<td>32</td>
<td>0.003463</td>
<td>121696530432</td>
</tr>
<tr>
<td>axtls__k5__q4.cnf</td>
<td>94</td>
<td>195</td>
<td>28</td>
<td>0.00347</td>
<td>2677307968</td>
</tr>
<tr>
<td>axtls__k5__q5.cnf</td>
<td>94</td>
<td>195</td>
<td>44</td>
<td>0.004063</td>
<td>490727669760</td>
</tr>
<tr>
<td>axtls__k5__q6.cnf</td>
<td>94</td>
<td>195</td>
<td>32</td>
<td>0.003193</td>
<td>106724806656</td>
</tr>
<tr>
<td>axtls__k5__q7.cnf</td>
<td>94</td>
<td>195</td>
<td>24</td>
<td>0.003286</td>
<td>1003290624</td>
</tr>
<tr>
<td>axtls__k5__q8.cnf</td>
<td>94</td>
<td>195</td>
<td>23</td>
<td>0.004189</td>
<td>3694657536</td>
</tr>
<tr>
<td>axtls__k5__q9.cnf</td>
<td>94</td>
<td>195</td>
<td>0</td>
<td>0.000477</td>
<td>UNSAT</td>
</tr>
<tr>
<td>axtls__k5__q10.cnf</td>
<td>94</td>
<td>195</td>
<td>29</td>
<td>0.005313</td>
<td>2885059392</td>
</tr>
<tr>
<td>axtls__k5__q11.cnf</td>
<td>94</td>
<td>195</td>
<td>34</td>
<td>0.003678</td>
<td>1531385976</td>
</tr>
<tr>
<td>axtls__k5__q12.cnf</td>
<td>94</td>
<td>195</td>
<td>33</td>
<td>0.003226</td>
<td>221261180928</td>
</tr>
<tr>
<td>axtls__k5__q13.cnf</td>
<td>94</td>
<td>195</td>
<td>51</td>
<td>0.004325</td>
<td>44831320300</td>
</tr>
<tr>
<td>axtls__k5__q14.cnf</td>
<td>94</td>
<td>195</td>
<td>32</td>
<td>0.003452</td>
<td>26596823040</td>
</tr>
<tr>
<td>axtls__k5__q15.cnf</td>
<td>94</td>
<td>195</td>
<td>43</td>
<td>0.00361</td>
<td>75118196736</td>
</tr>
<tr>
<td>axtls__k5__q16.cnf</td>
<td>94</td>
<td>195</td>
<td>0</td>
<td>0.000288</td>
<td>UNSAT</td>
</tr>
<tr>
<td>axtls__k5__q17.cnf</td>
<td>94</td>
<td>195</td>
<td>0</td>
<td>0.000321</td>
<td>UNSAT</td>
</tr>
<tr>
<td>axtls__k5__q18.cnf</td>
<td>94</td>
<td>195</td>
<td>24</td>
<td>0.003857</td>
<td>104639496192</td>
</tr>
<tr>
<td>axtls__k5__q19.cnf</td>
<td>94</td>
<td>195</td>
<td>0</td>
<td>0.000345</td>
<td>UNSAT</td>
</tr>
<tr>
<td>axtls__k5__q20.cnf</td>
<td>94</td>
<td>195</td>
<td>0</td>
<td>0.000354</td>
<td>UNSAT</td>
</tr>
<tr>
<td>axtls__k5__q21.cnf</td>
<td>94</td>
<td>195</td>
<td>24</td>
<td>0.00377</td>
<td>399826944</td>
</tr>
<tr>
<td>axtls__k5__q22.cnf</td>
<td>94</td>
<td>195</td>
<td>29</td>
<td>0.004147</td>
<td>67623939072</td>
</tr>
<tr>
<td>axtls__k5__q23.cnf</td>
<td>94</td>
<td>195</td>
<td>50</td>
<td>0.004664</td>
<td>163506207744</td>
</tr>
<tr>
<td>axtls__k5__q24.cnf</td>
<td>94</td>
<td>195</td>
<td>49</td>
<td>0.003698</td>
<td>200210227200</td>
</tr>
<tr>
<td>axtls__k5__q25.cnf</td>
<td>94</td>
<td>195</td>
<td>33</td>
<td>0.003174</td>
<td>1321132032</td>
</tr>
<tr>
<td>axtls__k5__q26.cnf</td>
<td>94</td>
<td>195</td>
<td>0</td>
<td>0.000291</td>
<td>UNSAT</td>
</tr>
<tr>
<td>axtls__k5__q27.cnf</td>
<td>94</td>
<td>195</td>
<td>0</td>
<td>0.000282</td>
<td>UNSAT</td>
</tr>
<tr>
<td>axtls__k5__q28.cnf</td>
<td>94</td>
<td>195</td>
<td>33</td>
<td>0.003381</td>
<td>84552450048</td>
</tr>
<tr>
<td>axtls__k5__q29.cnf</td>
<td>94</td>
<td>195</td>
<td>0</td>
<td>0.000294</td>
<td>UNSAT</td>
</tr>
<tr>
<td>axtls__k5__q30.cnf</td>
<td>94</td>
<td>195</td>
<td>46</td>
<td>0.003792</td>
<td>59912331264</td>
</tr>
<tr>
<td>axtls__k5__q31.cnf</td>
<td>94</td>
<td>195</td>
<td>31</td>
<td>0.003302</td>
<td>322663907328</td>
</tr>
<tr>
<td>axtls__k5__q32.cnf</td>
<td>94</td>
<td>195</td>
<td>28</td>
<td>0.003237</td>
<td>39334182912</td>
</tr>
<tr>
<td>axtls__k5__q33.cnf</td>
<td>94</td>
<td>195</td>
<td>0</td>
<td>0.000337</td>
<td>UNSAT</td>
</tr>
<tr>
<td>axtls__k5__q34.cnf</td>
<td>94</td>
<td>195</td>
<td>32</td>
<td>0.003238</td>
<td>317663969280</td>
</tr>
<tr>
<td>axtls__k5__q35.cnf</td>
<td>94</td>
<td>195</td>
<td>44</td>
<td>0.004353</td>
<td>29956165632</td>
</tr>
<tr>
<td>axtls__k5__q36.cnf</td>
<td>94</td>
<td>195</td>
<td>19</td>
<td>0.003048</td>
<td>18345885696</td>
</tr>
<tr>
<td>axtls__k5__q38.cnf</td>
<td>94</td>
<td>195</td>
<td>32</td>
<td>0.003402</td>
<td>519477952</td>
</tr>
<tr>
<td>axtls__k5__q39.cnf</td>
<td>94</td>
<td>195</td>
<td>38</td>
<td>0.00339</td>
<td>978309218304</td>
</tr>
<tr>
<td>axtls__k5__q40.cnf</td>
<td>94</td>
<td>195</td>
<td>0</td>
<td>0.000286</td>
<td>UNSAT</td>
</tr>
<tr>
<td>axtls__k5__q41.cnf</td>
<td>94</td>
<td>195</td>
<td>0</td>
<td>0.000284</td>
<td>UNSAT</td>
</tr>
<tr>
<td>axtls__k5__q42.cnf</td>
<td>94</td>
<td>195</td>
<td>29</td>
<td>0.003236</td>
<td>55901159424</td>
</tr>
<tr>
<td>axtls__k5__q43.cnf</td>
<td>94</td>
<td>195</td>
<td>27</td>
<td>0.003174</td>
<td>160137216</td>
</tr>
<tr>
<td>axtls__k5__q44.cnf</td>
<td>94</td>
<td>195</td>
<td>0</td>
<td>0.000331</td>
<td>UNSAT</td>
</tr>
<tr>
<td>axtls__k5__q45.cnf</td>
<td>94</td>
<td>195</td>
<td>33</td>
<td>0.003425</td>
<td>447226920960</td>
</tr>
<tr>
<td>axtls__k5__q46.cnf</td>
<td>94</td>
<td>195</td>
<td>29</td>
<td>0.003253</td>
<td>66376433664</td>
</tr>
<tr>
<td>axtls__k5__q47.cnf</td>
<td>94</td>
<td>195</td>
<td>33</td>
<td>0.003242</td>
<td>243389859840</td>
</tr>
<tr>
<td>axtls__k5__q48.cnf</td>
<td>94</td>
<td>195</td>
<td>0</td>
<td>0.000289</td>
<td>UNSAT</td>
</tr>
<tr>
<td>axtls__k5__q49.cnf</td>
<td>94</td>
<td>195</td>
<td>25</td>
<td>0.003447</td>
<td>151289856</td>
</tr>
<tr>
<td>axtls__k5__q0.cnf</td>
<td>94</td>
<td>195</td>
<td>38</td>
<td>0.004182</td>
<td>436488287744</td>
</tr>
<tr>
<td>axtls__k5__q1.cnf</td>
<td>94</td>
<td>195</td>
<td>27</td>
<td>0.003181</td>
<td>71007240192</td>
</tr>
<tr>
<td>axtls__k5__q2.cnf</td>
<td>94</td>
<td>195</td>
<td>32</td>
<td>0.003408</td>
<td>121696530432</td>
</tr>
<tr>
<td>axtls__k5__q4.cnf</td>
<td>94</td>
<td>195</td>
<td>28</td>
<td>0.003325</td>
<td>2677307968</td>
</tr>
<tr>
<td>axtls__k5__q5.cnf</td>
<td>94</td>
<td>195</td>
<td>44</td>
<td>0.004118</td>
<td>490727669760</td>
</tr>
<tr>
<td>axtls__k5__q6.cnf</td>
<td>94</td>
<td>195</td>
<td>32</td>
<td>0.003298</td>
<td>106724806656</td>
</tr>
<tr>
<td>axtls__k5__q7.cnf</td>
<td>94</td>
<td>195</td>
<td>24</td>
<td>0.003302</td>
<td>1003290624</td>
</tr>
<tr>
<td>axtls__k5__q8.cnf</td>
<td>94</td>
<td>195</td>
<td>23</td>
<td>0.002995</td>
<td>3694657536</td>
</tr>
<tr>
<td>axtls__k5__q9.cnf</td>
<td>94</td>
<td>195</td>
<td>0</td>
<td>0.000271</td>
<td>UNSAT</td>
</tr>
<tr>
<td>axtls__k5__q10.cnf</td>
<td>94</td>
<td>195</td>
<td>29</td>
<td>0.003611</td>
<td>2885059392</td>
</tr>
<tr>
<td>axtls__k5__q11.cnf</td>
<td>94</td>
<td>195</td>
<td>34</td>
<td>0.003608</td>
<td>1531385976</td>
</tr>
<tr>
<td>axtls__k5__q12.cnf</td>
<td>94</td>
<td>195</td>
<td>33</td>
<td>0.003371</td>
<td>221261180928</td>
</tr>
<tr>
<td>axtls__k5__q13.cnf</td>
<td>94</td>
<td>195</td>
<td>51</td>
<td>0.005804</td>
<td>44831320300</td>
</tr>
<tr>
<td>axtls__k5__q14.cnf</td>
<td>94</td>
<td>195</td>
<td>32</td>
<td>0.003587</td>
<td>26596823040</td>
</tr>
<tr>
<td>axtls__k5__q15.cnf</td>
<td>94</td>
<td>195</td>
<td>43</td>
<td>0.004287</td>
<td>75118196736</td>
</tr>
<tr>
<td>axtls__k5__q16.cnf</td>
<td>94</td>
<td>195</td>
<td>0</td>
<td>0.000447</td>
<td>UNSAT</td>
</tr>
<tr>
<td>axtls__k5__q17.cnf</td>
<td>94</td>
<td>195</td>
<td>0</td>
<td>0.00042</td>
<td>UNSAT</td>
</tr>
<tr>
<td>axtls__k5__q18.cnf</td>
<td>94</td>
<td>195</td>
<td>24</td>
<td>0.005812</td>
<td>104639496192</td>
</tr>
<tr>
<td>axtls__k5__q19.cnf</td>
<td>94</td>
<td>195</td>
<td>0</td>
<td>0.000569</td>
<td>UNSAT</td>
</tr>
<tr>
<td>axtls__k5__q20.cnf</td>
<td>94</td>
<td>195</td>
<td>0</td>
<td>0.000474</td>
<td>UNSAT</td>
</tr>
<tr>
<td>axtls__k5__q21.cnf</td>
<td>94</td>
<td>195</td>
<td>24</td>
<td>0.006565</td>
<td>399826944</td>
</tr>
<tr>
<td>axtls__k5__q22.cnf</td>
<td>94</td>
<td>195</td>
<td>29</td>
<td>0.01022</td>
<td>67623939072</td>
</tr>
<tr>
<td>axtls__k5__q23.cnf</td>
<td>94</td>
<td>195</td>
<td>50</td>
<td>0.010642</td>
<td>163506207744</td>
</tr>
<tr>
<td>axtls__k5__q24.cnf</td>
<td>94</td>
<td>195</td>
<td>49</td>
<td>0.012052</td>
<td>200210227200</td>
</tr>
<tr>
<td>axtls__k5__q25.cnf</td>
<td>94</td>
<td>195</td>
<td>33</td>
<td>0.006255</td>
<td>1321132032</td>
</tr>
<tr>
<td>axtls__k5__q26.cnf</td>
<td>94</td>
<td>195</td>
<td>0</td>
<td>0.000312</td>
<td>UNSAT</td>
</tr>
<tr>
<td>axtls__k5__q27.cnf</td>
<td>94</td>
<td>195</td>
<td>0</td>
<td>0.00028</td>
<td>UNSAT</td>
</tr>
<tr>
<td>axtls__k5__q28.cnf</td>
<td>94</td>
<td>195</td>
<td>33</td>
<td>0.003714</td>
<td>84552450048</td>
</tr>
<tr>
<td>axtls__k5__q29.cnf</td>
<td>94</td>
<td>195</td>
<td>0</td>
<td>0.000289</td>
<td>UNSAT</td>
</tr>
<tr>
<td>axtls__k5__q30.cnf</td>
<td>94</td>
<td>195</td>
<td>46</td>
<td>0.005713</td>
<td>59912331264</td>
</tr>
<tr>
<td>axtls__k5__q31.cnf</td>
<td>94</td>
<td>195</td>
<td>31</td>
<td>0.006511</td>
<td>322663907328</td>
</tr>
<tr>
<td>axtls__k5__q32.cnf</td>
<td>94</td>
<td>195</td>
<td>28</td>
<td>0.004966</td>
<td>39334182912</td>
</tr>
<tr>
<td>axtls__k5__q33.cnf</td>
<td>94</td>
<td>195</td>
<td>0</td>
<td>0.00031</td>
<td>UNSAT</td>
</tr>
<tr>
<td>axtls__k5__q34.cnf</td>
<td>94</td>
<td>195</td>
<td>32</td>
<td>0.005006</td>
<td>317663969280</td>
</tr>
<tr>
<td>axtls__k5__q35.cnf</td>
<td>94</td>
<td>195</td>
<td>44</td>
<td>0.006206</td>
<td>29956165632</td>
</tr>
<tr>
<td>axtls__k5__q36.cnf</td>
<td>94</td>
<td>195</td>
<td>19</td>
<td>0.004436</td>
<td>18345885696</td>
</tr>
<tr>
<td>axtls__k5__q38.cnf</td>
<td>94</td>
<td>195</td>
<td>32</td>
<td>0.00449</td>
<td>519477952</td>
</tr>
<tr>
<td>axtls__k5__q39.cnf</td>
<td>94</td>
<td>195</td>
<td>38</td>
<td>0.005431</td>
<td>978309218304</td>
</tr>
<tr>
<td>axtls__k5__q40.cnf</td>
<td>94</td>
<td>195</td>
<td>0</td>
<td>0.000373</td>
<td>UNSAT</td>
</tr>
<tr>
<td>axtls__k5__q41.cnf</td>
<td>94</td>
<td>195</td>
<td>0</td>
<td>0.000362</td>
<td>UNSAT</td>
</tr>
<tr>
<td>axtls__k5__q42.cnf</td>
<td>94</td>
<td>195</td>
<td>29</td>
<td>0.004081</td>
<td>55901159424</td>
</tr>
<tr>
<td>axtls__k5__q43.cnf</td>
<td>94</td>
<td>195</td>
<td>27</td>
<td>0.003698</td>
<td>160137216</td>
</tr>
<tr>
<td>axtls__k5__q44.cnf</td>
<td>94</td>
<td>195</td>
<td>0</td>
<td>0.000572</td>
<td>UNSAT</td>
</tr>
<tr>
<td>axtls__k5__q45.cnf</td>
<td>94</td>
<td>195</td>
<td>33</td>
<td>0.004993</td>
<td>447226920960</td>
</tr>
<tr>
<td>axtls__k5__q46.cnf</td>
<td>94</td>
<td>195</td>
<td>29</td>
<td>0.003708</td>
<td>66376433664</td>
</tr>
<tr>
<td>axtls__k5__q47.cnf</td>
<td>94</td>
<td>195</td>
<td>33</td>
<td>0.004088</td>
<td>243389859840</td>
</tr>
<tr>
<td>axtls__k5__q48.cnf</td>
<td>94</td>
<td>195</td>
<td>0</td>
<td>0.000767</td>
<td>UNSAT</td>
</tr>
<tr>
<td>axtls__k5__q49.cnf</td>
<td>94</td>
<td>195</td>
<td>25</td>
<td>0.003107</td>
<td>151289856</td>
</tr>
<tr>
<td>axtls__k5__q0.cnf</td>
<td>94</td>
<td>195</td>
<td>38</td>
<td>0.004124</td>
<td>436488287744</td>
</tr>
<tr>
<td>axtls__k5__q1.cnf</td>
<td>94</td>
<td>195</td>
<td>27</td>
<td>0.003911</td>
<td>71007240192</td>
</tr>
<tr>
<td>axtls__k5__q2.cnf</td>
<td>94</td>
<td>195</td>
<td>32</td>
<td>0.005098</td>
<td>121696530432</td>
</tr>
<tr>
<td>axtls__k5__q4.cnf</td>
<td>94</td>
<td>195</td>
<td>28</td>
<td>0.003458</td>
<td>2677307968</td>
</tr>
<tr>
<td>axtls__k5__q5.cnf</td>
<td>94</td>
<td>195</td>
<td>44</td>
<td>0.004078</td>
<td>490727669760</td>
</tr>
<tr>
<td>axtls__k5__q6.cnf</td>
<td>94</td>
<td>195</td>
<td>32</td>
<td>0.003843</td>
<td>106724806656</td>
</tr>
<tr>
<td>axtls__k5__q7.cnf</td>
<td>94</td>
<td>195</td>
<td>24</td>
<td>0.003447</td>
<td>1003290624</td>
</tr>
<tr>
<td>axtls__k5__q8.cnf</td>
<td>94</td>
<td>195</td>
<td>23</td>
<td>0.003166</td>
<td>3694657536</td>
</tr>
<tr>
<td>axtls__k5__q9.cnf</td>
<td>94</td>
<td>195</td>
<td>0</td>
<td>0.000264</td>
<td>UNSAT</td>
</tr>
<tr>
<td>axtls__k5__q10.cnf</td>
<td>94</td>
<td>195</td>
<td>29</td>
<td>0.003308</td>
<td>2885059392</td>
</tr>
<tr>
<td>axtls__k5__q11.cnf</td>
<td>94</td>
<td>195</td>
<td>34</td>
<td>0.004525</td>
<td>1531385976</td>
</tr>
<tr>
<td>axtls__k5__q12.cnf</td>
<td>94</td>
<td>195</td>
<td>33</td>
<td>0.004348</td>
<td>221261180928</td>
</tr>
<tr>
<td>axtls__k5__q13.cnf</td>
<td>94</td>
<td>195</td>
<td>51</td>
<td>0.005921</td>
<td>44831320300</td>
</tr>
<tr>
<td>axtls__k5__q14.cnf</td>
<td>94</td>
<td>195</td>
<td>32</td>
<td>0.005261</td>
<td>26596823040</td>
</tr>
<tr>
<td>axtls__k5__q15.cnf</td>
<td>94</td>
<td>195</td>
<td>43</td>
<td>0.003859</td>
<td>75118196736</td>
</tr>
<tr>
<td>axtls__k5__q16.cnf</td>
<td>94</td>
<td>195</td>
<td>0</td>
<td>0.000283</td>
<td>UNSAT</td>
</tr>
<tr>
<td>axtls__k5__q17.cnf</td>
<td>94</td>
<td>195</td>
<td>0</td>
<td>0.000307</td>
<td>UNSAT</td>
</tr>
<tr>
<td>axtls__k5__q18.cnf</td>
<td>94</td>
<td>195</td>
<td>24</td>
<td>0.003041</td>
<td>104639496192</td>
</tr>
<tr>
<td>axtls__k5__q19.cnf</td>
<td>94</td>
<td>195</td>
<td>0</td>
<td>0.000273</td>
<td>UNSAT</td>
</tr>
<tr>
<td>axtls__k5__q20.cnf</td>
<td>94</td>
<td>195</td>
<td>0</td>
<td>0.000274</td>
<td>UNSAT</td>
</tr>
<tr>
<td>axtls__k5__q21.cnf</td>
<td>94</td>
<td>195</td>
<td>24</td>
<td>0.003238</td>
<td>399826944</td>
</tr>
<tr>
<td>axtls__k5__q22.cnf</td>
<td>94</td>
<td>195</td>
<td>29</td>
<td>0.004042</td>
<td>67623939072</td>
</tr>
<tr>
<td>axtls__k5__q23.cnf</td>
<td>94</td>
<td>195</td>
<td>50</td>
<td>0.004325</td>
<td>163506207744</td>
</tr>
<tr>
<td>axtls__k5__q24.cnf</td>
<td>94</td>
<td>195</td>
<td>49</td>
<td>0.004064</td>
<td>200210227200</td>
</tr>
<tr>
<td>axtls__k5__q25.cnf</td>
<td>94</td>
<td>195</td>
<td>33</td>
<td>0.004593</td>
<td>1321132032</td>
</tr>
<tr>
<td>axtls__k5__q26.cnf</td>
<td>94</td>
<td>195</td>
<td>0</td>
<td>0.000418</td>
<td>UNSAT</td>
</tr>
<tr>
<td>axtls__k5__q27.cnf</td>
<td>94</td>
<td>195</td>
<td>0</td>
<td>0.000451</td>
<td>UNSAT</td>
</tr>
<tr>
<td>axtls__k5__q28.cnf</td>
<td>94</td>
<td>195</td>
<td>33</td>
<td>0.005448</td>
<td>84552450048</td>
</tr>
<tr>
<td>axtls__k5__q29.cnf</td>
<td>94</td>
<td>195</td>
<td>0</td>
<td>0.000459</td>
<td>UNSAT</td>
</tr>
<tr>
<td>axtls__k5__q30.cnf</td>
<td>94</td>
<td>195</td>
<td>46</td>
<td>0.007055</td>
<td>59912331264</td>
</tr>
<tr>
<td>axtls__k5__q31.cnf</td>
<td>94</td>
<td>195</td>
<td>31</td>
<td>0.005408</td>
<td>322663907328</td>
</tr>
<tr>
<td>axtls__k5__q32.cnf</td>
<td>94</td>
<td>195</td>
<td>28</td>
<td>0.00416</td>
<td>39334182912</td>
</tr>
<tr>
<td>axtls__k5__q33.cnf</td>
<td>94</td>
<td>195</td>
<td>0</td>
<td>0.000334</td>
<td>UNSAT</td>
</tr>
<tr>
<td>axtls__k5__q34.cnf</td>
<td>94</td>
<td>195</td>
<td>32</td>
<td>0.003822</td>
<td>317663969280</td>
</tr>
<tr>
<td>axtls__k5__q35.cnf</td>
<td>94</td>
<td>195</td>
<td>44</td>
<td>0.004744</td>
<td>29956165632</td>
</tr>
<tr>
<td>axtls__k5__q36.cnf</td>
<td>94</td>
<td>195</td>
<td>19</td>
<td>0.003944</td>
<td>18345885696</td>
</tr>
<tr>
<td>axtls__k5__q38.cnf</td>
<td>94</td>
<td>195</td>
<td>32</td>
<td>0.003694</td>
<td>519477952</td>
</tr>
<tr>
<td>axtls__k5__q39.cnf</td>
<td>94</td>
<td>195</td>
<td>38</td>
<td>0.003516</td>
<td>978309218304</td>
</tr>
<tr>
<td>axtls__k5__q40.cnf</td>
<td>94</td>
<td>195</td>
<td>0</td>
<td>0.000295</td>
<td>UNSAT</td>
</tr>
<tr>
<td>axtls__k5__q41.cnf</td>
<td>94</td>
<td>195</td>
<td>0</td>
<td>0.0003</td>
<td>UNSAT</td>
</tr>
<tr>
<td>axtls__k5__q42.cnf</td>
<td>94</td>
<td>195</td>
<td>29</td>
<td>0.003221</td>
<td>55901159424</td>
</tr>
<tr>
<td>axtls__k5__q43.cnf</td>
<td>94</td>
<td>195</td>
<td>27</td>
<td>0.00308</td>
<td>160137216</td>
</tr>
<tr>
<td>axtls__k5__q44.cnf</td>
<td>94</td>
<td>195</td>
<td>0</td>
<td>0.000325</td>
<td>UNSAT</td>
</tr>
<tr>
<td>axtls__k5__q45.cnf</td>
<td>94</td>
<td>195</td>
<td>33</td>
<td>0.004937</td>
<td>447226920960</td>
</tr>
<tr>
<td>axtls__k5__q46.cnf</td>
<td>94</td>
<td>195</td>
<td>29</td>
<td>0.004712</td>
<td>66376433664</td>
</tr>
<tr>
<td>axtls__k5__q47.cnf</td>
<td>94</td>
<td>195</td>
<td>33</td>
<td>0.004816</td>
<td>243389859840</td>
</tr>
<tr>
<td>axtls__k5__q48.cnf</td>
<td>94</td>
<td>195</td>
<td>0</td>
<td>0.000479</td>
<td>UNSAT</td>
</tr>
<tr>
<td>axtls__k5__q49.cnf</td>
<td>94</td>
<td>195</td>
<td>25</td>
<td>0.006632</td>
<td>151289856</td>
</tr>
<tr>
<td>axtls__k5__q0.cnf</td>
<td>94</td>
<td>195</td>
<td>38</td>
<td>0.006743</td>
<td>436488287744</td>
</tr>
<tr>
<td>axtls__k5__q1.cnf</td>
<td>94</td>
<td>195</td>
<td>27</td>
<td>0.00488</td>
<td>71007240192</td>
</tr>
<tr>
<td>axtls__k5__q2.cnf</td>
<td>94</td>
<td>195</td>
<td>32</td>
<td>0.005469</td>
<td>121696530432</td>
</tr>
<tr>
<td>axtls__k5__q4.cnf</td>
<td>94</td>
<td>195</td>
<td>28</td>
<td>0.00461</td>
<td>2677307968</td>
</tr>
<tr>
<td>axtls__k5__q5.cnf</td>
<td>94</td>
<td>195</td>
<td>44</td>
<td>0.004542</td>
<td>490727669760</td>
</tr>
<tr>
<td>axtls__k5__q6.cnf</td>
<td>94</td>
<td>195</td>
<td>32</td>
<td>0.003458</td>
<td>106724806656</td>
</tr>
<tr>
<td>axtls__k5__q7.cnf</td>
<td>94</td>
<td>195</td>
<td>24</td>
<td>0.003332</td>
<td>1003290624</td>
</tr>
<tr>
<td>axtls__k5__q8.cnf</td>
<td>94</td>
<td>195</td>
<td>23</td>
<td>0.003089</td>
<td>3694657536</td>
</tr>
<tr>
<td>axtls__k5__q9.cnf</td>
<td>94</td>
<td>195</td>
<td>0</td>
<td>0.000325</td>
<td>UNSAT</td>
</tr>
<tr>
<td>axtls__k5__q10.cnf</td>
<td>94</td>
<td>195</td>
<td>29</td>
<td>0.003298</td>
<td>2885059392</td>
</tr>
<tr>
<td>axtls__k5__q11.cnf</td>
<td>94</td>
<td>195</td>
<td>34</td>
<td>0.003281</td>
<td>1531385976</td>
</tr>
<tr>
<td>axtls__k5__q12.cnf</td>
<td>94</td>
<td>195</td>
<td>33</td>
<td>0.003295</td>
<td>221261180928</td>
</tr>
<tr>
<td>axtls__k5__q13.cnf</td>
<td>94</td>
<td>195</td>
<td>51</td>
<td>0.004103</td>
<td>44831320300</td>
</tr>
<tr>
<td>axtls__k5__q14.cnf</td>
<td>94</td>
<td>195</td>
<td>32</td>
<td>0.00346</td>
<td>26596823040</td>
</tr>
<tr>
<td>axtls__k5__q15.cnf</td>
<td>94</td>
<td>195</td>
<td>43</td>
<td>0.003776</td>
<td>75118196736</td>
</tr>
<tr>
<td>axtls__k5__q16.cnf</td>
<td>94</td>
<td>195</td>
<td>0</td>
<td>0.000282</td>
<td>UNSAT</td>
</tr>
<tr>
<td>axtls__k5__q17.cnf</td>
<td>94</td>
<td>195</td>
<td>0</td>
<td>0.000419</td>
<td>UNSAT</td>
</tr>
<tr>
<td>axtls__k5__q18.cnf</td>
<td>94</td>
<td>195</td>
<td>24</td>
<td>0.003203</td>
<td>104639496192</td>
</tr>
<tr>
<td>axtls__k5__q19.cnf</td>
<td>94</td>
<td>195</td>
<td>0</td>
<td>0.000308</td>
<td>UNSAT</td>
</tr>
<tr>
<td>axtls__k5__q20.cnf</td>
<td>94</td>
<td>195</td>
<td>0</td>
<td>0.000273</td>
<td>UNSAT</td>
</tr>
<tr>
<td>axtls__k5__q21.cnf</td>
<td>94</td>
<td>195</td>
<td>24</td>
<td>0.003174</td>
<td>399826944</td>
</tr>
<tr>
<td>axtls__k5__q22.cnf</td>
<td>94</td>
<td>195</td>
<td>29</td>
<td>0.003575</td>
<td>67623939072</td>
</tr>
<tr>
<td>axtls__k5__q23.cnf</td>
<td>94</td>
<td>195</td>
<td>50</td>
<td>0.004152</td>
<td>163506207744</td>
</tr>
<tr>
<td>axtls__k5__q24.cnf</td>
<td>94</td>
<td>195</td>
<td>49</td>
<td>0.004059</td>
<td>200210227200</td>
</tr>
<tr>
<td>axtls__k5__q25.cnf</td>
<td>94</td>
<td>195</td>
<td>33</td>
<td>0.004737</td>
<td>1321132032</td>
</tr>
<tr>
<td>axtls__k5__q26.cnf</td>
<td>94</td>
<td>195</td>
<td>0</td>
<td>0.000356</td>
<td>UNSAT</td>
</tr>
<tr>
<td>axtls__k5__q27.cnf</td>
<td>94</td>
<td>195</td>
<td>0</td>
<td>0.00029</td>
<td>UNSAT</td>
</tr>
<tr>
<td>axtls__k5__q28.cnf</td>
<td>94</td>
<td>195</td>
<td>33</td>
<td>0.003664</td>
<td>84552450048</td>
</tr>
<tr>
<td>axtls__k5__q29.cnf</td>
<td>94</td>
<td>195</td>
<td>0</td>
<td>0.000366</td>
<td>UNSAT</td>
</tr>
<tr>
<td>axtls__k5__q30.cnf</td>
<td>94</td>
<td>195</td>
<td>46</td>
<td>0.003665</td>
<td>59912331264</td>
</tr>
<tr>
<td>axtls__k5__q31.cnf</td>
<td>94</td>
<td>195</td>
<td>31</td>
<td>0.00332</td>
<td>322663907328</td>
</tr>
<tr>
<td>axtls__k5__q32.cnf</td>
<td>94</td>
<td>195</td>
<td>28</td>
<td>0.003367</td>
<td>39334182912</td>
</tr>
<tr>
<td>axtls__k5__q33.cnf</td>
<td>94</td>
<td>195</td>
<td>0</td>
<td>0.000272</td>
<td>UNSAT</td>
</tr>
<tr>
<td>axtls__k5__q34.cnf</td>
<td>94</td>
<td>195</td>
<td>32</td>
<td>0.003291</td>
<td>317663969280</td>
</tr>
<tr>
<td>axtls__k5__q35.cnf</td>
<td>94</td>
<td>195</td>
<td>44</td>
<td>0.003995</td>
<td>29956165632</td>
</tr>
<tr>
<td>axtls__k5__q36.cnf</td>
<td>94</td>
<td>195</td>
<td>19</td>
<td>0.003061</td>
<td>18345885696</td>
</tr>
<tr>
<td>axtls__k5__q38.cnf</td>
<td>94</td>
<td>195</td>
<td>32</td>
<td>0.003557</td>
<td>519477952</td>
</tr>
<tr>
<td>axtls__k5__q39.cnf</td>
<td>94</td>
<td>195</td>
<td>38</td>
<td>0.003713</td>
<td>978309218304</td>
</tr>
<tr>
<td>axtls__k5__q40.cnf</td>
<td>94</td>
<td>195</td>
<td>0</td>
<td>0.000279</td>
<td>UNSAT</td>
</tr>
<tr>
<td>axtls__k5__q41.cnf</td>
<td>94</td>
<td>195</td>
<td>0</td>
<td>0.000303</td>
<td>UNSAT</td>
</tr>
<tr>
<td>axtls__k5__q42.cnf</td>
<td>94</td>
<td>195</td>
<td>29</td>
<td>0.003458</td>
<td>55901159424</td>
</tr>
<tr>
<td>axtls__k5__q43.cnf</td>
<td>94</td>
<td>195</td>
<td>27</td>
<td>0.003273</td>
<td>160137216</td>
</tr>
<tr>
<td>axtls__k5__q44.cnf</td>
<td>94</td>
<td>195</td>
<td>0</td>
<td>0.000347</td>
<td>UNSAT</td>
</tr>
<tr>
<td>axtls__k5__q45.cnf</td>
<td>94</td>
<td>195</td>
<td>33</td>
<td>0.003886</td>
<td>447226920960</td>
</tr>
<tr>
<td>axtls__k5__q46.cnf</td>
<td>94</td>
<td>195</td>
<td>29</td>
<td>0.003415</td>
<td>66376433664</td>
</tr>
<tr>
<td>axtls__k5__q47.cnf</td>
<td>94</td>
<td>195</td>
<td>33</td>
<td>0.003362</td>
<td>243389859840</td>
</tr>
<tr>
<td>axtls__k5__q48.cnf</td>
<td>94</td>
<td>195</td>
<td>0</td>
<td>0.000314</td>
<td>UNSAT</td>
</tr>
<tr>
<td>axtls__k5__q49.cnf</td>
<td>94</td>
<td>195</td>
<td>25</td>
<td>0.004889</td>
<td>151289856</td>
</tr>
<tr>
<td>axtls__k10__q0.cnf</td>
<td>94</td>
<td>200</td>
<td>0</td>
<td>0.000388</td>
<td>UNSAT</td>
</tr>
<tr>
<td>axtls__k10__q3.cnf</td>
<td>94</td>
<td>200</td>
<td>0</td>
<td>0.00048</td>
<td>UNSAT</td>
</tr>
<tr>
<td>axtls__k10__q4.cnf</td>
<td>94</td>
<td>200</td>
<td>11</td>
<td>0.003028</td>
<td>6266880</td>
</tr>
<tr>
<td>axtls__k10__q5.cnf</td>
<td>94</td>
<td>200</td>
<td>0</td>
<td>0.000304</td>
<td>UNSAT</td>
</tr>
<tr>
<td>axtls__k10__q6.cnf</td>
<td>94</td>
<td>200</td>
<td>25</td>
<td>0.004411</td>
<td>85159200</td>
</tr>
<tr>
<td>axtls__k10__q7.cnf</td>
<td>94</td>
<td>200</td>
<td>15</td>
<td>0.003022</td>
<td>18800640</td>
</tr>
<tr>
<td>axtls__k10__q9.cnf</td>
<td>94</td>
<td>200</td>
<td>0</td>
<td>0.000313</td>
<td>UNSAT</td>
</tr>
<tr>
<td>axtls__k10__q10.cnf</td>
<td>94</td>
<td>200</td>
<td>32</td>
<td>0.004022</td>
<td>4473216</td>
</tr>
<tr>
<td>axtls__k10__q11.cnf</td>
<td>94</td>
<td>200</td>
<td>0</td>
<td>0.00028</td>
<td>UNSAT</td>
</tr>
<tr>
<td>axtls__k10__q12.cnf</td>
<td>94</td>
<td>200</td>
<td>21</td>
<td>0.002976</td>
<td>24064819200</td>
</tr>
<tr>
<td>axtls__k10__q13.cnf</td>
<td>94</td>
<td>200</td>
<td>18</td>
<td>0.003358</td>
<td>360972288</td>
</tr>
<tr>
<td>axtls__k10__q14.cnf</td>
<td>94</td>
<td>200</td>
<td>0</td>
<td>0.000333</td>
<td>UNSAT</td>
</tr>
<tr>
<td>axtls__k10__q15.cnf</td>
<td>94</td>
<td>200</td>
<td>0</td>
<td>0.000284</td>
<td>UNSAT</td>
</tr>
<tr>
<td>axtls__k10__q16.cnf</td>
<td>94</td>
<td>200</td>
<td>17</td>
<td>0.003121</td>
<td>8153726976</td>
</tr>
<tr>
<td>axtls__k10__q17.cnf</td>
<td>94</td>
<td>200</td>
<td>27</td>
<td>0.003166</td>
<td>16594108416</td>
</tr>
<tr>
<td>axtls__k10__q18.cnf</td>
<td>94</td>
<td>200</td>
<td>0</td>
<td>0.000278</td>
<td>UNSAT</td>
</tr>
<tr>
<td>axtls__k10__q19.cnf</td>
<td>94</td>
<td>200</td>
<td>0</td>
<td>0.000279</td>
<td>UNSAT</td>
</tr>
<tr>
<td>axtls__k10__q20.cnf</td>
<td>94</td>
<td>200</td>
<td>0</td>
<td>0.000277</td>
<td>UNSAT</td>
</tr>
<tr>
<td>axtls__k10__q21.cnf</td>
<td>94</td>
<td>200</td>
<td>0</td>
<td>0.000272</td>
<td>UNSAT</td>
</tr>
<tr>
<td>axtls__k10__q22.cnf</td>
<td>94</td>
<td>200</td>
<td>0</td>
<td>0.000273</td>
<td>UNSAT</td>
</tr>
<tr>
<td>axtls__k10__q23.cnf</td>
<td>94</td>
<td>200</td>
<td>33</td>
<td>0.004012</td>
<td>70783875584</td>
</tr>
<tr>
<td>axtls__k10__q24.cnf</td>
<td>94</td>
<td>200</td>
<td>0</td>
<td>0.000265</td>
<td>UNSAT</td>
</tr>
<tr>
<td>axtls__k10__q26.cnf</td>
<td>94</td>
<td>200</td>
<td>0</td>
<td>0.000297</td>
<td>UNSAT</td>
</tr>
<tr>
<td>axtls__k10__q27.cnf</td>
<td>94</td>
<td>200</td>
<td>0</td>
<td>0.000294</td>
<td>UNSAT</td>
</tr>
<tr>
<td>axtls__k10__q28.cnf</td>
<td>94</td>
<td>200</td>
<td>0</td>
<td>0.000305</td>
<td>UNSAT</td>
</tr>
<tr>
<td>axtls__k10__q29.cnf</td>
<td>94</td>
<td>200</td>
<td>0</td>
<td>0.000283</td>
<td>UNSAT</td>
</tr>
<tr>
<td>axtls__k10__q30.cnf</td>
<td>94</td>
<td>200</td>
<td>16</td>
<td>0.002938</td>
<td>12995002368</td>
</tr>
<tr>
<td>axtls__k10__q32.cnf</td>
<td>94</td>
<td>200</td>
<td>0</td>
<td>0.000292</td>
<td>UNSAT</td>
</tr>
<tr>
<td>axtls__k10__q33.cnf</td>
<td>94</td>
<td>200</td>
<td>0</td>
<td>0.000286</td>
<td>UNSAT</td>
</tr>
<tr>
<td>axtls__k10__q34.cnf</td>
<td>94</td>
<td>200</td>
<td>0</td>
<td>0.000283</td>
<td>UNSAT</td>
</tr>
<tr>
<td>axtls__k10__q35.cnf</td>
<td>94</td>
<td>200</td>
<td>23</td>
<td>0.003148</td>
<td>12232949760</td>
</tr>
<tr>
<td>axtls__k10__q36.cnf</td>
<td>94</td>
<td>200</td>
<td>0</td>
<td>0.000276</td>
<td>UNSAT</td>
</tr>
<tr>
<td>axtls__k10__q37.cnf</td>
<td>94</td>
<td>200</td>
<td>0</td>
<td>0.000281</td>
<td>UNSAT</td>
</tr>
<tr>
<td>axtls__k10__q38.cnf</td>
<td>94</td>
<td>200</td>
<td>0</td>
<td>0.000276</td>
<td>UNSAT</td>
</tr>
<tr>
<td>axtls__k10__q40.cnf</td>
<td>94</td>
<td>200</td>
<td>0</td>
<td>0.00029</td>
<td>UNSAT</td>
</tr>
<tr>
<td>axtls__k10__q41.cnf</td>
<td>94</td>
<td>200</td>
<td>0</td>
<td>0.000304</td>
<td>UNSAT</td>
</tr>
<tr>
<td>axtls__k10__q43.cnf</td>
<td>94</td>
<td>200</td>
<td>0</td>
<td>0.000497</td>
<td>UNSAT</td>
</tr>
<tr>
<td>axtls__k10__q44.cnf</td>
<td>94</td>
<td>200</td>
<td>0</td>
<td>0.000296</td>
<td>UNSAT</td>
</tr>
<tr>
<td>axtls__k10__q45.cnf</td>
<td>94</td>
<td>200</td>
<td>0</td>
<td>0.000292</td>
<td>UNSAT</td>
</tr>
<tr>
<td>axtls__k10__q47.cnf</td>
<td>94</td>
<td>200</td>
<td>0</td>
<td>0.000293</td>
<td>UNSAT</td>
</tr>
<tr>
<td>axtls__k10__q48.cnf</td>
<td>94</td>
<td>200</td>
<td>0</td>
<td>0.000295</td>
<td>UNSAT</td>
</tr>
<tr>
<td>axtls__k10__q49.cnf</td>
<td>94</td>
<td>200</td>
<td>0</td>
<td>0.000364</td>
<td>UNSAT</td>
</tr>
<tr>
<td>axtls__k10__q0.cnf</td>
<td>94</td>
<td>200</td>
<td>0</td>
<td>0.000304</td>
<td>UNSAT</td>
</tr>
<tr>
<td>axtls__k10__q3.cnf</td>
<td>94</td>
<td>200</td>
<td>0</td>
<td>0.000297</td>
<td>UNSAT</td>
</tr>
<tr>
<td>axtls__k10__q4.cnf</td>
<td>94</td>
<td>200</td>
<td>11</td>
<td>0.002929</td>
<td>6266880</td>
</tr>
<tr>
<td>axtls__k10__q5.cnf</td>
<td>94</td>
<td>200</td>
<td>0</td>
<td>0.000277</td>
<td>UNSAT</td>
</tr>
<tr>
<td>axtls__k10__q6.cnf</td>
<td>94</td>
<td>200</td>
<td>25</td>
<td>0.003186</td>
<td>85159200</td>
</tr>
<tr>
<td>axtls__k10__q7.cnf</td>
<td>94</td>
<td>200</td>
<td>15</td>
<td>0.003145</td>
<td>18800640</td>
</tr>
<tr>
<td>axtls__k10__q9.cnf</td>
<td>94</td>
<td>200</td>
<td>0</td>
<td>0.000326</td>
<td>UNSAT</td>
</tr>
<tr>
<td>axtls__k10__q10.cnf</td>
<td>94</td>
<td>200</td>
<td>32</td>
<td>0.003352</td>
<td>4473216</td>
</tr>
<tr>
<td>axtls__k10__q11.cnf</td>
<td>94</td>
<td>200</td>
<td>0</td>
<td>0.000404</td>
<td>UNSAT</td>
</tr>
<tr>
<td>axtls__k10__q12.cnf</td>
<td>94</td>
<td>200</td>
<td>21</td>
<td>0.002956</td>
<td>24064819200</td>
</tr>
<tr>
<td>axtls__k10__q13.cnf</td>
<td>94</td>
<td>200</td>
<td>18</td>
<td>0.00284</td>
<td>360972288</td>
</tr>
<tr>
<td>axtls__k10__q14.cnf</td>
<td>94</td>
<td>200</td>
<td>0</td>
<td>0.000337</td>
<td>UNSAT</td>
</tr>
<tr>
<td>axtls__k10__q15.cnf</td>
<td>94</td>
<td>200</td>
<td>0</td>
<td>0.000272</td>
<td>UNSAT</td>
</tr>
<tr>
<td>axtls__k10__q16.cnf</td>
<td>94</td>
<td>200</td>
<td>17</td>
<td>0.002968</td>
<td>8153726976</td>
</tr>
<tr>
<td>axtls__k10__q17.cnf</td>
<td>94</td>
<td>200</td>
<td>27</td>
<td>0.004139</td>
<td>16594108416</td>
</tr>
<tr>
<td>axtls__k10__q18.cnf</td>
<td>94</td>
<td>200</td>
<td>0</td>
<td>0.000304</td>
<td>UNSAT</td>
</tr>
<tr>
<td>axtls__k10__q19.cnf</td>
<td>94</td>
<td>200</td>
<td>0</td>
<td>0.000295</td>
<td>UNSAT</td>
</tr>
<tr>
<td>axtls__k10__q20.cnf</td>
<td>94</td>
<td>200</td>
<td>0</td>
<td>0.00029</td>
<td>UNSAT</td>
</tr>
<tr>
<td>axtls__k10__q21.cnf</td>
<td>94</td>
<td>200</td>
<td>0</td>
<td>0.000335</td>
<td>UNSAT</td>
</tr>
<tr>
<td>axtls__k10__q22.cnf</td>
<td>94</td>
<td>200</td>
<td>0</td>
<td>0.000339</td>
<td>UNSAT</td>
</tr>
<tr>
<td>axtls__k10__q23.cnf</td>
<td>94</td>
<td>200</td>
<td>33</td>
<td>0.005344</td>
<td>70783875584</td>
</tr>
<tr>
<td>axtls__k10__q24.cnf</td>
<td>94</td>
<td>200</td>
<td>0</td>
<td>0.000463</td>
<td>UNSAT</td>
</tr>
<tr>
<td>axtls__k10__q26.cnf</td>
<td>94</td>
<td>200</td>
<td>0</td>
<td>0.000383</td>
<td>UNSAT</td>
</tr>
<tr>
<td>axtls__k10__q27.cnf</td>
<td>94</td>
<td>200</td>
<td>0</td>
<td>0.000467</td>
<td>UNSAT</td>
</tr>
<tr>
<td>axtls__k10__q28.cnf</td>
<td>94</td>
<td>200</td>
<td>0</td>
<td>0.000718</td>
<td>UNSAT</td>
</tr>
<tr>
<td>axtls__k10__q29.cnf</td>
<td>94</td>
<td>200</td>
<td>0</td>
<td>0.000309</td>
<td>UNSAT</td>
</tr>
<tr>
<td>axtls__k10__q30.cnf</td>
<td>94</td>
<td>200</td>
<td>16</td>
<td>0.003407</td>
<td>12995002368</td>
</tr>
<tr>
<td>axtls__k10__q32.cnf</td>
<td>94</td>
<td>200</td>
<td>0</td>
<td>0.000297</td>
<td>UNSAT</td>
</tr>
<tr>
<td>axtls__k10__q33.cnf</td>
<td>94</td>
<td>200</td>
<td>0</td>
<td>0.000364</td>
<td>UNSAT</td>
</tr>
<tr>
<td>axtls__k10__q34.cnf</td>
<td>94</td>
<td>200</td>
<td>0</td>
<td>0.000287</td>
<td>UNSAT</td>
</tr>
<tr>
<td>axtls__k10__q35.cnf</td>
<td>94</td>
<td>200</td>
<td>23</td>
<td>0.003238</td>
<td>12232949760</td>
</tr>
<tr>
<td>axtls__k10__q36.cnf</td>
<td>94</td>
<td>200</td>
<td>0</td>
<td>0.000268</td>
<td>UNSAT</td>
</tr>
<tr>
<td>axtls__k10__q37.cnf</td>
<td>94</td>
<td>200</td>
<td>0</td>
<td>0.000263</td>
<td>UNSAT</td>
</tr>
<tr>
<td>axtls__k10__q38.cnf</td>
<td>94</td>
<td>200</td>
<td>0</td>
<td>0.000267</td>
<td>UNSAT</td>
</tr>
<tr>
<td>axtls__k10__q40.cnf</td>
<td>94</td>
<td>200</td>
<td>0</td>
<td>0.000309</td>
<td>UNSAT</td>
</tr>
<tr>
<td>axtls__k10__q41.cnf</td>
<td>94</td>
<td>200</td>
<td>0</td>
<td>0.000277</td>
<td>UNSAT</td>
</tr>
<tr>
<td>axtls__k10__q43.cnf</td>
<td>94</td>
<td>200</td>
<td>0</td>
<td>0.000291</td>
<td>UNSAT</td>
</tr>
<tr>
<td>axtls__k10__q44.cnf</td>
<td>94</td>
<td>200</td>
<td>0</td>
<td>0.000282</td>
<td>UNSAT</td>
</tr>
<tr>
<td>axtls__k10__q45.cnf</td>
<td>94</td>
<td>200</td>
<td>0</td>
<td>0.000268</td>
<td>UNSAT</td>
</tr>
<tr>
<td>axtls__k10__q47.cnf</td>
<td>94</td>
<td>200</td>
<td>0</td>
<td>0.000299</td>
<td>UNSAT</td>
</tr>
<tr>
<td>axtls__k10__q48.cnf</td>
<td>94</td>
<td>200</td>
<td>0</td>
<td>0.000315</td>
<td>UNSAT</td>
</tr>
<tr>
<td>axtls__k10__q49.cnf</td>
<td>94</td>
<td>200</td>
<td>0</td>
<td>0.000325</td>
<td>UNSAT</td>
</tr>
<tr>
<td>axtls__k10__q0.cnf</td>
<td>94</td>
<td>200</td>
<td>0</td>
<td>0.000293</td>
<td>UNSAT</td>
</tr>
<tr>
<td>axtls__k10__q3.cnf</td>
<td>94</td>
<td>200</td>
<td>0</td>
<td>0.000338</td>
<td>UNSAT</td>
</tr>
<tr>
<td>axtls__k10__q4.cnf</td>
<td>94</td>
<td>200</td>
<td>11</td>
<td>0.002899</td>
<td>6266880</td>
</tr>
<tr>
<td>axtls__k10__q5.cnf</td>
<td>94</td>
<td>200</td>
<td>0</td>
<td>0.0003</td>
<td>UNSAT</td>
</tr>
<tr>
<td>axtls__k10__q6.cnf</td>
<td>94</td>
<td>200</td>
<td>25</td>
<td>0.003352</td>
<td>85159200</td>
</tr>
<tr>
<td>axtls__k10__q7.cnf</td>
<td>94</td>
<td>200</td>
<td>15</td>
<td>0.002991</td>
<td>18800640</td>
</tr>
<tr>
<td>axtls__k10__q9.cnf</td>
<td>94</td>
<td>200</td>
<td>0</td>
<td>0.000292</td>
<td>UNSAT</td>
</tr>
<tr>
<td>axtls__k10__q10.cnf</td>
<td>94</td>
<td>200</td>
<td>32</td>
<td>0.00344</td>
<td>4473216</td>
</tr>
<tr>
<td>axtls__k10__q11.cnf</td>
<td>94</td>
<td>200</td>
<td>0</td>
<td>0.000301</td>
<td>UNSAT</td>
</tr>
<tr>
<td>axtls__k10__q12.cnf</td>
<td>94</td>
<td>200</td>
<td>21</td>
<td>0.003086</td>
<td>24064819200</td>
</tr>
<tr>
<td>axtls__k10__q13.cnf</td>
<td>94</td>
<td>200</td>
<td>18</td>
<td>0.002996</td>
<td>360972288</td>
</tr>
<tr>
<td>axtls__k10__q14.cnf</td>
<td>94</td>
<td>200</td>
<td>0</td>
<td>0.000308</td>
<td>UNSAT</td>
</tr>
<tr>
<td>axtls__k10__q15.cnf</td>
<td>94</td>
<td>200</td>
<td>0</td>
<td>0.000318</td>
<td>UNSAT</td>
</tr>
<tr>
<td>axtls__k10__q16.cnf</td>
<td>94</td>
<td>200</td>
<td>17</td>
<td>0.003313</td>
<td>8153726976</td>
</tr>
<tr>
<td>axtls__k10__q17.cnf</td>
<td>94</td>
<td>200</td>
<td>27</td>
<td>0.003692</td>
<td>16594108416</td>
</tr>
<tr>
<td>axtls__k10__q18.cnf</td>
<td>94</td>
<td>200</td>
<td>0</td>
<td>0.000321</td>
<td>UNSAT</td>
</tr>
<tr>
<td>axtls__k10__q19.cnf</td>
<td>94</td>
<td>200</td>
<td>0</td>
<td>0.000351</td>
<td>UNSAT</td>
</tr>
<tr>
<td>axtls__k10__q20.cnf</td>
<td>94</td>
<td>200</td>
<td>0</td>
<td>0.000301</td>
<td>UNSAT</td>
</tr>
<tr>
<td>axtls__k10__q21.cnf</td>
<td>94</td>
<td>200</td>
<td>0</td>
<td>0.000315</td>
<td>UNSAT</td>
</tr>
<tr>
<td>axtls__k10__q22.cnf</td>
<td>94</td>
<td>200</td>
<td>0</td>
<td>0.000332</td>
<td>UNSAT</td>
</tr>
<tr>
<td>axtls__k10__q23.cnf</td>
<td>94</td>
<td>200</td>
<td>33</td>
<td>0.003924</td>
<td>70783875584</td>
</tr>
<tr>
<td>axtls__k10__q24.cnf</td>
<td>94</td>
<td>200</td>
<td>0</td>
<td>0.000304</td>
<td>UNSAT</td>
</tr>
<tr>
<td>axtls__k10__q26.cnf</td>
<td>94</td>
<td>200</td>
<td>0</td>
<td>0.000334</td>
<td>UNSAT</td>
</tr>
<tr>
<td>axtls__k10__q27.cnf</td>
<td>94</td>
<td>200</td>
<td>0</td>
<td>0.000303</td>
<td>UNSAT</td>
</tr>
<tr>
<td>axtls__k10__q28.cnf</td>
<td>94</td>
<td>200</td>
<td>0</td>
<td>0.000371</td>
<td>UNSAT</td>
</tr>
<tr>
<td>axtls__k10__q29.cnf</td>
<td>94</td>
<td>200</td>
<td>0</td>
<td>0.000551</td>
<td>UNSAT</td>
</tr>
<tr>
<td>axtls__k10__q30.cnf</td>
<td>94</td>
<td>200</td>
<td>16</td>
<td>0.003292</td>
<td>12995002368</td>
</tr>
<tr>
<td>axtls__k10__q32.cnf</td>
<td>94</td>
<td>200</td>
<td>0</td>
<td>0.000306</td>
<td>UNSAT</td>
</tr>
<tr>
<td>axtls__k10__q33.cnf</td>
<td>94</td>
<td>200</td>
<td>0</td>
<td>0.000325</td>
<td>UNSAT</td>
</tr>
<tr>
<td>axtls__k10__q34.cnf</td>
<td>94</td>
<td>200</td>
<td>0</td>
<td>0.000323</td>
<td>UNSAT</td>
</tr>
<tr>
<td>axtls__k10__q35.cnf</td>
<td>94</td>
<td>200</td>
<td>23</td>
<td>0.003647</td>
<td>12232949760</td>
</tr>
<tr>
<td>axtls__k10__q36.cnf</td>
<td>94</td>
<td>200</td>
<td>0</td>
<td>0.00039</td>
<td>UNSAT</td>
</tr>
<tr>
<td>axtls__k10__q37.cnf</td>
<td>94</td>
<td>200</td>
<td>0</td>
<td>0.000429</td>
<td>UNSAT</td>
</tr>
<tr>
<td>axtls__k10__q38.cnf</td>
<td>94</td>
<td>200</td>
<td>0</td>
<td>0.000303</td>
<td>UNSAT</td>
</tr>
<tr>
<td>axtls__k10__q40.cnf</td>
<td>94</td>
<td>200</td>
<td>0</td>
<td>0.000713</td>
<td>UNSAT</td>
</tr>
<tr>
<td>axtls__k10__q41.cnf</td>
<td>94</td>
<td>200</td>
<td>0</td>
<td>0.000316</td>
<td>UNSAT</td>
</tr>
<tr>
<td>axtls__k10__q43.cnf</td>
<td>94</td>
<td>200</td>
<td>0</td>
<td>0.000327</td>
<td>UNSAT</td>
</tr>
<tr>
<td>axtls__k10__q44.cnf</td>
<td>94</td>
<td>200</td>
<td>0</td>
<td>0.000311</td>
<td>UNSAT</td>
</tr>
<tr>
<td>axtls__k10__q45.cnf</td>
<td>94</td>
<td>200</td>
<td>0</td>
<td>0.00035</td>
<td>UNSAT</td>
</tr>
<tr>
<td>axtls__k10__q47.cnf</td>
<td>94</td>
<td>200</td>
<td>0</td>
<td>0.000344</td>
<td>UNSAT</td>
</tr>
<tr>
<td>axtls__k10__q48.cnf</td>
<td>94</td>
<td>200</td>
<td>0</td>
<td>0.00045</td>
<td>UNSAT</td>
</tr>
<tr>
<td>axtls__k10__q49.cnf</td>
<td>94</td>
<td>200</td>
<td>0</td>
<td>0.000315</td>
<td>UNSAT</td>
</tr>
<tr>
<td>axtls__k10__q0.cnf</td>
<td>94</td>
<td>200</td>
<td>0</td>
<td>0.000393</td>
<td>UNSAT</td>
</tr>
<tr>
<td>axtls__k10__q3.cnf</td>
<td>94</td>
<td>200</td>
<td>0</td>
<td>0.000308</td>
<td>UNSAT</td>
</tr>
<tr>
<td>axtls__k10__q4.cnf</td>
<td>94</td>
<td>200</td>
<td>11</td>
<td>0.003775</td>
<td>6266880</td>
</tr>
<tr>
<td>axtls__k10__q5.cnf</td>
<td>94</td>
<td>200</td>
<td>0</td>
<td>0.000352</td>
<td>UNSAT</td>
</tr>
<tr>
<td>axtls__k10__q6.cnf</td>
<td>94</td>
<td>200</td>
<td>25</td>
<td>0.003511</td>
<td>85159200</td>
</tr>
<tr>
<td>axtls__k10__q7.cnf</td>
<td>94</td>
<td>200</td>
<td>15</td>
<td>0.003316</td>
<td>18800640</td>
</tr>
<tr>
<td>axtls__k10__q9.cnf</td>
<td>94</td>
<td>200</td>
<td>0</td>
<td>0.000331</td>
<td>UNSAT</td>
</tr>
<tr>
<td>axtls__k10__q10.cnf</td>
<td>94</td>
<td>200</td>
<td>32</td>
<td>0.003871</td>
<td>4473216</td>
</tr>
<tr>
<td>axtls__k10__q11.cnf</td>
<td>94</td>
<td>200</td>
<td>0</td>
<td>0.000358</td>
<td>UNSAT</td>
</tr>
<tr>
<td>axtls__k10__q12.cnf</td>
<td>94</td>
<td>200</td>
<td>21</td>
<td>0.003209</td>
<td>24064819200</td>
</tr>
<tr>
<td>axtls__k10__q13.cnf</td>
<td>94</td>
<td>200</td>
<td>18</td>
<td>0.003238</td>
<td>360972288</td>
</tr>
<tr>
<td>axtls__k10__q14.cnf</td>
<td>94</td>
<td>200</td>
<td>0</td>
<td>0.000313</td>
<td>UNSAT</td>
</tr>
<tr>
<td>axtls__k10__q15.cnf</td>
<td>94</td>
<td>200</td>
<td>0</td>
<td>0.000295</td>
<td>UNSAT</td>
</tr>
<tr>
<td>axtls__k10__q16.cnf</td>
<td>94</td>
<td>200</td>
<td>17</td>
<td>0.003502</td>
<td>8153726976</td>
</tr>
<tr>
<td>axtls__k10__q17.cnf</td>
<td>94</td>
<td>200</td>
<td>27</td>
<td>0.003319</td>
<td>16594108416</td>
</tr>
<tr>
<td>axtls__k10__q18.cnf</td>
<td>94</td>
<td>200</td>
<td>0</td>
<td>0.00032</td>
<td>UNSAT</td>
</tr>
<tr>
<td>axtls__k10__q19.cnf</td>
<td>94</td>
<td>200</td>
<td>0</td>
<td>0.000323</td>
<td>UNSAT</td>
</tr>
<tr>
<td>axtls__k10__q20.cnf</td>
<td>94</td>
<td>200</td>
<td>0</td>
<td>0.000333</td>
<td>UNSAT</td>
</tr>
<tr>
<td>axtls__k10__q21.cnf</td>
<td>94</td>
<td>200</td>
<td>0</td>
<td>0.000298</td>
<td>UNSAT</td>
</tr>
<tr>
<td>axtls__k10__q22.cnf</td>
<td>94</td>
<td>200</td>
<td>0</td>
<td>0.000313</td>
<td>UNSAT</td>
</tr>
<tr>
<td>axtls__k10__q23.cnf</td>
<td>94</td>
<td>200</td>
<td>33</td>
<td>0.004302</td>
<td>70783875584</td>
</tr>
<tr>
<td>axtls__k10__q24.cnf</td>
<td>94</td>
<td>200</td>
<td>0</td>
<td>0.000325</td>
<td>UNSAT</td>
</tr>
<tr>
<td>axtls__k10__q26.cnf</td>
<td>94</td>
<td>200</td>
<td>0</td>
<td>0.000349</td>
<td>UNSAT</td>
</tr>
<tr>
<td>axtls__k10__q27.cnf</td>
<td>94</td>
<td>200</td>
<td>0</td>
<td>0.000325</td>
<td>UNSAT</td>
</tr>
<tr>
<td>axtls__k10__q28.cnf</td>
<td>94</td>
<td>200</td>
<td>0</td>
<td>0.000297</td>
<td>UNSAT</td>
</tr>
<tr>
<td>axtls__k10__q29.cnf</td>
<td>94</td>
<td>200</td>
<td>0</td>
<td>0.000313</td>
<td>UNSAT</td>
</tr>
<tr>
<td>axtls__k10__q30.cnf</td>
<td>94</td>
<td>200</td>
<td>16</td>
<td>0.003355</td>
<td>12995002368</td>
</tr>
<tr>
<td>axtls__k10__q32.cnf</td>
<td>94</td>
<td>200</td>
<td>0</td>
<td>0.000645</td>
<td>UNSAT</td>
</tr>
<tr>
<td>axtls__k10__q33.cnf</td>
<td>94</td>
<td>200</td>
<td>0</td>
<td>0.000324</td>
<td>UNSAT</td>
</tr>
<tr>
<td>axtls__k10__q34.cnf</td>
<td>94</td>
<td>200</td>
<td>0</td>
<td>0.000281</td>
<td>UNSAT</td>
</tr>
<tr>
<td>axtls__k10__q35.cnf</td>
<td>94</td>
<td>200</td>
<td>23</td>
<td>0.003339</td>
<td>12232949760</td>
</tr>
<tr>
<td>axtls__k10__q36.cnf</td>
<td>94</td>
<td>200</td>
<td>0</td>
<td>0.000304</td>
<td>UNSAT</td>
</tr>
<tr>
<td>axtls__k10__q37.cnf</td>
<td>94</td>
<td>200</td>
<td>0</td>
<td>0.000295</td>
<td>UNSAT</td>
</tr>
<tr>
<td>axtls__k10__q38.cnf</td>
<td>94</td>
<td>200</td>
<td>0</td>
<td>0.000302</td>
<td>UNSAT</td>
</tr>
<tr>
<td>axtls__k10__q40.cnf</td>
<td>94</td>
<td>200</td>
<td>0</td>
<td>0.000324</td>
<td>UNSAT</td>
</tr>
<tr>
<td>axtls__k10__q41.cnf</td>
<td>94</td>
<td>200</td>
<td>0</td>
<td>0.000447</td>
<td>UNSAT</td>
</tr>
<tr>
<td>axtls__k10__q43.cnf</td>
<td>94</td>
<td>200</td>
<td>0</td>
<td>0.000301</td>
<td>UNSAT</td>
</tr>
<tr>
<td>axtls__k10__q44.cnf</td>
<td>94</td>
<td>200</td>
<td>0</td>
<td>0.000296</td>
<td>UNSAT</td>
</tr>
<tr>
<td>axtls__k10__q45.cnf</td>
<td>94</td>
<td>200</td>
<td>0</td>
<td>0.000334</td>
<td>UNSAT</td>
</tr>
<tr>
<td>axtls__k10__q47.cnf</td>
<td>94</td>
<td>200</td>
<td>0</td>
<td>0.000364</td>
<td>UNSAT</td>
</tr>
<tr>
<td>axtls__k10__q48.cnf</td>
<td>94</td>
<td>200</td>
<td>0</td>
<td>0.000307</td>
<td>UNSAT</td>
</tr>
<tr>
<td>axtls__k10__q49.cnf</td>
<td>94</td>
<td>200</td>
<td>0</td>
<td>0.000294</td>
<td>UNSAT</td>
</tr>
<tr>
<td>axtls__k10__q0.cnf</td>
<td>94</td>
<td>200</td>
<td>0</td>
<td>0.000286</td>
<td>UNSAT</td>
</tr>
<tr>
<td>axtls__k10__q3.cnf</td>
<td>94</td>
<td>200</td>
<td>0</td>
<td>0.000293</td>
<td>UNSAT</td>
</tr>
<tr>
<td>axtls__k10__q4.cnf</td>
<td>94</td>
<td>200</td>
<td>11</td>
<td>0.003002</td>
<td>6266880</td>
</tr>
<tr>
<td>axtls__k10__q5.cnf</td>
<td>94</td>
<td>200</td>
<td>0</td>
<td>0.000294</td>
<td>UNSAT</td>
</tr>
<tr>
<td>axtls__k10__q6.cnf</td>
<td>94</td>
<td>200</td>
<td>25</td>
<td>0.0033</td>
<td>85159200</td>
</tr>
<tr>
<td>axtls__k10__q7.cnf</td>
<td>94</td>
<td>200</td>
<td>15</td>
<td>0.002985</td>
<td>18800640</td>
</tr>
<tr>
<td>axtls__k10__q9.cnf</td>
<td>94</td>
<td>200</td>
<td>0</td>
<td>0.00035</td>
<td>UNSAT</td>
</tr>
<tr>
<td>axtls__k10__q10.cnf</td>
<td>94</td>
<td>200</td>
<td>32</td>
<td>0.003522</td>
<td>4473216</td>
</tr>
<tr>
<td>axtls__k10__q11.cnf</td>
<td>94</td>
<td>200</td>
<td>0</td>
<td>0.000302</td>
<td>UNSAT</td>
</tr>
<tr>
<td>axtls__k10__q12.cnf</td>
<td>94</td>
<td>200</td>
<td>21</td>
<td>0.003249</td>
<td>24064819200</td>
</tr>
<tr>
<td>axtls__k10__q13.cnf</td>
<td>94</td>
<td>200</td>
<td>18</td>
<td>0.00305</td>
<td>360972288</td>
</tr>
<tr>
<td>axtls__k10__q14.cnf</td>
<td>94</td>
<td>200</td>
<td>0</td>
<td>0.000289</td>
<td>UNSAT</td>
</tr>
<tr>
<td>axtls__k10__q15.cnf</td>
<td>94</td>
<td>200</td>
<td>0</td>
<td>0.0003</td>
<td>UNSAT</td>
</tr>
<tr>
<td>axtls__k10__q16.cnf</td>
<td>94</td>
<td>200</td>
<td>17</td>
<td>0.003161</td>
<td>8153726976</td>
</tr>
<tr>
<td>axtls__k10__q17.cnf</td>
<td>94</td>
<td>200</td>
<td>27</td>
<td>0.003105</td>
<td>16594108416</td>
</tr>
<tr>
<td>axtls__k10__q18.cnf</td>
<td>94</td>
<td>200</td>
<td>0</td>
<td>0.000281</td>
<td>UNSAT</td>
</tr>
<tr>
<td>axtls__k10__q19.cnf</td>
<td>94</td>
<td>200</td>
<td>0</td>
<td>0.00028</td>
<td>UNSAT</td>
</tr>
<tr>
<td>axtls__k10__q20.cnf</td>
<td>94</td>
<td>200</td>
<td>0</td>
<td>0.000274</td>
<td>UNSAT</td>
</tr>
<tr>
<td>axtls__k10__q21.cnf</td>
<td>94</td>
<td>200</td>
<td>0</td>
<td>0.000318</td>
<td>UNSAT</td>
</tr>
<tr>
<td>axtls__k10__q22.cnf</td>
<td>94</td>
<td>200</td>
<td>0</td>
<td>0.000322</td>
<td>UNSAT</td>
</tr>
<tr>
<td>axtls__k10__q23.cnf</td>
<td>94</td>
<td>200</td>
<td>33</td>
<td>0.004021</td>
<td>70783875584</td>
</tr>
<tr>
<td>axtls__k10__q24.cnf</td>
<td>94</td>
<td>200</td>
<td>0</td>
<td>0.000273</td>
<td>UNSAT</td>
</tr>
<tr>
<td>axtls__k10__q26.cnf</td>
<td>94</td>
<td>200</td>
<td>0</td>
<td>0.000279</td>
<td>UNSAT</td>
</tr>
<tr>
<td>axtls__k10__q27.cnf</td>
<td>94</td>
<td>200</td>
<td>0</td>
<td>0.000298</td>
<td>UNSAT</td>
</tr>
<tr>
<td>axtls__k10__q28.cnf</td>
<td>94</td>
<td>200</td>
<td>0</td>
<td>0.000291</td>
<td>UNSAT</td>
</tr>
<tr>
<td>axtls__k10__q29.cnf</td>
<td>94</td>
<td>200</td>
<td>0</td>
<td>0.000288</td>
<td>UNSAT</td>
</tr>
<tr>
<td>axtls__k10__q30.cnf</td>
<td>94</td>
<td>200</td>
<td>16</td>
<td>0.002972</td>
<td>12995002368</td>
</tr>
<tr>
<td>axtls__k10__q32.cnf</td>
<td>94</td>
<td>200</td>
<td>0</td>
<td>0.000292</td>
<td>UNSAT</td>
</tr>
<tr>
<td>axtls__k10__q33.cnf</td>
<td>94</td>
<td>200</td>
<td>0</td>
<td>0.000297</td>
<td>UNSAT</td>
</tr>
<tr>
<td>axtls__k10__q34.cnf</td>
<td>94</td>
<td>200</td>
<td>0</td>
<td>0.000292</td>
<td>UNSAT</td>
</tr>
<tr>
<td>axtls__k10__q35.cnf</td>
<td>94</td>
<td>200</td>
<td>23</td>
<td>0.003326</td>
<td>12232949760</td>
</tr>
<tr>
<td>axtls__k10__q36.cnf</td>
<td>94</td>
<td>200</td>
<td>0</td>
<td>0.00031</td>
<td>UNSAT</td>
</tr>
<tr>
<td>axtls__k10__q37.cnf</td>
<td>94</td>
<td>200</td>
<td>0</td>
<td>0.000291</td>
<td>UNSAT</td>
</tr>
<tr>
<td>axtls__k10__q38.cnf</td>
<td>94</td>
<td>200</td>
<td>0</td>
<td>0.000288</td>
<td>UNSAT</td>
</tr>
<tr>
<td>axtls__k10__q40.cnf</td>
<td>94</td>
<td>200</td>
<td>0</td>
<td>0.000363</td>
<td>UNSAT</td>
</tr>
<tr>
<td>axtls__k10__q41.cnf</td>
<td>94</td>
<td>200</td>
<td>0</td>
<td>0.000343</td>
<td>UNSAT</td>
</tr>
<tr>
<td>axtls__k10__q43.cnf</td>
<td>94</td>
<td>200</td>
<td>0</td>
<td>0.000341</td>
<td>UNSAT</td>
</tr>
<tr>
<td>axtls__k10__q44.cnf</td>
<td>94</td>
<td>200</td>
<td>0</td>
<td>0.000298</td>
<td>UNSAT</td>
</tr>
<tr>
<td>axtls__k10__q45.cnf</td>
<td>94</td>
<td>200</td>
<td>0</td>
<td>0.000281</td>
<td>UNSAT</td>
</tr>
<tr>
<td>axtls__k10__q47.cnf</td>
<td>94</td>
<td>200</td>
<td>0</td>
<td>0.000294</td>
<td>UNSAT</td>
</tr>
<tr>
<td>axtls__k10__q48.cnf</td>
<td>94</td>
<td>200</td>
<td>0</td>
<td>0.000301</td>
<td>UNSAT</td>
</tr>
<tr>
<td>axtls__k10__q49.cnf</td>
<td>94</td>
<td>200</td>
<td>0</td>
<td>0.000282</td>
<td>UNSAT</td>
</tr>
<tr>
<td>axtls__k10__q0.cnf</td>
<td>94</td>
<td>200</td>
<td>0</td>
<td>0.000316</td>
<td>UNSAT</td>
</tr>
<tr>
<td>axtls__k10__q3.cnf</td>
<td>94</td>
<td>200</td>
<td>0</td>
<td>0.00031</td>
<td>UNSAT</td>
</tr>
<tr>
<td>axtls__k10__q4.cnf</td>
<td>94</td>
<td>200</td>
<td>11</td>
<td>0.002978</td>
<td>6266880</td>
</tr>
<tr>
<td>axtls__k10__q5.cnf</td>
<td>94</td>
<td>200</td>
<td>0</td>
<td>0.000285</td>
<td>UNSAT</td>
</tr>
<tr>
<td>axtls__k10__q6.cnf</td>
<td>94</td>
<td>200</td>
<td>25</td>
<td>0.003256</td>
<td>85159200</td>
</tr>
<tr>
<td>axtls__k10__q7.cnf</td>
<td>94</td>
<td>200</td>
<td>15</td>
<td>0.002913</td>
<td>18800640</td>
</tr>
<tr>
<td>axtls__k10__q9.cnf</td>
<td>94</td>
<td>200</td>
<td>0</td>
<td>0.000289</td>
<td>UNSAT</td>
</tr>
<tr>
<td>axtls__k10__q10.cnf</td>
<td>94</td>
<td>200</td>
<td>32</td>
<td>0.003385</td>
<td>4473216</td>
</tr>
<tr>
<td>axtls__k10__q11.cnf</td>
<td>94</td>
<td>200</td>
<td>0</td>
<td>0.000294</td>
<td>UNSAT</td>
</tr>
<tr>
<td>axtls__k10__q12.cnf</td>
<td>94</td>
<td>200</td>
<td>21</td>
<td>0.002964</td>
<td>24064819200</td>
</tr>
<tr>
<td>axtls__k10__q13.cnf</td>
<td>94</td>
<td>200</td>
<td>18</td>
<td>0.003076</td>
<td>360972288</td>
</tr>
<tr>
<td>axtls__k10__q14.cnf</td>
<td>94</td>
<td>200</td>
<td>0</td>
<td>0.00029</td>
<td>UNSAT</td>
</tr>
<tr>
<td>axtls__k10__q15.cnf</td>
<td>94</td>
<td>200</td>
<td>0</td>
<td>0.000299</td>
<td>UNSAT</td>
</tr>
<tr>
<td>axtls__k10__q16.cnf</td>
<td>94</td>
<td>200</td>
<td>17</td>
<td>0.003215</td>
<td>8153726976</td>
</tr>
<tr>
<td>axtls__k10__q17.cnf</td>
<td>94</td>
<td>200</td>
<td>27</td>
<td>0.003024</td>
<td>16594108416</td>
</tr>
<tr>
<td>axtls__k10__q18.cnf</td>
<td>94</td>
<td>200</td>
<td>0</td>
<td>0.000338</td>
<td>UNSAT</td>
</tr>
<tr>
<td>axtls__k10__q19.cnf</td>
<td>94</td>
<td>200</td>
<td>0</td>
<td>0.000283</td>
<td>UNSAT</td>
</tr>
<tr>
<td>axtls__k10__q20.cnf</td>
<td>94</td>
<td>200</td>
<td>0</td>
<td>0.000261</td>
<td>UNSAT</td>
</tr>
<tr>
<td>axtls__k10__q21.cnf</td>
<td>94</td>
<td>200</td>
<td>0</td>
<td>0.00028</td>
<td>UNSAT</td>
</tr>
<tr>
<td>axtls__k10__q22.cnf</td>
<td>94</td>
<td>200</td>
<td>0</td>
<td>0.000324</td>
<td>UNSAT</td>
</tr>
<tr>
<td>axtls__k10__q23.cnf</td>
<td>94</td>
<td>200</td>
<td>33</td>
<td>0.003703</td>
<td>70783875584</td>
</tr>
<tr>
<td>axtls__k10__q24.cnf</td>
<td>94</td>
<td>200</td>
<td>0</td>
<td>0.000284</td>
<td>UNSAT</td>
</tr>
<tr>
<td>axtls__k10__q26.cnf</td>
<td>94</td>
<td>200</td>
<td>0</td>
<td>0.000298</td>
<td>UNSAT</td>
</tr>
<tr>
<td>axtls__k10__q27.cnf</td>
<td>94</td>
<td>200</td>
<td>0</td>
<td>0.000292</td>
<td>UNSAT</td>
</tr>
<tr>
<td>axtls__k10__q28.cnf</td>
<td>94</td>
<td>200</td>
<td>0</td>
<td>0.000315</td>
<td>UNSAT</td>
</tr>
<tr>
<td>axtls__k10__q29.cnf</td>
<td>94</td>
<td>200</td>
<td>0</td>
<td>0.000352</td>
<td>UNSAT</td>
</tr>
<tr>
<td>axtls__k10__q30.cnf</td>
<td>94</td>
<td>200</td>
<td>16</td>
<td>0.003103</td>
<td>12995002368</td>
</tr>
<tr>
<td>axtls__k10__q32.cnf</td>
<td>94</td>
<td>200</td>
<td>0</td>
<td>0.000324</td>
<td>UNSAT</td>
</tr>
<tr>
<td>axtls__k10__q33.cnf</td>
<td>94</td>
<td>200</td>
<td>0</td>
<td>0.000292</td>
<td>UNSAT</td>
</tr>
<tr>
<td>axtls__k10__q34.cnf</td>
<td>94</td>
<td>200</td>
<td>0</td>
<td>0.000286</td>
<td>UNSAT</td>
</tr>
<tr>
<td>axtls__k10__q35.cnf</td>
<td>94</td>
<td>200</td>
<td>23</td>
<td>0.003305</td>
<td>12232949760</td>
</tr>
<tr>
<td>axtls__k10__q36.cnf</td>
<td>94</td>
<td>200</td>
<td>0</td>
<td>0.00029</td>
<td>UNSAT</td>
</tr>
<tr>
<td>axtls__k10__q37.cnf</td>
<td>94</td>
<td>200</td>
<td>0</td>
<td>0.00028</td>
<td>UNSAT</td>
</tr>
<tr>
<td>axtls__k10__q38.cnf</td>
<td>94</td>
<td>200</td>
<td>0</td>
<td>0.00028</td>
<td>UNSAT</td>
</tr>
<tr>
<td>axtls__k10__q40.cnf</td>
<td>94</td>
<td>200</td>
<td>0</td>
<td>0.000325</td>
<td>UNSAT</td>
</tr>
<tr>
<td>axtls__k10__q41.cnf</td>
<td>94</td>
<td>200</td>
<td>0</td>
<td>0.000354</td>
<td>UNSAT</td>
</tr>
<tr>
<td>axtls__k10__q43.cnf</td>
<td>94</td>
<td>200</td>
<td>0</td>
<td>0.000331</td>
<td>UNSAT</td>
</tr>
<tr>
<td>axtls__k10__q44.cnf</td>
<td>94</td>
<td>200</td>
<td>0</td>
<td>0.000317</td>
<td>UNSAT</td>
</tr>
<tr>
<td>axtls__k10__q45.cnf</td>
<td>94</td>
<td>200</td>
<td>0</td>
<td>0.000284</td>
<td>UNSAT</td>
</tr>
<tr>
<td>axtls__k10__q47.cnf</td>
<td>94</td>
<td>200</td>
<td>0</td>
<td>0.000296</td>
<td>UNSAT</td>
</tr>
<tr>
<td>axtls__k10__q48.cnf</td>
<td>94</td>
<td>200</td>
<td>0</td>
<td>0.000279</td>
<td>UNSAT</td>
</tr>
<tr>
<td>axtls__k10__q49.cnf</td>
<td>94</td>
<td>200</td>
<td>0</td>
<td>0.000299</td>
<td>UNSAT</td>
</tr>
<tr>
<td>axtls__k10__q0.cnf</td>
<td>94</td>
<td>200</td>
<td>0</td>
<td>0.000407</td>
<td>UNSAT</td>
</tr>
<tr>
<td>axtls__k10__q3.cnf</td>
<td>94</td>
<td>200</td>
<td>0</td>
<td>0.000304</td>
<td>UNSAT</td>
</tr>
<tr>
<td>axtls__k10__q4.cnf</td>
<td>94</td>
<td>200</td>
<td>11</td>
<td>0.003118</td>
<td>6266880</td>
</tr>
<tr>
<td>axtls__k10__q5.cnf</td>
<td>94</td>
<td>200</td>
<td>0</td>
<td>0.000284</td>
<td>UNSAT</td>
</tr>
<tr>
<td>axtls__k10__q6.cnf</td>
<td>94</td>
<td>200</td>
<td>25</td>
<td>0.003195</td>
<td>85159200</td>
</tr>
<tr>
<td>axtls__k10__q7.cnf</td>
<td>94</td>
<td>200</td>
<td>15</td>
<td>0.003059</td>
<td>18800640</td>
</tr>
<tr>
<td>axtls__k10__q9.cnf</td>
<td>94</td>
<td>200</td>
<td>0</td>
<td>0.000421</td>
<td>UNSAT</td>
</tr>
<tr>
<td>axtls__k10__q10.cnf</td>
<td>94</td>
<td>200</td>
<td>32</td>
<td>0.003653</td>
<td>4473216</td>
</tr>
<tr>
<td>axtls__k10__q11.cnf</td>
<td>94</td>
<td>200</td>
<td>0</td>
<td>0.000286</td>
<td>UNSAT</td>
</tr>
<tr>
<td>axtls__k10__q12.cnf</td>
<td>94</td>
<td>200</td>
<td>21</td>
<td>0.002964</td>
<td>24064819200</td>
</tr>
<tr>
<td>axtls__k10__q13.cnf</td>
<td>94</td>
<td>200</td>
<td>18</td>
<td>0.003097</td>
<td>360972288</td>
</tr>
<tr>
<td>axtls__k10__q14.cnf</td>
<td>94</td>
<td>200</td>
<td>0</td>
<td>0.000275</td>
<td>UNSAT</td>
</tr>
<tr>
<td>axtls__k10__q15.cnf</td>
<td>94</td>
<td>200</td>
<td>0</td>
<td>0.000283</td>
<td>UNSAT</td>
</tr>
<tr>
<td>axtls__k10__q16.cnf</td>
<td>94</td>
<td>200</td>
<td>17</td>
<td>0.002936</td>
<td>8153726976</td>
</tr>
<tr>
<td>axtls__k10__q17.cnf</td>
<td>94</td>
<td>200</td>
<td>27</td>
<td>0.003012</td>
<td>16594108416</td>
</tr>
<tr>
<td>axtls__k10__q18.cnf</td>
<td>94</td>
<td>200</td>
<td>0</td>
<td>0.0003</td>
<td>UNSAT</td>
</tr>
<tr>
<td>axtls__k10__q19.cnf</td>
<td>94</td>
<td>200</td>
<td>0</td>
<td>0.000291</td>
<td>UNSAT</td>
</tr>
<tr>
<td>axtls__k10__q20.cnf</td>
<td>94</td>
<td>200</td>
<td>0</td>
<td>0.000271</td>
<td>UNSAT</td>
</tr>
<tr>
<td>axtls__k10__q21.cnf</td>
<td>94</td>
<td>200</td>
<td>0</td>
<td>0.000259</td>
<td>UNSAT</td>
</tr>
<tr>
<td>axtls__k10__q22.cnf</td>
<td>94</td>
<td>200</td>
<td>0</td>
<td>0.000265</td>
<td>UNSAT</td>
</tr>
<tr>
<td>axtls__k10__q23.cnf</td>
<td>94</td>
<td>200</td>
<td>33</td>
<td>0.003648</td>
<td>70783875584</td>
</tr>
<tr>
<td>axtls__k10__q24.cnf</td>
<td>94</td>
<td>200</td>
<td>0</td>
<td>0.000341</td>
<td>UNSAT</td>
</tr>
<tr>
<td>axtls__k10__q26.cnf</td>
<td>94</td>
<td>200</td>
<td>0</td>
<td>0.000298</td>
<td>UNSAT</td>
</tr>
<tr>
<td>axtls__k10__q27.cnf</td>
<td>94</td>
<td>200</td>
<td>0</td>
<td>0.000292</td>
<td>UNSAT</td>
</tr>
<tr>
<td>axtls__k10__q28.cnf</td>
<td>94</td>
<td>200</td>
<td>0</td>
<td>0.000277</td>
<td>UNSAT</td>
</tr>
<tr>
<td>axtls__k10__q29.cnf</td>
<td>94</td>
<td>200</td>
<td>0</td>
<td>0.000298</td>
<td>UNSAT</td>
</tr>
<tr>
<td>axtls__k10__q30.cnf</td>
<td>94</td>
<td>200</td>
<td>16</td>
<td>0.002978</td>
<td>12995002368</td>
</tr>
<tr>
<td>axtls__k10__q32.cnf</td>
<td>94</td>
<td>200</td>
<td>0</td>
<td>0.000306</td>
<td>UNSAT</td>
</tr>
<tr>
<td>axtls__k10__q33.cnf</td>
<td>94</td>
<td>200</td>
<td>0</td>
<td>0.000285</td>
<td>UNSAT</td>
</tr>
<tr>
<td>axtls__k10__q34.cnf</td>
<td>94</td>
<td>200</td>
<td>0</td>
<td>0.000292</td>
<td>UNSAT</td>
</tr>
<tr>
<td>axtls__k10__q35.cnf</td>
<td>94</td>
<td>200</td>
<td>23</td>
<td>0.003199</td>
<td>12232949760</td>
</tr>
<tr>
<td>axtls__k10__q36.cnf</td>
<td>94</td>
<td>200</td>
<td>0</td>
<td>0.000277</td>
<td>UNSAT</td>
</tr>
<tr>
<td>axtls__k10__q37.cnf</td>
<td>94</td>
<td>200</td>
<td>0</td>
<td>0.000276</td>
<td>UNSAT</td>
</tr>
<tr>
<td>axtls__k10__q38.cnf</td>
<td>94</td>
<td>200</td>
<td>0</td>
<td>0.000283</td>
<td>UNSAT</td>
</tr>
<tr>
<td>axtls__k10__q40.cnf</td>
<td>94</td>
<td>200</td>
<td>0</td>
<td>0.000307</td>
<td>UNSAT</td>
</tr>
<tr>
<td>axtls__k10__q41.cnf</td>
<td>94</td>
<td>200</td>
<td>0</td>
<td>0.000296</td>
<td>UNSAT</td>
</tr>
<tr>
<td>axtls__k10__q43.cnf</td>
<td>94</td>
<td>200</td>
<td>0</td>
<td>0.000294</td>
<td>UNSAT</td>
</tr>
<tr>
<td>axtls__k10__q44.cnf</td>
<td>94</td>
<td>200</td>
<td>0</td>
<td>0.000281</td>
<td>UNSAT</td>
</tr>
<tr>
<td>axtls__k10__q45.cnf</td>
<td>94</td>
<td>200</td>
<td>0</td>
<td>0.000275</td>
<td>UNSAT</td>
</tr>
<tr>
<td>axtls__k10__q47.cnf</td>
<td>94</td>
<td>200</td>
<td>0</td>
<td>0.000296</td>
<td>UNSAT</td>
</tr>
<tr>
<td>axtls__k10__q48.cnf</td>
<td>94</td>
<td>200</td>
<td>0</td>
<td>0.00029</td>
<td>UNSAT</td>
</tr>
<tr>
<td>axtls__k10__q49.cnf</td>
<td>94</td>
<td>200</td>
<td>0</td>
<td>0.000287</td>
<td>UNSAT</td>
</tr>
<tr>
<td>axtls__k10__q0.cnf</td>
<td>94</td>
<td>200</td>
<td>0</td>
<td>0.000288</td>
<td>UNSAT</td>
</tr>
<tr>
<td>axtls__k10__q3.cnf</td>
<td>94</td>
<td>200</td>
<td>0</td>
<td>0.00031</td>
<td>UNSAT</td>
</tr>
<tr>
<td>axtls__k10__q4.cnf</td>
<td>94</td>
<td>200</td>
<td>11</td>
<td>0.003023</td>
<td>6266880</td>
</tr>
<tr>
<td>axtls__k10__q5.cnf</td>
<td>94</td>
<td>200</td>
<td>0</td>
<td>0.000452</td>
<td>UNSAT</td>
</tr>
<tr>
<td>axtls__k10__q6.cnf</td>
<td>94</td>
<td>200</td>
<td>25</td>
<td>0.003263</td>
<td>85159200</td>
</tr>
<tr>
<td>axtls__k10__q7.cnf</td>
<td>94</td>
<td>200</td>
<td>15</td>
<td>0.003011</td>
<td>18800640</td>
</tr>
<tr>
<td>axtls__k10__q9.cnf</td>
<td>94</td>
<td>200</td>
<td>0</td>
<td>0.000303</td>
<td>UNSAT</td>
</tr>
<tr>
<td>axtls__k10__q10.cnf</td>
<td>94</td>
<td>200</td>
<td>32</td>
<td>0.004888</td>
<td>4473216</td>
</tr>
<tr>
<td>axtls__k10__q11.cnf</td>
<td>94</td>
<td>200</td>
<td>0</td>
<td>0.000316</td>
<td>UNSAT</td>
</tr>
<tr>
<td>axtls__k10__q12.cnf</td>
<td>94</td>
<td>200</td>
<td>21</td>
<td>0.003481</td>
<td>24064819200</td>
</tr>
<tr>
<td>axtls__k10__q13.cnf</td>
<td>94</td>
<td>200</td>
<td>18</td>
<td>0.003056</td>
<td>360972288</td>
</tr>
<tr>
<td>axtls__k10__q14.cnf</td>
<td>94</td>
<td>200</td>
<td>0</td>
<td>0.000303</td>
<td>UNSAT</td>
</tr>
<tr>
<td>axtls__k10__q15.cnf</td>
<td>94</td>
<td>200</td>
<td>0</td>
<td>0.000344</td>
<td>UNSAT</td>
</tr>
<tr>
<td>axtls__k10__q16.cnf</td>
<td>94</td>
<td>200</td>
<td>17</td>
<td>0.003544</td>
<td>8153726976</td>
</tr>
<tr>
<td>axtls__k10__q17.cnf</td>
<td>94</td>
<td>200</td>
<td>27</td>
<td>0.003774</td>
<td>16594108416</td>
</tr>
<tr>
<td>axtls__k10__q18.cnf</td>
<td>94</td>
<td>200</td>
<td>0</td>
<td>0.000385</td>
<td>UNSAT</td>
</tr>
<tr>
<td>axtls__k10__q19.cnf</td>
<td>94</td>
<td>200</td>
<td>0</td>
<td>0.000377</td>
<td>UNSAT</td>
</tr>
<tr>
<td>axtls__k10__q20.cnf</td>
<td>94</td>
<td>200</td>
<td>0</td>
<td>0.000372</td>
<td>UNSAT</td>
</tr>
<tr>
<td>axtls__k10__q21.cnf</td>
<td>94</td>
<td>200</td>
<td>0</td>
<td>0.00039</td>
<td>UNSAT</td>
</tr>
<tr>
<td>axtls__k10__q22.cnf</td>
<td>94</td>
<td>200</td>
<td>0</td>
<td>0.000417</td>
<td>UNSAT</td>
</tr>
<tr>
<td>axtls__k10__q23.cnf</td>
<td>94</td>
<td>200</td>
<td>33</td>
<td>0.004238</td>
<td>70783875584</td>
</tr>
<tr>
<td>axtls__k10__q24.cnf</td>
<td>94</td>
<td>200</td>
<td>0</td>
<td>0.000294</td>
<td>UNSAT</td>
</tr>
<tr>
<td>axtls__k10__q26.cnf</td>
<td>94</td>
<td>200</td>
<td>0</td>
<td>0.000288</td>
<td>UNSAT</td>
</tr>
<tr>
<td>axtls__k10__q27.cnf</td>
<td>94</td>
<td>200</td>
<td>0</td>
<td>0.000281</td>
<td>UNSAT</td>
</tr>
<tr>
<td>axtls__k10__q28.cnf</td>
<td>94</td>
<td>200</td>
<td>0</td>
<td>0.000667</td>
<td>UNSAT</td>
</tr>
<tr>
<td>axtls__k10__q29.cnf</td>
<td>94</td>
<td>200</td>
<td>0</td>
<td>0.000294</td>
<td>UNSAT</td>
</tr>
<tr>
<td>axtls__k10__q30.cnf</td>
<td>94</td>
<td>200</td>
<td>16</td>
<td>0.003045</td>
<td>12995002368</td>
</tr>
<tr>
<td>axtls__k10__q32.cnf</td>
<td>94</td>
<td>200</td>
<td>0</td>
<td>0.000415</td>
<td>UNSAT</td>
</tr>
<tr>
<td>axtls__k10__q33.cnf</td>
<td>94</td>
<td>200</td>
<td>0</td>
<td>0.000334</td>
<td>UNSAT</td>
</tr>
<tr>
<td>axtls__k10__q34.cnf</td>
<td>94</td>
<td>200</td>
<td>0</td>
<td>0.000415</td>
<td>UNSAT</td>
</tr>
<tr>
<td>axtls__k10__q35.cnf</td>
<td>94</td>
<td>200</td>
<td>23</td>
<td>0.003633</td>
<td>12232949760</td>
</tr>
<tr>
<td>axtls__k10__q36.cnf</td>
<td>94</td>
<td>200</td>
<td>0</td>
<td>0.000293</td>
<td>UNSAT</td>
</tr>
<tr>
<td>axtls__k10__q37.cnf</td>
<td>94</td>
<td>200</td>
<td>0</td>
<td>0.000288</td>
<td>UNSAT</td>
</tr>
<tr>
<td>axtls__k10__q38.cnf</td>
<td>94</td>
<td>200</td>
<td>0</td>
<td>0.000289</td>
<td>UNSAT</td>
</tr>
<tr>
<td>axtls__k10__q40.cnf</td>
<td>94</td>
<td>200</td>
<td>0</td>
<td>0.000295</td>
<td>UNSAT</td>
</tr>
<tr>
<td>axtls__k10__q41.cnf</td>
<td>94</td>
<td>200</td>
<td>0</td>
<td>0.00029</td>
<td>UNSAT</td>
</tr>
<tr>
<td>axtls__k10__q43.cnf</td>
<td>94</td>
<td>200</td>
<td>0</td>
<td>0.000295</td>
<td>UNSAT</td>
</tr>
<tr>
<td>axtls__k10__q44.cnf</td>
<td>94</td>
<td>200</td>
<td>0</td>
<td>0.000295</td>
<td>UNSAT</td>
</tr>
<tr>
<td>axtls__k10__q45.cnf</td>
<td>94</td>
<td>200</td>
<td>0</td>
<td>0.000282</td>
<td>UNSAT</td>
</tr>
<tr>
<td>axtls__k10__q47.cnf</td>
<td>94</td>
<td>200</td>
<td>0</td>
<td>0.000305</td>
<td>UNSAT</td>
</tr>
<tr>
<td>axtls__k10__q48.cnf</td>
<td>94</td>
<td>200</td>
<td>0</td>
<td>0.000312</td>
<td>UNSAT</td>
</tr>
<tr>
<td>axtls__k10__q49.cnf</td>
<td>94</td>
<td>200</td>
<td>0</td>
<td>0.000282</td>
<td>UNSAT</td>
</tr>
<tr>
<td>axtls__k10__q0.cnf</td>
<td>94</td>
<td>200</td>
<td>0</td>
<td>0.00036</td>
<td>UNSAT</td>
</tr>
<tr>
<td>axtls__k10__q3.cnf</td>
<td>94</td>
<td>200</td>
<td>0</td>
<td>0.000307</td>
<td>UNSAT</td>
</tr>
<tr>
<td>axtls__k10__q4.cnf</td>
<td>94</td>
<td>200</td>
<td>11</td>
<td>0.003852</td>
<td>6266880</td>
</tr>
<tr>
<td>axtls__k10__q5.cnf</td>
<td>94</td>
<td>200</td>
<td>0</td>
<td>0.000291</td>
<td>UNSAT</td>
</tr>
<tr>
<td>axtls__k10__q6.cnf</td>
<td>94</td>
<td>200</td>
<td>25</td>
<td>0.003217</td>
<td>85159200</td>
</tr>
<tr>
<td>axtls__k10__q7.cnf</td>
<td>94</td>
<td>200</td>
<td>15</td>
<td>0.002961</td>
<td>18800640</td>
</tr>
<tr>
<td>axtls__k10__q9.cnf</td>
<td>94</td>
<td>200</td>
<td>0</td>
<td>0.000386</td>
<td>UNSAT</td>
</tr>
<tr>
<td>axtls__k10__q10.cnf</td>
<td>94</td>
<td>200</td>
<td>32</td>
<td>0.003802</td>
<td>4473216</td>
</tr>
<tr>
<td>axtls__k10__q11.cnf</td>
<td>94</td>
<td>200</td>
<td>0</td>
<td>0.000348</td>
<td>UNSAT</td>
</tr>
<tr>
<td>axtls__k10__q12.cnf</td>
<td>94</td>
<td>200</td>
<td>21</td>
<td>0.003221</td>
<td>24064819200</td>
</tr>
<tr>
<td>axtls__k10__q13.cnf</td>
<td>94</td>
<td>200</td>
<td>18</td>
<td>0.002959</td>
<td>360972288</td>
</tr>
<tr>
<td>axtls__k10__q14.cnf</td>
<td>94</td>
<td>200</td>
<td>0</td>
<td>0.000275</td>
<td>UNSAT</td>
</tr>
<tr>
<td>axtls__k10__q15.cnf</td>
<td>94</td>
<td>200</td>
<td>0</td>
<td>0.000278</td>
<td>UNSAT</td>
</tr>
<tr>
<td>axtls__k10__q16.cnf</td>
<td>94</td>
<td>200</td>
<td>17</td>
<td>0.002917</td>
<td>8153726976</td>
</tr>
<tr>
<td>axtls__k10__q17.cnf</td>
<td>94</td>
<td>200</td>
<td>27</td>
<td>0.003048</td>
<td>16594108416</td>
</tr>
<tr>
<td>axtls__k10__q18.cnf</td>
<td>94</td>
<td>200</td>
<td>0</td>
<td>0.00027</td>
<td>UNSAT</td>
</tr>
<tr>
<td>axtls__k10__q19.cnf</td>
<td>94</td>
<td>200</td>
<td>0</td>
<td>0.000291</td>
<td>UNSAT</td>
</tr>
<tr>
<td>axtls__k10__q20.cnf</td>
<td>94</td>
<td>200</td>
<td>0</td>
<td>0.000271</td>
<td>UNSAT</td>
</tr>
<tr>
<td>axtls__k10__q21.cnf</td>
<td>94</td>
<td>200</td>
<td>0</td>
<td>0.000336</td>
<td>UNSAT</td>
</tr>
<tr>
<td>axtls__k10__q22.cnf</td>
<td>94</td>
<td>200</td>
<td>0</td>
<td>0.000283</td>
<td>UNSAT</td>
</tr>
<tr>
<td>axtls__k10__q23.cnf</td>
<td>94</td>
<td>200</td>
<td>33</td>
<td>0.003988</td>
<td>70783875584</td>
</tr>
<tr>
<td>axtls__k10__q24.cnf</td>
<td>94</td>
<td>200</td>
<td>0</td>
<td>0.000285</td>
<td>UNSAT</td>
</tr>
<tr>
<td>axtls__k10__q26.cnf</td>
<td>94</td>
<td>200</td>
<td>0</td>
<td>0.000566</td>
<td>UNSAT</td>
</tr>
<tr>
<td>axtls__k10__q27.cnf</td>
<td>94</td>
<td>200</td>
<td>0</td>
<td>0.000317</td>
<td>UNSAT</td>
</tr>
<tr>
<td>axtls__k10__q28.cnf</td>
<td>94</td>
<td>200</td>
<td>0</td>
<td>0.000443</td>
<td>UNSAT</td>
</tr>
<tr>
<td>axtls__k10__q29.cnf</td>
<td>94</td>
<td>200</td>
<td>0</td>
<td>0.000336</td>
<td>UNSAT</td>
</tr>
<tr>
<td>axtls__k10__q30.cnf</td>
<td>94</td>
<td>200</td>
<td>16</td>
<td>0.003224</td>
<td>12995002368</td>
</tr>
<tr>
<td>axtls__k10__q32.cnf</td>
<td>94</td>
<td>200</td>
<td>0</td>
<td>0.000281</td>
<td>UNSAT</td>
</tr>
<tr>
<td>axtls__k10__q33.cnf</td>
<td>94</td>
<td>200</td>
<td>0</td>
<td>0.000571</td>
<td>UNSAT</td>
</tr>
<tr>
<td>axtls__k10__q34.cnf</td>
<td>94</td>
<td>200</td>
<td>0</td>
<td>0.000452</td>
<td>UNSAT</td>
</tr>
<tr>
<td>axtls__k10__q35.cnf</td>
<td>94</td>
<td>200</td>
<td>23</td>
<td>0.00324</td>
<td>12232949760</td>
</tr>
<tr>
<td>axtls__k10__q36.cnf</td>
<td>94</td>
<td>200</td>
<td>0</td>
<td>0.000278</td>
<td>UNSAT</td>
</tr>
<tr>
<td>axtls__k10__q37.cnf</td>
<td>94</td>
<td>200</td>
<td>0</td>
<td>0.000289</td>
<td>UNSAT</td>
</tr>
<tr>
<td>axtls__k10__q38.cnf</td>
<td>94</td>
<td>200</td>
<td>0</td>
<td>0.000297</td>
<td>UNSAT</td>
</tr>
<tr>
<td>axtls__k10__q40.cnf</td>
<td>94</td>
<td>200</td>
<td>0</td>
<td>0.000281</td>
<td>UNSAT</td>
</tr>
<tr>
<td>axtls__k10__q41.cnf</td>
<td>94</td>
<td>200</td>
<td>0</td>
<td>0.000342</td>
<td>UNSAT</td>
</tr>
<tr>
<td>axtls__k10__q43.cnf</td>
<td>94</td>
<td>200</td>
<td>0</td>
<td>0.000338</td>
<td>UNSAT</td>
</tr>
<tr>
<td>axtls__k10__q44.cnf</td>
<td>94</td>
<td>200</td>
<td>0</td>
<td>0.000282</td>
<td>UNSAT</td>
</tr>
<tr>
<td>axtls__k10__q45.cnf</td>
<td>94</td>
<td>200</td>
<td>0</td>
<td>0.000394</td>
<td>UNSAT</td>
</tr>
<tr>
<td>axtls__k10__q47.cnf</td>
<td>94</td>
<td>200</td>
<td>0</td>
<td>0.000406</td>
<td>UNSAT</td>
</tr>
<tr>
<td>axtls__k10__q48.cnf</td>
<td>94</td>
<td>200</td>
<td>0</td>
<td>0.000314</td>
<td>UNSAT</td>
</tr>
<tr>
<td>axtls__k10__q49.cnf</td>
<td>94</td>
<td>200</td>
<td>0</td>
<td>0.000303</td>
<td>UNSAT</td>
</tr>
<tr>
<td>axtls__k10__q0.cnf</td>
<td>94</td>
<td>200</td>
<td>0</td>
<td>0.000361</td>
<td>UNSAT</td>
</tr>
<tr>
<td>axtls__k10__q3.cnf</td>
<td>94</td>
<td>200</td>
<td>0</td>
<td>0.000308</td>
<td>UNSAT</td>
</tr>
<tr>
<td>axtls__k10__q4.cnf</td>
<td>94</td>
<td>200</td>
<td>11</td>
<td>0.003197</td>
<td>6266880</td>
</tr>
<tr>
<td>axtls__k10__q5.cnf</td>
<td>94</td>
<td>200</td>
<td>0</td>
<td>0.000304</td>
<td>UNSAT</td>
</tr>
<tr>
<td>axtls__k10__q6.cnf</td>
<td>94</td>
<td>200</td>
<td>25</td>
<td>0.003227</td>
<td>85159200</td>
</tr>
<tr>
<td>axtls__k10__q7.cnf</td>
<td>94</td>
<td>200</td>
<td>15</td>
<td>0.002933</td>
<td>18800640</td>
</tr>
<tr>
<td>axtls__k10__q9.cnf</td>
<td>94</td>
<td>200</td>
<td>0</td>
<td>0.000287</td>
<td>UNSAT</td>
</tr>
<tr>
<td>axtls__k10__q10.cnf</td>
<td>94</td>
<td>200</td>
<td>32</td>
<td>0.003341</td>
<td>4473216</td>
</tr>
<tr>
<td>axtls__k10__q11.cnf</td>
<td>94</td>
<td>200</td>
<td>0</td>
<td>0.000286</td>
<td>UNSAT</td>
</tr>
<tr>
<td>axtls__k10__q12.cnf</td>
<td>94</td>
<td>200</td>
<td>21</td>
<td>0.002972</td>
<td>24064819200</td>
</tr>
<tr>
<td>axtls__k10__q13.cnf</td>
<td>94</td>
<td>200</td>
<td>18</td>
<td>0.004764</td>
<td>360972288</td>
</tr>
<tr>
<td>axtls__k10__q14.cnf</td>
<td>94</td>
<td>200</td>
<td>0</td>
<td>0.000504</td>
<td>UNSAT</td>
</tr>
<tr>
<td>axtls__k10__q15.cnf</td>
<td>94</td>
<td>200</td>
<td>0</td>
<td>0.000293</td>
<td>UNSAT</td>
</tr>
<tr>
<td>axtls__k10__q16.cnf</td>
<td>94</td>
<td>200</td>
<td>17</td>
<td>0.003013</td>
<td>8153726976</td>
</tr>
<tr>
<td>axtls__k10__q17.cnf</td>
<td>94</td>
<td>200</td>
<td>27</td>
<td>0.003107</td>
<td>16594108416</td>
</tr>
<tr>
<td>axtls__k10__q18.cnf</td>
<td>94</td>
<td>200</td>
<td>0</td>
<td>0.000281</td>
<td>UNSAT</td>
</tr>
<tr>
<td>axtls__k10__q19.cnf</td>
<td>94</td>
<td>200</td>
<td>0</td>
<td>0.00028</td>
<td>UNSAT</td>
</tr>
<tr>
<td>axtls__k10__q20.cnf</td>
<td>94</td>
<td>200</td>
<td>0</td>
<td>0.000298</td>
<td>UNSAT</td>
</tr>
<tr>
<td>axtls__k10__q21.cnf</td>
<td>94</td>
<td>200</td>
<td>0</td>
<td>0.000281</td>
<td>UNSAT</td>
</tr>
<tr>
<td>axtls__k10__q22.cnf</td>
<td>94</td>
<td>200</td>
<td>0</td>
<td>0.000273</td>
<td>UNSAT</td>
</tr>
<tr>
<td>axtls__k10__q23.cnf</td>
<td>94</td>
<td>200</td>
<td>33</td>
<td>0.003843</td>
<td>70783875584</td>
</tr>
<tr>
<td>axtls__k10__q24.cnf</td>
<td>94</td>
<td>200</td>
<td>0</td>
<td>0.000436</td>
<td>UNSAT</td>
</tr>
<tr>
<td>axtls__k10__q26.cnf</td>
<td>94</td>
<td>200</td>
<td>0</td>
<td>0.000317</td>
<td>UNSAT</td>
</tr>
<tr>
<td>axtls__k10__q27.cnf</td>
<td>94</td>
<td>200</td>
<td>0</td>
<td>0.000324</td>
<td>UNSAT</td>
</tr>
<tr>
<td>axtls__k10__q28.cnf</td>
<td>94</td>
<td>200</td>
<td>0</td>
<td>0.000371</td>
<td>UNSAT</td>
</tr>
<tr>
<td>axtls__k10__q29.cnf</td>
<td>94</td>
<td>200</td>
<td>0</td>
<td>0.000286</td>
<td>UNSAT</td>
</tr>
<tr>
<td>axtls__k10__q30.cnf</td>
<td>94</td>
<td>200</td>
<td>16</td>
<td>0.003079</td>
<td>12995002368</td>
</tr>
<tr>
<td>axtls__k10__q32.cnf</td>
<td>94</td>
<td>200</td>
<td>0</td>
<td>0.00041</td>
<td>UNSAT</td>
</tr>
<tr>
<td>axtls__k10__q33.cnf</td>
<td>94</td>
<td>200</td>
<td>0</td>
<td>0.000344</td>
<td>UNSAT</td>
</tr>
<tr>
<td>axtls__k10__q34.cnf</td>
<td>94</td>
<td>200</td>
<td>0</td>
<td>0.000301</td>
<td>UNSAT</td>
</tr>
<tr>
<td>axtls__k10__q35.cnf</td>
<td>94</td>
<td>200</td>
<td>23</td>
<td>0.003271</td>
<td>12232949760</td>
</tr>
<tr>
<td>axtls__k10__q36.cnf</td>
<td>94</td>
<td>200</td>
<td>0</td>
<td>0.000283</td>
<td>UNSAT</td>
</tr>
<tr>
<td>axtls__k10__q37.cnf</td>
<td>94</td>
<td>200</td>
<td>0</td>
<td>0.000271</td>
<td>UNSAT</td>
</tr>
<tr>
<td>axtls__k10__q38.cnf</td>
<td>94</td>
<td>200</td>
<td>0</td>
<td>0.000287</td>
<td>UNSAT</td>
</tr>
<tr>
<td>axtls__k10__q40.cnf</td>
<td>94</td>
<td>200</td>
<td>0</td>
<td>0.000322</td>
<td>UNSAT</td>
</tr>
<tr>
<td>axtls__k10__q41.cnf</td>
<td>94</td>
<td>200</td>
<td>0</td>
<td>0.000699</td>
<td>UNSAT</td>
</tr>
<tr>
<td>axtls__k10__q43.cnf</td>
<td>94</td>
<td>200</td>
<td>0</td>
<td>0.000375</td>
<td>UNSAT</td>
</tr>
<tr>
<td>axtls__k10__q44.cnf</td>
<td>94</td>
<td>200</td>
<td>0</td>
<td>0.000292</td>
<td>UNSAT</td>
</tr>
<tr>
<td>axtls__k10__q45.cnf</td>
<td>94</td>
<td>200</td>
<td>0</td>
<td>0.000285</td>
<td>UNSAT</td>
</tr>
<tr>
<td>axtls__k10__q47.cnf</td>
<td>94</td>
<td>200</td>
<td>0</td>
<td>0.000645</td>
<td>UNSAT</td>
</tr>
<tr>
<td>axtls__k10__q48.cnf</td>
<td>94</td>
<td>200</td>
<td>0</td>
<td>0.0006</td>
<td>UNSAT</td>
</tr>
<tr>
<td>axtls__k10__q49.cnf</td>
<td>94</td>
<td>200</td>
<td>0</td>
<td>0.000416</td>
<td>UNSAT</td>
</tr>
<tr>
<td>axtls__k10__q0.cnf</td>
<td>94</td>
<td>200</td>
<td>0</td>
<td>0.000322</td>
<td>UNSAT</td>
</tr>
<tr>
<td>axtls__k10__q3.cnf</td>
<td>94</td>
<td>200</td>
<td>0</td>
<td>0.000319</td>
<td>UNSAT</td>
</tr>
<tr>
<td>axtls__k10__q4.cnf</td>
<td>94</td>
<td>200</td>
<td>11</td>
<td>0.003316</td>
<td>6266880</td>
</tr>
<tr>
<td>axtls__k10__q5.cnf</td>
<td>94</td>
<td>200</td>
<td>0</td>
<td>0.000289</td>
<td>UNSAT</td>
</tr>
<tr>
<td>axtls__k10__q6.cnf</td>
<td>94</td>
<td>200</td>
<td>25</td>
<td>0.003172</td>
<td>85159200</td>
</tr>
<tr>
<td>axtls__k10__q7.cnf</td>
<td>94</td>
<td>200</td>
<td>15</td>
<td>0.003108</td>
<td>18800640</td>
</tr>
<tr>
<td>axtls__k10__q9.cnf</td>
<td>94</td>
<td>200</td>
<td>0</td>
<td>0.000313</td>
<td>UNSAT</td>
</tr>
<tr>
<td>axtls__k10__q10.cnf</td>
<td>94</td>
<td>200</td>
<td>32</td>
<td>0.003555</td>
<td>4473216</td>
</tr>
<tr>
<td>axtls__k10__q11.cnf</td>
<td>94</td>
<td>200</td>
<td>0</td>
<td>0.000286</td>
<td>UNSAT</td>
</tr>
<tr>
<td>axtls__k10__q12.cnf</td>
<td>94</td>
<td>200</td>
<td>21</td>
<td>0.003103</td>
<td>24064819200</td>
</tr>
<tr>
<td>axtls__k10__q13.cnf</td>
<td>94</td>
<td>200</td>
<td>18</td>
<td>0.003468</td>
<td>360972288</td>
</tr>
<tr>
<td>axtls__k10__q14.cnf</td>
<td>94</td>
<td>200</td>
<td>0</td>
<td>0.000294</td>
<td>UNSAT</td>
</tr>
<tr>
<td>axtls__k10__q15.cnf</td>
<td>94</td>
<td>200</td>
<td>0</td>
<td>0.000318</td>
<td>UNSAT</td>
</tr>
<tr>
<td>axtls__k10__q16.cnf</td>
<td>94</td>
<td>200</td>
<td>17</td>
<td>0.003138</td>
<td>8153726976</td>
</tr>
<tr>
<td>axtls__k10__q17.cnf</td>
<td>94</td>
<td>200</td>
<td>27</td>
<td>0.003663</td>
<td>16594108416</td>
</tr>
<tr>
<td>axtls__k10__q18.cnf</td>
<td>94</td>
<td>200</td>
<td>0</td>
<td>0.000417</td>
<td>UNSAT</td>
</tr>
<tr>
<td>axtls__k10__q19.cnf</td>
<td>94</td>
<td>200</td>
<td>0</td>
<td>0.000335</td>
<td>UNSAT</td>
</tr>
<tr>
<td>axtls__k10__q20.cnf</td>
<td>94</td>
<td>200</td>
<td>0</td>
<td>0.000434</td>
<td>UNSAT</td>
</tr>
<tr>
<td>axtls__k10__q21.cnf</td>
<td>94</td>
<td>200</td>
<td>0</td>
<td>0.000367</td>
<td>UNSAT</td>
</tr>
<tr>
<td>axtls__k10__q22.cnf</td>
<td>94</td>
<td>200</td>
<td>0</td>
<td>0.000399</td>
<td>UNSAT</td>
</tr>
<tr>
<td>axtls__k10__q23.cnf</td>
<td>94</td>
<td>200</td>
<td>33</td>
<td>0.004703</td>
<td>70783875584</td>
</tr>
<tr>
<td>axtls__k10__q24.cnf</td>
<td>94</td>
<td>200</td>
<td>0</td>
<td>0.000369</td>
<td>UNSAT</td>
</tr>
<tr>
<td>axtls__k10__q26.cnf</td>
<td>94</td>
<td>200</td>
<td>0</td>
<td>0.000318</td>
<td>UNSAT</td>
</tr>
<tr>
<td>axtls__k10__q27.cnf</td>
<td>94</td>
<td>200</td>
<td>0</td>
<td>0.000412</td>
<td>UNSAT</td>
</tr>
<tr>
<td>axtls__k10__q28.cnf</td>
<td>94</td>
<td>200</td>
<td>0</td>
<td>0.000416</td>
<td>UNSAT</td>
</tr>
<tr>
<td>axtls__k10__q29.cnf</td>
<td>94</td>
<td>200</td>
<td>0</td>
<td>0.000327</td>
<td>UNSAT</td>
</tr>
<tr>
<td>axtls__k10__q30.cnf</td>
<td>94</td>
<td>200</td>
<td>16</td>
<td>0.003248</td>
<td>12995002368</td>
</tr>
<tr>
<td>axtls__k10__q32.cnf</td>
<td>94</td>
<td>200</td>
<td>0</td>
<td>0.000308</td>
<td>UNSAT</td>
</tr>
<tr>
<td>axtls__k10__q33.cnf</td>
<td>94</td>
<td>200</td>
<td>0</td>
<td>0.000306</td>
<td>UNSAT</td>
</tr>
<tr>
<td>axtls__k10__q34.cnf</td>
<td>94</td>
<td>200</td>
<td>0</td>
<td>0.000292</td>
<td>UNSAT</td>
</tr>
<tr>
<td>axtls__k10__q35.cnf</td>
<td>94</td>
<td>200</td>
<td>23</td>
<td>0.003312</td>
<td>12232949760</td>
</tr>
<tr>
<td>axtls__k10__q36.cnf</td>
<td>94</td>
<td>200</td>
<td>0</td>
<td>0.000288</td>
<td>UNSAT</td>
</tr>
<tr>
<td>axtls__k10__q37.cnf</td>
<td>94</td>
<td>200</td>
<td>0</td>
<td>0.000277</td>
<td>UNSAT</td>
</tr>
<tr>
<td>axtls__k10__q38.cnf</td>
<td>94</td>
<td>200</td>
<td>0</td>
<td>0.000271</td>
<td>UNSAT</td>
</tr>
<tr>
<td>axtls__k10__q40.cnf</td>
<td>94</td>
<td>200</td>
<td>0</td>
<td>0.000297</td>
<td>UNSAT</td>
</tr>
<tr>
<td>axtls__k10__q41.cnf</td>
<td>94</td>
<td>200</td>
<td>0</td>
<td>0.000273</td>
<td>UNSAT</td>
</tr>
<tr>
<td>axtls__k10__q43.cnf</td>
<td>94</td>
<td>200</td>
<td>0</td>
<td>0.000304</td>
<td>UNSAT</td>
</tr>
<tr>
<td>axtls__k10__q44.cnf</td>
<td>94</td>
<td>200</td>
<td>0</td>
<td>0.000288</td>
<td>UNSAT</td>
</tr>
<tr>
<td>axtls__k10__q45.cnf</td>
<td>94</td>
<td>200</td>
<td>0</td>
<td>0.00033</td>
<td>UNSAT</td>
</tr>
<tr>
<td>axtls__k10__q47.cnf</td>
<td>94</td>
<td>200</td>
<td>0</td>
<td>0.000395</td>
<td>UNSAT</td>
</tr>
<tr>
<td>axtls__k10__q48.cnf</td>
<td>94</td>
<td>200</td>
<td>0</td>
<td>0.000299</td>
<td>UNSAT</td>
</tr>
<tr>
<td>axtls__k10__q49.cnf</td>
<td>94</td>
<td>200</td>
<td>0</td>
<td>0.000331</td>
<td>UNSAT</td>
</tr>
<tr>
<td>axtls__k10__q0.cnf</td>
<td>94</td>
<td>200</td>
<td>0</td>
<td>0.000301</td>
<td>UNSAT</td>
</tr>
<tr>
<td>axtls__k10__q3.cnf</td>
<td>94</td>
<td>200</td>
<td>0</td>
<td>0.000342</td>
<td>UNSAT</td>
</tr>
<tr>
<td>axtls__k10__q4.cnf</td>
<td>94</td>
<td>200</td>
<td>11</td>
<td>0.003011</td>
<td>6266880</td>
</tr>
<tr>
<td>axtls__k10__q5.cnf</td>
<td>94</td>
<td>200</td>
<td>0</td>
<td>0.000282</td>
<td>UNSAT</td>
</tr>
<tr>
<td>axtls__k10__q6.cnf</td>
<td>94</td>
<td>200</td>
<td>25</td>
<td>0.003489</td>
<td>85159200</td>
</tr>
<tr>
<td>axtls__k10__q7.cnf</td>
<td>94</td>
<td>200</td>
<td>15</td>
<td>0.003</td>
<td>18800640</td>
</tr>
<tr>
<td>axtls__k10__q9.cnf</td>
<td>94</td>
<td>200</td>
<td>0</td>
<td>0.000294</td>
<td>UNSAT</td>
</tr>
<tr>
<td>axtls__k10__q10.cnf</td>
<td>94</td>
<td>200</td>
<td>32</td>
<td>0.003435</td>
<td>4473216</td>
</tr>
<tr>
<td>axtls__k10__q11.cnf</td>
<td>94</td>
<td>200</td>
<td>0</td>
<td>0.000334</td>
<td>UNSAT</td>
</tr>
<tr>
<td>axtls__k10__q12.cnf</td>
<td>94</td>
<td>200</td>
<td>21</td>
<td>0.003282</td>
<td>24064819200</td>
</tr>
<tr>
<td>axtls__k10__q13.cnf</td>
<td>94</td>
<td>200</td>
<td>18</td>
<td>0.003554</td>
<td>360972288</td>
</tr>
<tr>
<td>axtls__k10__q14.cnf</td>
<td>94</td>
<td>200</td>
<td>0</td>
<td>0.000409</td>
<td>UNSAT</td>
</tr>
<tr>
<td>axtls__k10__q15.cnf</td>
<td>94</td>
<td>200</td>
<td>0</td>
<td>0.000415</td>
<td>UNSAT</td>
</tr>
<tr>
<td>axtls__k10__q16.cnf</td>
<td>94</td>
<td>200</td>
<td>17</td>
<td>0.003787</td>
<td>8153726976</td>
</tr>
<tr>
<td>axtls__k10__q17.cnf</td>
<td>94</td>
<td>200</td>
<td>27</td>
<td>0.004848</td>
<td>16594108416</td>
</tr>
<tr>
<td>axtls__k10__q18.cnf</td>
<td>94</td>
<td>200</td>
<td>0</td>
<td>0.000404</td>
<td>UNSAT</td>
</tr>
<tr>
<td>axtls__k10__q19.cnf</td>
<td>94</td>
<td>200</td>
<td>0</td>
<td>0.000373</td>
<td>UNSAT</td>
</tr>
<tr>
<td>axtls__k10__q20.cnf</td>
<td>94</td>
<td>200</td>
<td>0</td>
<td>0.000473</td>
<td>UNSAT</td>
</tr>
<tr>
<td>axtls__k10__q21.cnf</td>
<td>94</td>
<td>200</td>
<td>0</td>
<td>0.000496</td>
<td>UNSAT</td>
</tr>
<tr>
<td>axtls__k10__q22.cnf</td>
<td>94</td>
<td>200</td>
<td>0</td>
<td>0.00036</td>
<td>UNSAT</td>
</tr>
<tr>
<td>axtls__k10__q23.cnf</td>
<td>94</td>
<td>200</td>
<td>33</td>
<td>0.00494</td>
<td>70783875584</td>
</tr>
<tr>
<td>axtls__k10__q24.cnf</td>
<td>94</td>
<td>200</td>
<td>0</td>
<td>0.000422</td>
<td>UNSAT</td>
</tr>
<tr>
<td>axtls__k10__q26.cnf</td>
<td>94</td>
<td>200</td>
<td>0</td>
<td>0.000447</td>
<td>UNSAT</td>
</tr>
<tr>
<td>axtls__k10__q27.cnf</td>
<td>94</td>
<td>200</td>
<td>0</td>
<td>0.002749</td>
<td>UNSAT</td>
</tr>
<tr>
<td>axtls__k10__q28.cnf</td>
<td>94</td>
<td>200</td>
<td>0</td>
<td>0.000666</td>
<td>UNSAT</td>
</tr>
<tr>
<td>axtls__k10__q29.cnf</td>
<td>94</td>
<td>200</td>
<td>0</td>
<td>0.000502</td>
<td>UNSAT</td>
</tr>
<tr>
<td>axtls__k10__q30.cnf</td>
<td>94</td>
<td>200</td>
<td>16</td>
<td>0.003947</td>
<td>12995002368</td>
</tr>
<tr>
<td>axtls__k10__q32.cnf</td>
<td>94</td>
<td>200</td>
<td>0</td>
<td>0.000454</td>
<td>UNSAT</td>
</tr>
<tr>
<td>axtls__k10__q33.cnf</td>
<td>94</td>
<td>200</td>
<td>0</td>
<td>0.000317</td>
<td>UNSAT</td>
</tr>
<tr>
<td>axtls__k10__q34.cnf</td>
<td>94</td>
<td>200</td>
<td>0</td>
<td>0.0003</td>
<td>UNSAT</td>
</tr>
<tr>
<td>axtls__k10__q35.cnf</td>
<td>94</td>
<td>200</td>
<td>23</td>
<td>0.003912</td>
<td>12232949760</td>
</tr>
<tr>
<td>axtls__k10__q36.cnf</td>
<td>94</td>
<td>200</td>
<td>0</td>
<td>0.000467</td>
<td>UNSAT</td>
</tr>
<tr>
<td>axtls__k10__q37.cnf</td>
<td>94</td>
<td>200</td>
<td>0</td>
<td>0.000326</td>
<td>UNSAT</td>
</tr>
<tr>
<td>axtls__k10__q38.cnf</td>
<td>94</td>
<td>200</td>
<td>0</td>
<td>0.000329</td>
<td>UNSAT</td>
</tr>
<tr>
<td>axtls__k10__q40.cnf</td>
<td>94</td>
<td>200</td>
<td>0</td>
<td>0.000361</td>
<td>UNSAT</td>
</tr>
<tr>
<td>axtls__k10__q41.cnf</td>
<td>94</td>
<td>200</td>
<td>0</td>
<td>0.000349</td>
<td>UNSAT</td>
</tr>
<tr>
<td>axtls__k10__q43.cnf</td>
<td>94</td>
<td>200</td>
<td>0</td>
<td>0.000353</td>
<td>UNSAT</td>
</tr>
<tr>
<td>axtls__k10__q44.cnf</td>
<td>94</td>
<td>200</td>
<td>0</td>
<td>0.000361</td>
<td>UNSAT</td>
</tr>
<tr>
<td>axtls__k10__q45.cnf</td>
<td>94</td>
<td>200</td>
<td>0</td>
<td>0.000524</td>
<td>UNSAT</td>
</tr>
<tr>
<td>axtls__k10__q47.cnf</td>
<td>94</td>
<td>200</td>
<td>0</td>
<td>0.000292</td>
<td>UNSAT</td>
</tr>
<tr>
<td>axtls__k10__q48.cnf</td>
<td>94</td>
<td>200</td>
<td>0</td>
<td>0.000332</td>
<td>UNSAT</td>
</tr>
<tr>
<td>axtls__k10__q49.cnf</td>
<td>94</td>
<td>200</td>
<td>0</td>
<td>0.000326</td>
<td>UNSAT</td>
</tr>
<tr>
<td>axtls__k10__q0.cnf</td>
<td>94</td>
<td>200</td>
<td>0</td>
<td>0.000314</td>
<td>UNSAT</td>
</tr>
<tr>
<td>axtls__k10__q3.cnf</td>
<td>94</td>
<td>200</td>
<td>0</td>
<td>0.000294</td>
<td>UNSAT</td>
</tr>
<tr>
<td>axtls__k10__q4.cnf</td>
<td>94</td>
<td>200</td>
<td>11</td>
<td>0.003007</td>
<td>6266880</td>
</tr>
<tr>
<td>axtls__k10__q5.cnf</td>
<td>94</td>
<td>200</td>
<td>0</td>
<td>0.000363</td>
<td>UNSAT</td>
</tr>
<tr>
<td>axtls__k10__q6.cnf</td>
<td>94</td>
<td>200</td>
<td>25</td>
<td>0.00338</td>
<td>85159200</td>
</tr>
<tr>
<td>axtls__k10__q7.cnf</td>
<td>94</td>
<td>200</td>
<td>15</td>
<td>0.00327</td>
<td>18800640</td>
</tr>
<tr>
<td>axtls__k10__q9.cnf</td>
<td>94</td>
<td>200</td>
<td>0</td>
<td>0.00044</td>
<td>UNSAT</td>
</tr>
<tr>
<td>axtls__k10__q10.cnf</td>
<td>94</td>
<td>200</td>
<td>32</td>
<td>0.003568</td>
<td>4473216</td>
</tr>
<tr>
<td>axtls__k10__q11.cnf</td>
<td>94</td>
<td>200</td>
<td>0</td>
<td>0.000293</td>
<td>UNSAT</td>
</tr>
<tr>
<td>axtls__k10__q12.cnf</td>
<td>94</td>
<td>200</td>
<td>21</td>
<td>0.003067</td>
<td>24064819200</td>
</tr>
<tr>
<td>axtls__k10__q13.cnf</td>
<td>94</td>
<td>200</td>
<td>18</td>
<td>0.003023</td>
<td>360972288</td>
</tr>
<tr>
<td>axtls__k10__q14.cnf</td>
<td>94</td>
<td>200</td>
<td>0</td>
<td>0.00034</td>
<td>UNSAT</td>
</tr>
<tr>
<td>axtls__k10__q15.cnf</td>
<td>94</td>
<td>200</td>
<td>0</td>
<td>0.000551</td>
<td>UNSAT</td>
</tr>
<tr>
<td>axtls__k10__q16.cnf</td>
<td>94</td>
<td>200</td>
<td>17</td>
<td>0.003643</td>
<td>8153726976</td>
</tr>
<tr>
<td>axtls__k10__q17.cnf</td>
<td>94</td>
<td>200</td>
<td>27</td>
<td>0.004245</td>
<td>16594108416</td>
</tr>
<tr>
<td>axtls__k10__q18.cnf</td>
<td>94</td>
<td>200</td>
<td>0</td>
<td>0.000325</td>
<td>UNSAT</td>
</tr>
<tr>
<td>axtls__k10__q19.cnf</td>
<td>94</td>
<td>200</td>
<td>0</td>
<td>0.000468</td>
<td>UNSAT</td>
</tr>
<tr>
<td>axtls__k10__q20.cnf</td>
<td>94</td>
<td>200</td>
<td>0</td>
<td>0.000658</td>
<td>UNSAT</td>
</tr>
<tr>
<td>axtls__k10__q21.cnf</td>
<td>94</td>
<td>200</td>
<td>0</td>
<td>0.000325</td>
<td>UNSAT</td>
</tr>
<tr>
<td>axtls__k10__q22.cnf</td>
<td>94</td>
<td>200</td>
<td>0</td>
<td>0.000448</td>
<td>UNSAT</td>
</tr>
<tr>
<td>axtls__k10__q23.cnf</td>
<td>94</td>
<td>200</td>
<td>33</td>
<td>0.004754</td>
<td>70783875584</td>
</tr>
<tr>
<td>axtls__k10__q24.cnf</td>
<td>94</td>
<td>200</td>
<td>0</td>
<td>0.000342</td>
<td>UNSAT</td>
</tr>
<tr>
<td>axtls__k10__q26.cnf</td>
<td>94</td>
<td>200</td>
<td>0</td>
<td>0.000356</td>
<td>UNSAT</td>
</tr>
<tr>
<td>axtls__k10__q27.cnf</td>
<td>94</td>
<td>200</td>
<td>0</td>
<td>0.000374</td>
<td>UNSAT</td>
</tr>
<tr>
<td>axtls__k10__q28.cnf</td>
<td>94</td>
<td>200</td>
<td>0</td>
<td>0.000341</td>
<td>UNSAT</td>
</tr>
<tr>
<td>axtls__k10__q29.cnf</td>
<td>94</td>
<td>200</td>
<td>0</td>
<td>0.0003</td>
<td>UNSAT</td>
</tr>
<tr>
<td>axtls__k10__q30.cnf</td>
<td>94</td>
<td>200</td>
<td>16</td>
<td>0.003042</td>
<td>12995002368</td>
</tr>
<tr>
<td>axtls__k10__q32.cnf</td>
<td>94</td>
<td>200</td>
<td>0</td>
<td>0.000297</td>
<td>UNSAT</td>
</tr>
<tr>
<td>axtls__k10__q33.cnf</td>
<td>94</td>
<td>200</td>
<td>0</td>
<td>0.000389</td>
<td>UNSAT</td>
</tr>
<tr>
<td>axtls__k10__q34.cnf</td>
<td>94</td>
<td>200</td>
<td>0</td>
<td>0.000286</td>
<td>UNSAT</td>
</tr>
<tr>
<td>axtls__k10__q35.cnf</td>
<td>94</td>
<td>200</td>
<td>23</td>
<td>0.003163</td>
<td>12232949760</td>
</tr>
<tr>
<td>axtls__k10__q36.cnf</td>
<td>94</td>
<td>200</td>
<td>0</td>
<td>0.000277</td>
<td>UNSAT</td>
</tr>
<tr>
<td>axtls__k10__q37.cnf</td>
<td>94</td>
<td>200</td>
<td>0</td>
<td>0.000275</td>
<td>UNSAT</td>
</tr>
<tr>
<td>axtls__k10__q38.cnf</td>
<td>94</td>
<td>200</td>
<td>0</td>
<td>0.000293</td>
<td>UNSAT</td>
</tr>
<tr>
<td>axtls__k10__q40.cnf</td>
<td>94</td>
<td>200</td>
<td>0</td>
<td>0.000296</td>
<td>UNSAT</td>
</tr>
<tr>
<td>axtls__k10__q41.cnf</td>
<td>94</td>
<td>200</td>
<td>0</td>
<td>0.000293</td>
<td>UNSAT</td>
</tr>
<tr>
<td>axtls__k10__q43.cnf</td>
<td>94</td>
<td>200</td>
<td>0</td>
<td>0.000362</td>
<td>UNSAT</td>
</tr>
<tr>
<td>axtls__k10__q44.cnf</td>
<td>94</td>
<td>200</td>
<td>0</td>
<td>0.000293</td>
<td>UNSAT</td>
</tr>
<tr>
<td>axtls__k10__q45.cnf</td>
<td>94</td>
<td>200</td>
<td>0</td>
<td>0.000292</td>
<td>UNSAT</td>
</tr>
<tr>
<td>axtls__k10__q47.cnf</td>
<td>94</td>
<td>200</td>
<td>0</td>
<td>0.00029</td>
<td>UNSAT</td>
</tr>
<tr>
<td>axtls__k10__q48.cnf</td>
<td>94</td>
<td>200</td>
<td>0</td>
<td>0.000355</td>
<td>UNSAT</td>
</tr>
<tr>
<td>axtls__k10__q49.cnf</td>
<td>94</td>
<td>200</td>
<td>0</td>
<td>0.000312</td>
<td>UNSAT</td>
</tr>
<tr>
<td>axtls__k10__q0.cnf</td>
<td>94</td>
<td>200</td>
<td>0</td>
<td>0.0003</td>
<td>UNSAT</td>
</tr>
<tr>
<td>axtls__k10__q3.cnf</td>
<td>94</td>
<td>200</td>
<td>0</td>
<td>0.00058</td>
<td>UNSAT</td>
</tr>
<tr>
<td>axtls__k10__q4.cnf</td>
<td>94</td>
<td>200</td>
<td>11</td>
<td>0.00335</td>
<td>6266880</td>
</tr>
<tr>
<td>axtls__k10__q5.cnf</td>
<td>94</td>
<td>200</td>
<td>0</td>
<td>0.000294</td>
<td>UNSAT</td>
</tr>
<tr>
<td>axtls__k10__q6.cnf</td>
<td>94</td>
<td>200</td>
<td>25</td>
<td>0.003518</td>
<td>85159200</td>
</tr>
<tr>
<td>axtls__k10__q7.cnf</td>
<td>94</td>
<td>200</td>
<td>15</td>
<td>0.003091</td>
<td>18800640</td>
</tr>
<tr>
<td>axtls__k10__q9.cnf</td>
<td>94</td>
<td>200</td>
<td>0</td>
<td>0.000319</td>
<td>UNSAT</td>
</tr>
<tr>
<td>axtls__k10__q10.cnf</td>
<td>94</td>
<td>200</td>
<td>32</td>
<td>0.003793</td>
<td>4473216</td>
</tr>
<tr>
<td>axtls__k10__q11.cnf</td>
<td>94</td>
<td>200</td>
<td>0</td>
<td>0.000298</td>
<td>UNSAT</td>
</tr>
<tr>
<td>axtls__k10__q12.cnf</td>
<td>94</td>
<td>200</td>
<td>21</td>
<td>0.00319</td>
<td>24064819200</td>
</tr>
<tr>
<td>axtls__k10__q13.cnf</td>
<td>94</td>
<td>200</td>
<td>18</td>
<td>0.002991</td>
<td>360972288</td>
</tr>
<tr>
<td>axtls__k10__q14.cnf</td>
<td>94</td>
<td>200</td>
<td>0</td>
<td>0.000337</td>
<td>UNSAT</td>
</tr>
<tr>
<td>axtls__k10__q15.cnf</td>
<td>94</td>
<td>200</td>
<td>0</td>
<td>0.000296</td>
<td>UNSAT</td>
</tr>
<tr>
<td>axtls__k10__q16.cnf</td>
<td>94</td>
<td>200</td>
<td>17</td>
<td>0.003827</td>
<td>8153726976</td>
</tr>
<tr>
<td>axtls__k10__q17.cnf</td>
<td>94</td>
<td>200</td>
<td>27</td>
<td>0.003736</td>
<td>16594108416</td>
</tr>
<tr>
<td>axtls__k10__q18.cnf</td>
<td>94</td>
<td>200</td>
<td>0</td>
<td>0.000414</td>
<td>UNSAT</td>
</tr>
<tr>
<td>axtls__k10__q19.cnf</td>
<td>94</td>
<td>200</td>
<td>0</td>
<td>0.000293</td>
<td>UNSAT</td>
</tr>
<tr>
<td>axtls__k10__q20.cnf</td>
<td>94</td>
<td>200</td>
<td>0</td>
<td>0.000285</td>
<td>UNSAT</td>
</tr>
<tr>
<td>axtls__k10__q21.cnf</td>
<td>94</td>
<td>200</td>
<td>0</td>
<td>0.000296</td>
<td>UNSAT</td>
</tr>
<tr>
<td>axtls__k10__q22.cnf</td>
<td>94</td>
<td>200</td>
<td>0</td>
<td>0.000434</td>
<td>UNSAT</td>
</tr>
<tr>
<td>axtls__k10__q23.cnf</td>
<td>94</td>
<td>200</td>
<td>33</td>
<td>0.004137</td>
<td>70783875584</td>
</tr>
<tr>
<td>axtls__k10__q24.cnf</td>
<td>94</td>
<td>200</td>
<td>0</td>
<td>0.000295</td>
<td>UNSAT</td>
</tr>
<tr>
<td>axtls__k10__q26.cnf</td>
<td>94</td>
<td>200</td>
<td>0</td>
<td>0.000289</td>
<td>UNSAT</td>
</tr>
<tr>
<td>axtls__k10__q27.cnf</td>
<td>94</td>
<td>200</td>
<td>0</td>
<td>0.000417</td>
<td>UNSAT</td>
</tr>
<tr>
<td>axtls__k10__q28.cnf</td>
<td>94</td>
<td>200</td>
<td>0</td>
<td>0.000436</td>
<td>UNSAT</td>
</tr>
<tr>
<td>axtls__k10__q29.cnf</td>
<td>94</td>
<td>200</td>
<td>0</td>
<td>0.00061</td>
<td>UNSAT</td>
</tr>
<tr>
<td>axtls__k10__q30.cnf</td>
<td>94</td>
<td>200</td>
<td>16</td>
<td>0.003848</td>
<td>12995002368</td>
</tr>
<tr>
<td>axtls__k10__q32.cnf</td>
<td>94</td>
<td>200</td>
<td>0</td>
<td>0.000428</td>
<td>UNSAT</td>
</tr>
<tr>
<td>axtls__k10__q33.cnf</td>
<td>94</td>
<td>200</td>
<td>0</td>
<td>0.000302</td>
<td>UNSAT</td>
</tr>
<tr>
<td>axtls__k10__q34.cnf</td>
<td>94</td>
<td>200</td>
<td>0</td>
<td>0.000312</td>
<td>UNSAT</td>
</tr>
<tr>
<td>axtls__k10__q35.cnf</td>
<td>94</td>
<td>200</td>
<td>23</td>
<td>0.003601</td>
<td>12232949760</td>
</tr>
<tr>
<td>axtls__k10__q36.cnf</td>
<td>94</td>
<td>200</td>
<td>0</td>
<td>0.000288</td>
<td>UNSAT</td>
</tr>
<tr>
<td>axtls__k10__q37.cnf</td>
<td>94</td>
<td>200</td>
<td>0</td>
<td>0.000321</td>
<td>UNSAT</td>
</tr>
<tr>
<td>axtls__k10__q38.cnf</td>
<td>94</td>
<td>200</td>
<td>0</td>
<td>0.000282</td>
<td>UNSAT</td>
</tr>
<tr>
<td>axtls__k10__q40.cnf</td>
<td>94</td>
<td>200</td>
<td>0</td>
<td>0.000305</td>
<td>UNSAT</td>
</tr>
<tr>
<td>axtls__k10__q41.cnf</td>
<td>94</td>
<td>200</td>
<td>0</td>
<td>0.000341</td>
<td>UNSAT</td>
</tr>
<tr>
<td>axtls__k10__q43.cnf</td>
<td>94</td>
<td>200</td>
<td>0</td>
<td>0.000341</td>
<td>UNSAT</td>
</tr>
<tr>
<td>axtls__k10__q44.cnf</td>
<td>94</td>
<td>200</td>
<td>0</td>
<td>0.000431</td>
<td>UNSAT</td>
</tr>
<tr>
<td>axtls__k10__q45.cnf</td>
<td>94</td>
<td>200</td>
<td>0</td>
<td>0.000388</td>
<td>UNSAT</td>
</tr>
<tr>
<td>axtls__k10__q47.cnf</td>
<td>94</td>
<td>200</td>
<td>0</td>
<td>0.000304</td>
<td>UNSAT</td>
</tr>
<tr>
<td>axtls__k10__q48.cnf</td>
<td>94</td>
<td>200</td>
<td>0</td>
<td>0.000445</td>
<td>UNSAT</td>
</tr>
<tr>
<td>axtls__k10__q49.cnf</td>
<td>94</td>
<td>200</td>
<td>0</td>
<td>0.000345</td>
<td>UNSAT</td>
</tr>
<tr>
<td>axtls__k10__q0.cnf</td>
<td>94</td>
<td>200</td>
<td>0</td>
<td>0.000315</td>
<td>UNSAT</td>
</tr>
<tr>
<td>axtls__k10__q3.cnf</td>
<td>94</td>
<td>200</td>
<td>0</td>
<td>0.000306</td>
<td>UNSAT</td>
</tr>
<tr>
<td>axtls__k10__q4.cnf</td>
<td>94</td>
<td>200</td>
<td>11</td>
<td>0.003031</td>
<td>6266880</td>
</tr>
<tr>
<td>axtls__k10__q5.cnf</td>
<td>94</td>
<td>200</td>
<td>0</td>
<td>0.000292</td>
<td>UNSAT</td>
</tr>
<tr>
<td>axtls__k10__q6.cnf</td>
<td>94</td>
<td>200</td>
<td>25</td>
<td>0.003179</td>
<td>85159200</td>
</tr>
<tr>
<td>axtls__k10__q7.cnf</td>
<td>94</td>
<td>200</td>
<td>15</td>
<td>0.00297</td>
<td>18800640</td>
</tr>
<tr>
<td>axtls__k10__q9.cnf</td>
<td>94</td>
<td>200</td>
<td>0</td>
<td>0.000295</td>
<td>UNSAT</td>
</tr>
<tr>
<td>axtls__k10__q10.cnf</td>
<td>94</td>
<td>200</td>
<td>32</td>
<td>0.003385</td>
<td>4473216</td>
</tr>
<tr>
<td>axtls__k10__q11.cnf</td>
<td>94</td>
<td>200</td>
<td>0</td>
<td>0.000306</td>
<td>UNSAT</td>
</tr>
<tr>
<td>axtls__k10__q12.cnf</td>
<td>94</td>
<td>200</td>
<td>21</td>
<td>0.00311</td>
<td>24064819200</td>
</tr>
<tr>
<td>axtls__k10__q13.cnf</td>
<td>94</td>
<td>200</td>
<td>18</td>
<td>0.003143</td>
<td>360972288</td>
</tr>
<tr>
<td>axtls__k10__q14.cnf</td>
<td>94</td>
<td>200</td>
<td>0</td>
<td>0.000285</td>
<td>UNSAT</td>
</tr>
<tr>
<td>axtls__k10__q15.cnf</td>
<td>94</td>
<td>200</td>
<td>0</td>
<td>0.000286</td>
<td>UNSAT</td>
</tr>
<tr>
<td>axtls__k10__q16.cnf</td>
<td>94</td>
<td>200</td>
<td>17</td>
<td>0.003639</td>
<td>8153726976</td>
</tr>
<tr>
<td>axtls__k10__q17.cnf</td>
<td>94</td>
<td>200</td>
<td>27</td>
<td>0.003569</td>
<td>16594108416</td>
</tr>
<tr>
<td>axtls__k10__q18.cnf</td>
<td>94</td>
<td>200</td>
<td>0</td>
<td>0.00037</td>
<td>UNSAT</td>
</tr>
<tr>
<td>axtls__k10__q19.cnf</td>
<td>94</td>
<td>200</td>
<td>0</td>
<td>0.000315</td>
<td>UNSAT</td>
</tr>
<tr>
<td>axtls__k10__q20.cnf</td>
<td>94</td>
<td>200</td>
<td>0</td>
<td>0.000354</td>
<td>UNSAT</td>
</tr>
<tr>
<td>axtls__k10__q21.cnf</td>
<td>94</td>
<td>200</td>
<td>0</td>
<td>0.000337</td>
<td>UNSAT</td>
</tr>
<tr>
<td>axtls__k10__q22.cnf</td>
<td>94</td>
<td>200</td>
<td>0</td>
<td>0.000594</td>
<td>UNSAT</td>
</tr>
<tr>
<td>axtls__k10__q23.cnf</td>
<td>94</td>
<td>200</td>
<td>33</td>
<td>0.005582</td>
<td>70783875584</td>
</tr>
<tr>
<td>axtls__k10__q24.cnf</td>
<td>94</td>
<td>200</td>
<td>0</td>
<td>0.000344</td>
<td>UNSAT</td>
</tr>
<tr>
<td>axtls__k10__q26.cnf</td>
<td>94</td>
<td>200</td>
<td>0</td>
<td>0.000367</td>
<td>UNSAT</td>
</tr>
<tr>
<td>axtls__k10__q27.cnf</td>
<td>94</td>
<td>200</td>
<td>0</td>
<td>0.000321</td>
<td>UNSAT</td>
</tr>
<tr>
<td>axtls__k10__q28.cnf</td>
<td>94</td>
<td>200</td>
<td>0</td>
<td>0.000319</td>
<td>UNSAT</td>
</tr>
<tr>
<td>axtls__k10__q29.cnf</td>
<td>94</td>
<td>200</td>
<td>0</td>
<td>0.000312</td>
<td>UNSAT</td>
</tr>
<tr>
<td>axtls__k10__q30.cnf</td>
<td>94</td>
<td>200</td>
<td>16</td>
<td>0.003116</td>
<td>12995002368</td>
</tr>
<tr>
<td>axtls__k10__q32.cnf</td>
<td>94</td>
<td>200</td>
<td>0</td>
<td>0.000685</td>
<td>UNSAT</td>
</tr>
<tr>
<td>axtls__k10__q33.cnf</td>
<td>94</td>
<td>200</td>
<td>0</td>
<td>0.000411</td>
<td>UNSAT</td>
</tr>
<tr>
<td>axtls__k10__q34.cnf</td>
<td>94</td>
<td>200</td>
<td>0</td>
<td>0.00032</td>
<td>UNSAT</td>
</tr>
<tr>
<td>axtls__k10__q35.cnf</td>
<td>94</td>
<td>200</td>
<td>23</td>
<td>0.003762</td>
<td>12232949760</td>
</tr>
<tr>
<td>axtls__k10__q36.cnf</td>
<td>94</td>
<td>200</td>
<td>0</td>
<td>0.000361</td>
<td>UNSAT</td>
</tr>
<tr>
<td>axtls__k10__q37.cnf</td>
<td>94</td>
<td>200</td>
<td>0</td>
<td>0.000521</td>
<td>UNSAT</td>
</tr>
<tr>
<td>axtls__k10__q38.cnf</td>
<td>94</td>
<td>200</td>
<td>0</td>
<td>0.00033</td>
<td>UNSAT</td>
</tr>
<tr>
<td>axtls__k10__q40.cnf</td>
<td>94</td>
<td>200</td>
<td>0</td>
<td>0.000383</td>
<td>UNSAT</td>
</tr>
<tr>
<td>axtls__k10__q41.cnf</td>
<td>94</td>
<td>200</td>
<td>0</td>
<td>0.000583</td>
<td>UNSAT</td>
</tr>
<tr>
<td>axtls__k10__q43.cnf</td>
<td>94</td>
<td>200</td>
<td>0</td>
<td>0.000452</td>
<td>UNSAT</td>
</tr>
<tr>
<td>axtls__k10__q44.cnf</td>
<td>94</td>
<td>200</td>
<td>0</td>
<td>0.000315</td>
<td>UNSAT</td>
</tr>
<tr>
<td>axtls__k10__q45.cnf</td>
<td>94</td>
<td>200</td>
<td>0</td>
<td>0.000303</td>
<td>UNSAT</td>
</tr>
<tr>
<td>axtls__k10__q47.cnf</td>
<td>94</td>
<td>200</td>
<td>0</td>
<td>0.000297</td>
<td>UNSAT</td>
</tr>
<tr>
<td>axtls__k10__q48.cnf</td>
<td>94</td>
<td>200</td>
<td>0</td>
<td>0.0003</td>
<td>UNSAT</td>
</tr>
<tr>
<td>axtls__k10__q49.cnf</td>
<td>94</td>
<td>200</td>
<td>0</td>
<td>0.000398</td>
<td>UNSAT</td>
</tr>
<tr>
<td>axtls__k10__q0.cnf</td>
<td>94</td>
<td>200</td>
<td>0</td>
<td>0.000415</td>
<td>UNSAT</td>
</tr>
<tr>
<td>axtls__k10__q3.cnf</td>
<td>94</td>
<td>200</td>
<td>0</td>
<td>0.000407</td>
<td>UNSAT</td>
</tr>
<tr>
<td>axtls__k10__q4.cnf</td>
<td>94</td>
<td>200</td>
<td>11</td>
<td>0.003377</td>
<td>6266880</td>
</tr>
<tr>
<td>axtls__k10__q5.cnf</td>
<td>94</td>
<td>200</td>
<td>0</td>
<td>0.000355</td>
<td>UNSAT</td>
</tr>
<tr>
<td>axtls__k10__q6.cnf</td>
<td>94</td>
<td>200</td>
<td>25</td>
<td>0.003372</td>
<td>85159200</td>
</tr>
<tr>
<td>axtls__k10__q7.cnf</td>
<td>94</td>
<td>200</td>
<td>15</td>
<td>0.00322</td>
<td>18800640</td>
</tr>
<tr>
<td>axtls__k10__q9.cnf</td>
<td>94</td>
<td>200</td>
<td>0</td>
<td>0.000364</td>
<td>UNSAT</td>
</tr>
<tr>
<td>axtls__k10__q10.cnf</td>
<td>94</td>
<td>200</td>
<td>32</td>
<td>0.00377</td>
<td>4473216</td>
</tr>
<tr>
<td>axtls__k10__q11.cnf</td>
<td>94</td>
<td>200</td>
<td>0</td>
<td>0.000327</td>
<td>UNSAT</td>
</tr>
<tr>
<td>axtls__k10__q12.cnf</td>
<td>94</td>
<td>200</td>
<td>21</td>
<td>0.003573</td>
<td>24064819200</td>
</tr>
<tr>
<td>axtls__k10__q13.cnf</td>
<td>94</td>
<td>200</td>
<td>18</td>
<td>0.003163</td>
<td>360972288</td>
</tr>
<tr>
<td>axtls__k10__q14.cnf</td>
<td>94</td>
<td>200</td>
<td>0</td>
<td>0.000318</td>
<td>UNSAT</td>
</tr>
<tr>
<td>axtls__k10__q15.cnf</td>
<td>94</td>
<td>200</td>
<td>0</td>
<td>0.000608</td>
<td>UNSAT</td>
</tr>
<tr>
<td>axtls__k10__q16.cnf</td>
<td>94</td>
<td>200</td>
<td>17</td>
<td>0.003362</td>
<td>8153726976</td>
</tr>
<tr>
<td>axtls__k10__q17.cnf</td>
<td>94</td>
<td>200</td>
<td>27</td>
<td>0.003359</td>
<td>16594108416</td>
</tr>
<tr>
<td>axtls__k10__q18.cnf</td>
<td>94</td>
<td>200</td>
<td>0</td>
<td>0.000299</td>
<td>UNSAT</td>
</tr>
<tr>
<td>axtls__k10__q19.cnf</td>
<td>94</td>
<td>200</td>
<td>0</td>
<td>0.000298</td>
<td>UNSAT</td>
</tr>
<tr>
<td>axtls__k10__q20.cnf</td>
<td>94</td>
<td>200</td>
<td>0</td>
<td>0.000305</td>
<td>UNSAT</td>
</tr>
<tr>
<td>axtls__k10__q21.cnf</td>
<td>94</td>
<td>200</td>
<td>0</td>
<td>0.000353</td>
<td>UNSAT</td>
</tr>
<tr>
<td>axtls__k10__q22.cnf</td>
<td>94</td>
<td>200</td>
<td>0</td>
<td>0.000576</td>
<td>UNSAT</td>
</tr>
<tr>
<td>axtls__k10__q23.cnf</td>
<td>94</td>
<td>200</td>
<td>33</td>
<td>0.010382</td>
<td>70783875584</td>
</tr>
<tr>
<td>axtls__k10__q24.cnf</td>
<td>94</td>
<td>200</td>
<td>0</td>
<td>0.0007</td>
<td>UNSAT</td>
</tr>
<tr>
<td>axtls__k10__q26.cnf</td>
<td>94</td>
<td>200</td>
<td>0</td>
<td>0.000552</td>
<td>UNSAT</td>
</tr>
<tr>
<td>axtls__k10__q27.cnf</td>
<td>94</td>
<td>200</td>
<td>0</td>
<td>0.000501</td>
<td>UNSAT</td>
</tr>
<tr>
<td>axtls__k10__q28.cnf</td>
<td>94</td>
<td>200</td>
<td>0</td>
<td>0.000488</td>
<td>UNSAT</td>
</tr>
<tr>
<td>axtls__k10__q29.cnf</td>
<td>94</td>
<td>200</td>
<td>0</td>
<td>0.000419</td>
<td>UNSAT</td>
</tr>
<tr>
<td>axtls__k10__q30.cnf</td>
<td>94</td>
<td>200</td>
<td>16</td>
<td>0.00379</td>
<td>12995002368</td>
</tr>
<tr>
<td>axtls__k10__q32.cnf</td>
<td>94</td>
<td>200</td>
<td>0</td>
<td>0.000318</td>
<td>UNSAT</td>
</tr>
<tr>
<td>axtls__k10__q33.cnf</td>
<td>94</td>
<td>200</td>
<td>0</td>
<td>0.000311</td>
<td>UNSAT</td>
</tr>
<tr>
<td>axtls__k10__q34.cnf</td>
<td>94</td>
<td>200</td>
<td>0</td>
<td>0.000349</td>
<td>UNSAT</td>
</tr>
<tr>
<td>axtls__k10__q35.cnf</td>
<td>94</td>
<td>200</td>
<td>23</td>
<td>0.003752</td>
<td>12232949760</td>
</tr>
<tr>
<td>axtls__k10__q36.cnf</td>
<td>94</td>
<td>200</td>
<td>0</td>
<td>0.000298</td>
<td>UNSAT</td>
</tr>
<tr>
<td>axtls__k10__q37.cnf</td>
<td>94</td>
<td>200</td>
<td>0</td>
<td>0.000307</td>
<td>UNSAT</td>
</tr>
<tr>
<td>axtls__k10__q38.cnf</td>
<td>94</td>
<td>200</td>
<td>0</td>
<td>0.000309</td>
<td>UNSAT</td>
</tr>
<tr>
<td>axtls__k10__q40.cnf</td>
<td>94</td>
<td>200</td>
<td>0</td>
<td>0.000331</td>
<td>UNSAT</td>
</tr>
<tr>
<td>axtls__k10__q41.cnf</td>
<td>94</td>
<td>200</td>
<td>0</td>
<td>0.000339</td>
<td>UNSAT</td>
</tr>
<tr>
<td>axtls__k10__q43.cnf</td>
<td>94</td>
<td>200</td>
<td>0</td>
<td>0.000409</td>
<td>UNSAT</td>
</tr>
<tr>
<td>axtls__k10__q44.cnf</td>
<td>94</td>
<td>200</td>
<td>0</td>
<td>0.00065</td>
<td>UNSAT</td>
</tr>
<tr>
<td>axtls__k10__q45.cnf</td>
<td>94</td>
<td>200</td>
<td>0</td>
<td>0.000477</td>
<td>UNSAT</td>
</tr>
<tr>
<td>axtls__k10__q47.cnf</td>
<td>94</td>
<td>200</td>
<td>0</td>
<td>0.000364</td>
<td>UNSAT</td>
</tr>
<tr>
<td>axtls__k10__q48.cnf</td>
<td>94</td>
<td>200</td>
<td>0</td>
<td>0.000446</td>
<td>UNSAT</td>
</tr>
<tr>
<td>axtls__k10__q49.cnf</td>
<td>94</td>
<td>200</td>
<td>0</td>
<td>0.000313</td>
<td>UNSAT</td>
</tr>
<tr>
<td>axtls__k10__q0.cnf</td>
<td>94</td>
<td>200</td>
<td>0</td>
<td>0.000346</td>
<td>UNSAT</td>
</tr>
<tr>
<td>axtls__k10__q3.cnf</td>
<td>94</td>
<td>200</td>
<td>0</td>
<td>0.000307</td>
<td>UNSAT</td>
</tr>
<tr>
<td>axtls__k10__q4.cnf</td>
<td>94</td>
<td>200</td>
<td>11</td>
<td>0.003149</td>
<td>6266880</td>
</tr>
<tr>
<td>axtls__k10__q5.cnf</td>
<td>94</td>
<td>200</td>
<td>0</td>
<td>0.000309</td>
<td>UNSAT</td>
</tr>
<tr>
<td>axtls__k10__q6.cnf</td>
<td>94</td>
<td>200</td>
<td>25</td>
<td>0.003466</td>
<td>85159200</td>
</tr>
<tr>
<td>axtls__k10__q7.cnf</td>
<td>94</td>
<td>200</td>
<td>15</td>
<td>0.003167</td>
<td>18800640</td>
</tr>
<tr>
<td>axtls__k10__q9.cnf</td>
<td>94</td>
<td>200</td>
<td>0</td>
<td>0.000394</td>
<td>UNSAT</td>
</tr>
<tr>
<td>axtls__k10__q10.cnf</td>
<td>94</td>
<td>200</td>
<td>32</td>
<td>0.00348</td>
<td>4473216</td>
</tr>
<tr>
<td>axtls__k10__q11.cnf</td>
<td>94</td>
<td>200</td>
<td>0</td>
<td>0.00033</td>
<td>UNSAT</td>
</tr>
<tr>
<td>axtls__k10__q12.cnf</td>
<td>94</td>
<td>200</td>
<td>21</td>
<td>0.003162</td>
<td>24064819200</td>
</tr>
<tr>
<td>axtls__k10__q13.cnf</td>
<td>94</td>
<td>200</td>
<td>18</td>
<td>0.003064</td>
<td>360972288</td>
</tr>
<tr>
<td>axtls__k10__q14.cnf</td>
<td>94</td>
<td>200</td>
<td>0</td>
<td>0.000314</td>
<td>UNSAT</td>
</tr>
<tr>
<td>axtls__k10__q15.cnf</td>
<td>94</td>
<td>200</td>
<td>0</td>
<td>0.000292</td>
<td>UNSAT</td>
</tr>
<tr>
<td>axtls__k10__q16.cnf</td>
<td>94</td>
<td>200</td>
<td>17</td>
<td>0.00307</td>
<td>8153726976</td>
</tr>
<tr>
<td>axtls__k10__q17.cnf</td>
<td>94</td>
<td>200</td>
<td>27</td>
<td>0.003234</td>
<td>16594108416</td>
</tr>
<tr>
<td>axtls__k10__q18.cnf</td>
<td>94</td>
<td>200</td>
<td>0</td>
<td>0.000525</td>
<td>UNSAT</td>
</tr>
<tr>
<td>axtls__k10__q19.cnf</td>
<td>94</td>
<td>200</td>
<td>0</td>
<td>0.000292</td>
<td>UNSAT</td>
</tr>
<tr>
<td>axtls__k10__q20.cnf</td>
<td>94</td>
<td>200</td>
<td>0</td>
<td>0.000299</td>
<td>UNSAT</td>
</tr>
<tr>
<td>axtls__k10__q21.cnf</td>
<td>94</td>
<td>200</td>
<td>0</td>
<td>0.00033</td>
<td>UNSAT</td>
</tr>
<tr>
<td>axtls__k10__q22.cnf</td>
<td>94</td>
<td>200</td>
<td>0</td>
<td>0.000294</td>
<td>UNSAT</td>
</tr>
<tr>
<td>axtls__k10__q23.cnf</td>
<td>94</td>
<td>200</td>
<td>33</td>
<td>0.004</td>
<td>70783875584</td>
</tr>
<tr>
<td>axtls__k10__q24.cnf</td>
<td>94</td>
<td>200</td>
<td>0</td>
<td>0.00033</td>
<td>UNSAT</td>
</tr>
<tr>
<td>axtls__k10__q26.cnf</td>
<td>94</td>
<td>200</td>
<td>0</td>
<td>0.00031</td>
<td>UNSAT</td>
</tr>
<tr>
<td>axtls__k10__q27.cnf</td>
<td>94</td>
<td>200</td>
<td>0</td>
<td>0.00034</td>
<td>UNSAT</td>
</tr>
<tr>
<td>axtls__k10__q28.cnf</td>
<td>94</td>
<td>200</td>
<td>0</td>
<td>0.000401</td>
<td>UNSAT</td>
</tr>
<tr>
<td>axtls__k10__q29.cnf</td>
<td>94</td>
<td>200</td>
<td>0</td>
<td>0.000308</td>
<td>UNSAT</td>
</tr>
<tr>
<td>axtls__k10__q30.cnf</td>
<td>94</td>
<td>200</td>
<td>16</td>
<td>0.003234</td>
<td>12995002368</td>
</tr>
<tr>
<td>axtls__k10__q32.cnf</td>
<td>94</td>
<td>200</td>
<td>0</td>
<td>0.000295</td>
<td>UNSAT</td>
</tr>
<tr>
<td>axtls__k10__q33.cnf</td>
<td>94</td>
<td>200</td>
<td>0</td>
<td>0.000314</td>
<td>UNSAT</td>
</tr>
<tr>
<td>axtls__k10__q34.cnf</td>
<td>94</td>
<td>200</td>
<td>0</td>
<td>0.000287</td>
<td>UNSAT</td>
</tr>
<tr>
<td>axtls__k10__q35.cnf</td>
<td>94</td>
<td>200</td>
<td>23</td>
<td>0.003217</td>
<td>12232949760</td>
</tr>
<tr>
<td>axtls__k10__q36.cnf</td>
<td>94</td>
<td>200</td>
<td>0</td>
<td>0.00028</td>
<td>UNSAT</td>
</tr>
<tr>
<td>axtls__k10__q37.cnf</td>
<td>94</td>
<td>200</td>
<td>0</td>
<td>0.000306</td>
<td>UNSAT</td>
</tr>
<tr>
<td>axtls__k10__q38.cnf</td>
<td>94</td>
<td>200</td>
<td>0</td>
<td>0.00029</td>
<td>UNSAT</td>
</tr>
<tr>
<td>axtls__k10__q40.cnf</td>
<td>94</td>
<td>200</td>
<td>0</td>
<td>0.00029</td>
<td>UNSAT</td>
</tr>
<tr>
<td>axtls__k10__q41.cnf</td>
<td>94</td>
<td>200</td>
<td>0</td>
<td>0.000296</td>
<td>UNSAT</td>
</tr>
<tr>
<td>axtls__k10__q43.cnf</td>
<td>94</td>
<td>200</td>
<td>0</td>
<td>0.000309</td>
<td>UNSAT</td>
</tr>
<tr>
<td>axtls__k10__q44.cnf</td>
<td>94</td>
<td>200</td>
<td>0</td>
<td>0.000273</td>
<td>UNSAT</td>
</tr>
<tr>
<td>axtls__k10__q45.cnf</td>
<td>94</td>
<td>200</td>
<td>0</td>
<td>0.000271</td>
<td>UNSAT</td>
</tr>
<tr>
<td>axtls__k10__q47.cnf</td>
<td>94</td>
<td>200</td>
<td>0</td>
<td>0.000312</td>
<td>UNSAT</td>
</tr>
<tr>
<td>axtls__k10__q48.cnf</td>
<td>94</td>
<td>200</td>
<td>0</td>
<td>0.000299</td>
<td>UNSAT</td>
</tr>
<tr>
<td>axtls__k10__q49.cnf</td>
<td>94</td>
<td>200</td>
<td>0</td>
<td>0.000282</td>
<td>UNSAT</td>
</tr>
<tr>
<td>axtls__k10__q0.cnf</td>
<td>94</td>
<td>200</td>
<td>0</td>
<td>0.000291</td>
<td>UNSAT</td>
</tr>
<tr>
<td>axtls__k10__q3.cnf</td>
<td>94</td>
<td>200</td>
<td>0</td>
<td>0.000381</td>
<td>UNSAT</td>
</tr>
<tr>
<td>axtls__k10__q4.cnf</td>
<td>94</td>
<td>200</td>
<td>11</td>
<td>0.003018</td>
<td>6266880</td>
</tr>
<tr>
<td>axtls__k10__q5.cnf</td>
<td>94</td>
<td>200</td>
<td>0</td>
<td>0.00029</td>
<td>UNSAT</td>
</tr>
<tr>
<td>axtls__k10__q6.cnf</td>
<td>94</td>
<td>200</td>
<td>25</td>
<td>0.003188</td>
<td>85159200</td>
</tr>
<tr>
<td>axtls__k10__q7.cnf</td>
<td>94</td>
<td>200</td>
<td>15</td>
<td>0.003227</td>
<td>18800640</td>
</tr>
<tr>
<td>axtls__k10__q9.cnf</td>
<td>94</td>
<td>200</td>
<td>0</td>
<td>0.000409</td>
<td>UNSAT</td>
</tr>
<tr>
<td>axtls__k10__q10.cnf</td>
<td>94</td>
<td>200</td>
<td>32</td>
<td>0.003671</td>
<td>4473216</td>
</tr>
<tr>
<td>axtls__k10__q11.cnf</td>
<td>94</td>
<td>200</td>
<td>0</td>
<td>0.000335</td>
<td>UNSAT</td>
</tr>
<tr>
<td>axtls__k10__q12.cnf</td>
<td>94</td>
<td>200</td>
<td>21</td>
<td>0.003061</td>
<td>24064819200</td>
</tr>
<tr>
<td>axtls__k10__q13.cnf</td>
<td>94</td>
<td>200</td>
<td>18</td>
<td>0.003153</td>
<td>360972288</td>
</tr>
<tr>
<td>axtls__k10__q14.cnf</td>
<td>94</td>
<td>200</td>
<td>0</td>
<td>0.000337</td>
<td>UNSAT</td>
</tr>
<tr>
<td>axtls__k10__q15.cnf</td>
<td>94</td>
<td>200</td>
<td>0</td>
<td>0.000297</td>
<td>UNSAT</td>
</tr>
<tr>
<td>axtls__k10__q16.cnf</td>
<td>94</td>
<td>200</td>
<td>17</td>
<td>0.003038</td>
<td>8153726976</td>
</tr>
<tr>
<td>axtls__k10__q17.cnf</td>
<td>94</td>
<td>200</td>
<td>27</td>
<td>0.003203</td>
<td>16594108416</td>
</tr>
<tr>
<td>axtls__k10__q18.cnf</td>
<td>94</td>
<td>200</td>
<td>0</td>
<td>0.000299</td>
<td>UNSAT</td>
</tr>
<tr>
<td>axtls__k10__q19.cnf</td>
<td>94</td>
<td>200</td>
<td>0</td>
<td>0.000418</td>
<td>UNSAT</td>
</tr>
<tr>
<td>axtls__k10__q20.cnf</td>
<td>94</td>
<td>200</td>
<td>0</td>
<td>0.000302</td>
<td>UNSAT</td>
</tr>
<tr>
<td>axtls__k10__q21.cnf</td>
<td>94</td>
<td>200</td>
<td>0</td>
<td>0.000284</td>
<td>UNSAT</td>
</tr>
<tr>
<td>axtls__k10__q22.cnf</td>
<td>94</td>
<td>200</td>
<td>0</td>
<td>0.00034</td>
<td>UNSAT</td>
</tr>
<tr>
<td>axtls__k10__q23.cnf</td>
<td>94</td>
<td>200</td>
<td>33</td>
<td>0.004061</td>
<td>70783875584</td>
</tr>
<tr>
<td>axtls__k10__q24.cnf</td>
<td>94</td>
<td>200</td>
<td>0</td>
<td>0.000293</td>
<td>UNSAT</td>
</tr>
<tr>
<td>axtls__k10__q26.cnf</td>
<td>94</td>
<td>200</td>
<td>0</td>
<td>0.000369</td>
<td>UNSAT</td>
</tr>
<tr>
<td>axtls__k10__q27.cnf</td>
<td>94</td>
<td>200</td>
<td>0</td>
<td>0.000294</td>
<td>UNSAT</td>
</tr>
<tr>
<td>axtls__k10__q28.cnf</td>
<td>94</td>
<td>200</td>
<td>0</td>
<td>0.000297</td>
<td>UNSAT</td>
</tr>
<tr>
<td>axtls__k10__q29.cnf</td>
<td>94</td>
<td>200</td>
<td>0</td>
<td>0.000304</td>
<td>UNSAT</td>
</tr>
<tr>
<td>axtls__k10__q30.cnf</td>
<td>94</td>
<td>200</td>
<td>16</td>
<td>0.003025</td>
<td>12995002368</td>
</tr>
<tr>
<td>axtls__k10__q32.cnf</td>
<td>94</td>
<td>200</td>
<td>0</td>
<td>0.000325</td>
<td>UNSAT</td>
</tr>
<tr>
<td>axtls__k10__q33.cnf</td>
<td>94</td>
<td>200</td>
<td>0</td>
<td>0.000326</td>
<td>UNSAT</td>
</tr>
<tr>
<td>axtls__k10__q34.cnf</td>
<td>94</td>
<td>200</td>
<td>0</td>
<td>0.000318</td>
<td>UNSAT</td>
</tr>
<tr>
<td>axtls__k10__q35.cnf</td>
<td>94</td>
<td>200</td>
<td>23</td>
<td>0.003713</td>
<td>12232949760</td>
</tr>
<tr>
<td>axtls__k10__q36.cnf</td>
<td>94</td>
<td>200</td>
<td>0</td>
<td>0.000311</td>
<td>UNSAT</td>
</tr>
<tr>
<td>axtls__k10__q37.cnf</td>
<td>94</td>
<td>200</td>
<td>0</td>
<td>0.000282</td>
<td>UNSAT</td>
</tr>
<tr>
<td>axtls__k10__q38.cnf</td>
<td>94</td>
<td>200</td>
<td>0</td>
<td>0.000285</td>
<td>UNSAT</td>
</tr>
<tr>
<td>axtls__k10__q40.cnf</td>
<td>94</td>
<td>200</td>
<td>0</td>
<td>0.000292</td>
<td>UNSAT</td>
</tr>
<tr>
<td>axtls__k10__q41.cnf</td>
<td>94</td>
<td>200</td>
<td>0</td>
<td>0.000326</td>
<td>UNSAT</td>
</tr>
<tr>
<td>axtls__k10__q43.cnf</td>
<td>94</td>
<td>200</td>
<td>0</td>
<td>0.000304</td>
<td>UNSAT</td>
</tr>
<tr>
<td>axtls__k10__q44.cnf</td>
<td>94</td>
<td>200</td>
<td>0</td>
<td>0.000354</td>
<td>UNSAT</td>
</tr>
<tr>
<td>axtls__k10__q45.cnf</td>
<td>94</td>
<td>200</td>
<td>0</td>
<td>0.000319</td>
<td>UNSAT</td>
</tr>
<tr>
<td>axtls__k10__q47.cnf</td>
<td>94</td>
<td>200</td>
<td>0</td>
<td>0.000295</td>
<td>UNSAT</td>
</tr>
<tr>
<td>axtls__k10__q48.cnf</td>
<td>94</td>
<td>200</td>
<td>0</td>
<td>0.000303</td>
<td>UNSAT</td>
</tr>
<tr>
<td>axtls__k10__q49.cnf</td>
<td>94</td>
<td>200</td>
<td>0</td>
<td>0.000284</td>
<td>UNSAT</td>
</tr>
<tr>
<td>axtls__k10__q0.cnf</td>
<td>94</td>
<td>200</td>
<td>0</td>
<td>0.000283</td>
<td>UNSAT</td>
</tr>
<tr>
<td>axtls__k10__q3.cnf</td>
<td>94</td>
<td>200</td>
<td>0</td>
<td>0.000339</td>
<td>UNSAT</td>
</tr>
<tr>
<td>axtls__k10__q4.cnf</td>
<td>94</td>
<td>200</td>
<td>11</td>
<td>0.002959</td>
<td>6266880</td>
</tr>
<tr>
<td>axtls__k10__q5.cnf</td>
<td>94</td>
<td>200</td>
<td>0</td>
<td>0.000287</td>
<td>UNSAT</td>
</tr>
<tr>
<td>axtls__k10__q6.cnf</td>
<td>94</td>
<td>200</td>
<td>25</td>
<td>0.003224</td>
<td>85159200</td>
</tr>
<tr>
<td>axtls__k10__q7.cnf</td>
<td>94</td>
<td>200</td>
<td>15</td>
<td>0.002851</td>
<td>18800640</td>
</tr>
<tr>
<td>axtls__k10__q9.cnf</td>
<td>94</td>
<td>200</td>
<td>0</td>
<td>0.000289</td>
<td>UNSAT</td>
</tr>
<tr>
<td>axtls__k10__q10.cnf</td>
<td>94</td>
<td>200</td>
<td>32</td>
<td>0.003318</td>
<td>4473216</td>
</tr>
<tr>
<td>axtls__k10__q11.cnf</td>
<td>94</td>
<td>200</td>
<td>0</td>
<td>0.000272</td>
<td>UNSAT</td>
</tr>
<tr>
<td>axtls__k10__q12.cnf</td>
<td>94</td>
<td>200</td>
<td>21</td>
<td>0.002925</td>
<td>24064819200</td>
</tr>
<tr>
<td>axtls__k10__q13.cnf</td>
<td>94</td>
<td>200</td>
<td>18</td>
<td>0.002985</td>
<td>360972288</td>
</tr>
<tr>
<td>axtls__k10__q14.cnf</td>
<td>94</td>
<td>200</td>
<td>0</td>
<td>0.000281</td>
<td>UNSAT</td>
</tr>
<tr>
<td>axtls__k10__q15.cnf</td>
<td>94</td>
<td>200</td>
<td>0</td>
<td>0.000262</td>
<td>UNSAT</td>
</tr>
<tr>
<td>axtls__k10__q16.cnf</td>
<td>94</td>
<td>200</td>
<td>17</td>
<td>0.002861</td>
<td>8153726976</td>
</tr>
<tr>
<td>axtls__k10__q17.cnf</td>
<td>94</td>
<td>200</td>
<td>27</td>
<td>0.002998</td>
<td>16594108416</td>
</tr>
<tr>
<td>axtls__k10__q18.cnf</td>
<td>94</td>
<td>200</td>
<td>0</td>
<td>0.000278</td>
<td>UNSAT</td>
</tr>
<tr>
<td>axtls__k10__q19.cnf</td>
<td>94</td>
<td>200</td>
<td>0</td>
<td>0.000299</td>
<td>UNSAT</td>
</tr>
<tr>
<td>axtls__k10__q20.cnf</td>
<td>94</td>
<td>200</td>
<td>0</td>
<td>0.000285</td>
<td>UNSAT</td>
</tr>
<tr>
<td>axtls__k10__q21.cnf</td>
<td>94</td>
<td>200</td>
<td>0</td>
<td>0.000289</td>
<td>UNSAT</td>
</tr>
<tr>
<td>axtls__k10__q22.cnf</td>
<td>94</td>
<td>200</td>
<td>0</td>
<td>0.000366</td>
<td>UNSAT</td>
</tr>
<tr>
<td>axtls__k10__q23.cnf</td>
<td>94</td>
<td>200</td>
<td>33</td>
<td>0.005061</td>
<td>70783875584</td>
</tr>
<tr>
<td>axtls__k10__q24.cnf</td>
<td>94</td>
<td>200</td>
<td>0</td>
<td>0.000314</td>
<td>UNSAT</td>
</tr>
<tr>
<td>axtls__k10__q26.cnf</td>
<td>94</td>
<td>200</td>
<td>0</td>
<td>0.000425</td>
<td>UNSAT</td>
</tr>
<tr>
<td>axtls__k10__q27.cnf</td>
<td>94</td>
<td>200</td>
<td>0</td>
<td>0.000445</td>
<td>UNSAT</td>
</tr>
<tr>
<td>axtls__k10__q28.cnf</td>
<td>94</td>
<td>200</td>
<td>0</td>
<td>0.000477</td>
<td>UNSAT</td>
</tr>
<tr>
<td>axtls__k10__q29.cnf</td>
<td>94</td>
<td>200</td>
<td>0</td>
<td>0.000421</td>
<td>UNSAT</td>
</tr>
<tr>
<td>axtls__k10__q30.cnf</td>
<td>94</td>
<td>200</td>
<td>16</td>
<td>0.003546</td>
<td>12995002368</td>
</tr>
<tr>
<td>axtls__k10__q32.cnf</td>
<td>94</td>
<td>200</td>
<td>0</td>
<td>0.000353</td>
<td>UNSAT</td>
</tr>
<tr>
<td>axtls__k10__q33.cnf</td>
<td>94</td>
<td>200</td>
<td>0</td>
<td>0.000707</td>
<td>UNSAT</td>
</tr>
<tr>
<td>axtls__k10__q34.cnf</td>
<td>94</td>
<td>200</td>
<td>0</td>
<td>0.000376</td>
<td>UNSAT</td>
</tr>
<tr>
<td>axtls__k10__q35.cnf</td>
<td>94</td>
<td>200</td>
<td>23</td>
<td>0.003704</td>
<td>12232949760</td>
</tr>
<tr>
<td>axtls__k10__q36.cnf</td>
<td>94</td>
<td>200</td>
<td>0</td>
<td>0.000351</td>
<td>UNSAT</td>
</tr>
<tr>
<td>axtls__k10__q37.cnf</td>
<td>94</td>
<td>200</td>
<td>0</td>
<td>0.000322</td>
<td>UNSAT</td>
</tr>
<tr>
<td>axtls__k10__q38.cnf</td>
<td>94</td>
<td>200</td>
<td>0</td>
<td>0.000318</td>
<td>UNSAT</td>
</tr>
<tr>
<td>axtls__k10__q40.cnf</td>
<td>94</td>
<td>200</td>
<td>0</td>
<td>0.000608</td>
<td>UNSAT</td>
</tr>
<tr>
<td>axtls__k10__q41.cnf</td>
<td>94</td>
<td>200</td>
<td>0</td>
<td>0.000377</td>
<td>UNSAT</td>
</tr>
<tr>
<td>axtls__k10__q43.cnf</td>
<td>94</td>
<td>200</td>
<td>0</td>
<td>0.000429</td>
<td>UNSAT</td>
</tr>
<tr>
<td>axtls__k10__q44.cnf</td>
<td>94</td>
<td>200</td>
<td>0</td>
<td>0.000333</td>
<td>UNSAT</td>
</tr>
<tr>
<td>axtls__k10__q45.cnf</td>
<td>94</td>
<td>200</td>
<td>0</td>
<td>0.000386</td>
<td>UNSAT</td>
</tr>
<tr>
<td>axtls__k10__q47.cnf</td>
<td>94</td>
<td>200</td>
<td>0</td>
<td>0.000504</td>
<td>UNSAT</td>
</tr>
<tr>
<td>axtls__k10__q48.cnf</td>
<td>94</td>
<td>200</td>
<td>0</td>
<td>0.000351</td>
<td>UNSAT</td>
</tr>
<tr>
<td>axtls__k10__q49.cnf</td>
<td>94</td>
<td>200</td>
<td>0</td>
<td>0.000412</td>
<td>UNSAT</td>
</tr>
<tr>
<td>axtls__k10__q0.cnf</td>
<td>94</td>
<td>200</td>
<td>0</td>
<td>0.000371</td>
<td>UNSAT</td>
</tr>
<tr>
<td>axtls__k10__q3.cnf</td>
<td>94</td>
<td>200</td>
<td>0</td>
<td>0.000303</td>
<td>UNSAT</td>
</tr>
<tr>
<td>axtls__k10__q4.cnf</td>
<td>94</td>
<td>200</td>
<td>11</td>
<td>0.003504</td>
<td>6266880</td>
</tr>
<tr>
<td>axtls__k10__q5.cnf</td>
<td>94</td>
<td>200</td>
<td>0</td>
<td>0.000371</td>
<td>UNSAT</td>
</tr>
<tr>
<td>axtls__k10__q6.cnf</td>
<td>94</td>
<td>200</td>
<td>25</td>
<td>0.00332</td>
<td>85159200</td>
</tr>
<tr>
<td>axtls__k10__q7.cnf</td>
<td>94</td>
<td>200</td>
<td>15</td>
<td>0.0031</td>
<td>18800640</td>
</tr>
<tr>
<td>axtls__k10__q9.cnf</td>
<td>94</td>
<td>200</td>
<td>0</td>
<td>0.000357</td>
<td>UNSAT</td>
</tr>
<tr>
<td>axtls__k10__q10.cnf</td>
<td>94</td>
<td>200</td>
<td>32</td>
<td>0.003498</td>
<td>4473216</td>
</tr>
<tr>
<td>axtls__k10__q11.cnf</td>
<td>94</td>
<td>200</td>
<td>0</td>
<td>0.000443</td>
<td>UNSAT</td>
</tr>
<tr>
<td>axtls__k10__q12.cnf</td>
<td>94</td>
<td>200</td>
<td>21</td>
<td>0.003443</td>
<td>24064819200</td>
</tr>
<tr>
<td>axtls__k10__q13.cnf</td>
<td>94</td>
<td>200</td>
<td>18</td>
<td>0.003598</td>
<td>360972288</td>
</tr>
<tr>
<td>axtls__k10__q14.cnf</td>
<td>94</td>
<td>200</td>
<td>0</td>
<td>0.000288</td>
<td>UNSAT</td>
</tr>
<tr>
<td>axtls__k10__q15.cnf</td>
<td>94</td>
<td>200</td>
<td>0</td>
<td>0.000306</td>
<td>UNSAT</td>
</tr>
<tr>
<td>axtls__k10__q16.cnf</td>
<td>94</td>
<td>200</td>
<td>17</td>
<td>0.003186</td>
<td>8153726976</td>
</tr>
<tr>
<td>axtls__k10__q17.cnf</td>
<td>94</td>
<td>200</td>
<td>27</td>
<td>0.003846</td>
<td>16594108416</td>
</tr>
<tr>
<td>axtls__k10__q18.cnf</td>
<td>94</td>
<td>200</td>
<td>0</td>
<td>0.000364</td>
<td>UNSAT</td>
</tr>
<tr>
<td>axtls__k10__q19.cnf</td>
<td>94</td>
<td>200</td>
<td>0</td>
<td>0.00081</td>
<td>UNSAT</td>
</tr>
<tr>
<td>axtls__k10__q20.cnf</td>
<td>94</td>
<td>200</td>
<td>0</td>
<td>0.000295</td>
<td>UNSAT</td>
</tr>
<tr>
<td>axtls__k10__q21.cnf</td>
<td>94</td>
<td>200</td>
<td>0</td>
<td>0.000355</td>
<td>UNSAT</td>
</tr>
<tr>
<td>axtls__k10__q22.cnf</td>
<td>94</td>
<td>200</td>
<td>0</td>
<td>0.000677</td>
<td>UNSAT</td>
</tr>
<tr>
<td>axtls__k10__q23.cnf</td>
<td>94</td>
<td>200</td>
<td>33</td>
<td>0.004232</td>
<td>70783875584</td>
</tr>
<tr>
<td>axtls__k10__q24.cnf</td>
<td>94</td>
<td>200</td>
<td>0</td>
<td>0.000341</td>
<td>UNSAT</td>
</tr>
<tr>
<td>axtls__k10__q26.cnf</td>
<td>94</td>
<td>200</td>
<td>0</td>
<td>0.000294</td>
<td>UNSAT</td>
</tr>
<tr>
<td>axtls__k10__q27.cnf</td>
<td>94</td>
<td>200</td>
<td>0</td>
<td>0.000494</td>
<td>UNSAT</td>
</tr>
<tr>
<td>axtls__k10__q28.cnf</td>
<td>94</td>
<td>200</td>
<td>0</td>
<td>0.000293</td>
<td>UNSAT</td>
</tr>
<tr>
<td>axtls__k10__q29.cnf</td>
<td>94</td>
<td>200</td>
<td>0</td>
<td>0.000282</td>
<td>UNSAT</td>
</tr>
<tr>
<td>axtls__k10__q30.cnf</td>
<td>94</td>
<td>200</td>
<td>16</td>
<td>0.002986</td>
<td>12995002368</td>
</tr>
<tr>
<td>axtls__k10__q32.cnf</td>
<td>94</td>
<td>200</td>
<td>0</td>
<td>0.00033</td>
<td>UNSAT</td>
</tr>
<tr>
<td>axtls__k10__q33.cnf</td>
<td>94</td>
<td>200</td>
<td>0</td>
<td>0.000288</td>
<td>UNSAT</td>
</tr>
<tr>
<td>axtls__k10__q34.cnf</td>
<td>94</td>
<td>200</td>
<td>0</td>
<td>0.000279</td>
<td>UNSAT</td>
</tr>
<tr>
<td>axtls__k10__q35.cnf</td>
<td>94</td>
<td>200</td>
<td>23</td>
<td>0.00338</td>
<td>12232949760</td>
</tr>
<tr>
<td>axtls__k10__q36.cnf</td>
<td>94</td>
<td>200</td>
<td>0</td>
<td>0.000308</td>
<td>UNSAT</td>
</tr>
<tr>
<td>axtls__k10__q37.cnf</td>
<td>94</td>
<td>200</td>
<td>0</td>
<td>0.000386</td>
<td>UNSAT</td>
</tr>
<tr>
<td>axtls__k10__q38.cnf</td>
<td>94</td>
<td>200</td>
<td>0</td>
<td>0.000324</td>
<td>UNSAT</td>
</tr>
<tr>
<td>axtls__k10__q40.cnf</td>
<td>94</td>
<td>200</td>
<td>0</td>
<td>0.000399</td>
<td>UNSAT</td>
</tr>
<tr>
<td>axtls__k10__q41.cnf</td>
<td>94</td>
<td>200</td>
<td>0</td>
<td>0.000391</td>
<td>UNSAT</td>
</tr>
<tr>
<td>axtls__k10__q43.cnf</td>
<td>94</td>
<td>200</td>
<td>0</td>
<td>0.000388</td>
<td>UNSAT</td>
</tr>
<tr>
<td>axtls__k10__q44.cnf</td>
<td>94</td>
<td>200</td>
<td>0</td>
<td>0.0003</td>
<td>UNSAT</td>
</tr>
<tr>
<td>axtls__k10__q45.cnf</td>
<td>94</td>
<td>200</td>
<td>0</td>
<td>0.000296</td>
<td>UNSAT</td>
</tr>
<tr>
<td>axtls__k10__q47.cnf</td>
<td>94</td>
<td>200</td>
<td>0</td>
<td>0.000305</td>
<td>UNSAT</td>
</tr>
<tr>
<td>axtls__k10__q48.cnf</td>
<td>94</td>
<td>200</td>
<td>0</td>
<td>0.000313</td>
<td>UNSAT</td>
</tr>
<tr>
<td>axtls__k10__q49.cnf</td>
<td>94</td>
<td>200</td>
<td>0</td>
<td>0.000344</td>
<td>UNSAT</td>
</tr>
<tr>
<td>axtls__k10__q0.cnf</td>
<td>94</td>
<td>200</td>
<td>0</td>
<td>0.00046</td>
<td>UNSAT</td>
</tr>
<tr>
<td>axtls__k10__q3.cnf</td>
<td>94</td>
<td>200</td>
<td>0</td>
<td>0.000468</td>
<td>UNSAT</td>
</tr>
<tr>
<td>axtls__k10__q4.cnf</td>
<td>94</td>
<td>200</td>
<td>11</td>
<td>0.003313</td>
<td>6266880</td>
</tr>
<tr>
<td>axtls__k10__q5.cnf</td>
<td>94</td>
<td>200</td>
<td>0</td>
<td>0.000298</td>
<td>UNSAT</td>
</tr>
<tr>
<td>axtls__k10__q6.cnf</td>
<td>94</td>
<td>200</td>
<td>25</td>
<td>0.003428</td>
<td>85159200</td>
</tr>
<tr>
<td>axtls__k10__q7.cnf</td>
<td>94</td>
<td>200</td>
<td>15</td>
<td>0.003162</td>
<td>18800640</td>
</tr>
<tr>
<td>axtls__k10__q9.cnf</td>
<td>94</td>
<td>200</td>
<td>0</td>
<td>0.000291</td>
<td>UNSAT</td>
</tr>
<tr>
<td>axtls__k10__q10.cnf</td>
<td>94</td>
<td>200</td>
<td>32</td>
<td>0.003871</td>
<td>4473216</td>
</tr>
<tr>
<td>axtls__k10__q11.cnf</td>
<td>94</td>
<td>200</td>
<td>0</td>
<td>0.000462</td>
<td>UNSAT</td>
</tr>
<tr>
<td>axtls__k10__q12.cnf</td>
<td>94</td>
<td>200</td>
<td>21</td>
<td>0.003299</td>
<td>24064819200</td>
</tr>
<tr>
<td>axtls__k10__q13.cnf</td>
<td>94</td>
<td>200</td>
<td>18</td>
<td>0.003218</td>
<td>360972288</td>
</tr>
<tr>
<td>axtls__k10__q14.cnf</td>
<td>94</td>
<td>200</td>
<td>0</td>
<td>0.000305</td>
<td>UNSAT</td>
</tr>
<tr>
<td>axtls__k10__q15.cnf</td>
<td>94</td>
<td>200</td>
<td>0</td>
<td>0.000322</td>
<td>UNSAT</td>
</tr>
<tr>
<td>axtls__k10__q16.cnf</td>
<td>94</td>
<td>200</td>
<td>17</td>
<td>0.003698</td>
<td>8153726976</td>
</tr>
<tr>
<td>axtls__k10__q17.cnf</td>
<td>94</td>
<td>200</td>
<td>27</td>
<td>0.003214</td>
<td>16594108416</td>
</tr>
<tr>
<td>axtls__k10__q18.cnf</td>
<td>94</td>
<td>200</td>
<td>0</td>
<td>0.000306</td>
<td>UNSAT</td>
</tr>
<tr>
<td>axtls__k10__q19.cnf</td>
<td>94</td>
<td>200</td>
<td>0</td>
<td>0.000368</td>
<td>UNSAT</td>
</tr>
<tr>
<td>axtls__k10__q20.cnf</td>
<td>94</td>
<td>200</td>
<td>0</td>
<td>0.000556</td>
<td>UNSAT</td>
</tr>
<tr>
<td>axtls__k10__q21.cnf</td>
<td>94</td>
<td>200</td>
<td>0</td>
<td>0.000294</td>
<td>UNSAT</td>
</tr>
<tr>
<td>axtls__k10__q22.cnf</td>
<td>94</td>
<td>200</td>
<td>0</td>
<td>0.000283</td>
<td>UNSAT</td>
</tr>
<tr>
<td>axtls__k10__q23.cnf</td>
<td>94</td>
<td>200</td>
<td>33</td>
<td>0.003881</td>
<td>70783875584</td>
</tr>
<tr>
<td>axtls__k10__q24.cnf</td>
<td>94</td>
<td>200</td>
<td>0</td>
<td>0.000281</td>
<td>UNSAT</td>
</tr>
<tr>
<td>axtls__k10__q26.cnf</td>
<td>94</td>
<td>200</td>
<td>0</td>
<td>0.00031</td>
<td>UNSAT</td>
</tr>
<tr>
<td>axtls__k10__q27.cnf</td>
<td>94</td>
<td>200</td>
<td>0</td>
<td>0.000313</td>
<td>UNSAT</td>
</tr>
<tr>
<td>axtls__k10__q28.cnf</td>
<td>94</td>
<td>200</td>
<td>0</td>
<td>0.000297</td>
<td>UNSAT</td>
</tr>
<tr>
<td>axtls__k10__q29.cnf</td>
<td>94</td>
<td>200</td>
<td>0</td>
<td>0.000279</td>
<td>UNSAT</td>
</tr>
<tr>
<td>axtls__k10__q30.cnf</td>
<td>94</td>
<td>200</td>
<td>16</td>
<td>0.002997</td>
<td>12995002368</td>
</tr>
<tr>
<td>axtls__k10__q32.cnf</td>
<td>94</td>
<td>200</td>
<td>0</td>
<td>0.000304</td>
<td>UNSAT</td>
</tr>
<tr>
<td>axtls__k10__q33.cnf</td>
<td>94</td>
<td>200</td>
<td>0</td>
<td>0.000293</td>
<td>UNSAT</td>
</tr>
<tr>
<td>axtls__k10__q34.cnf</td>
<td>94</td>
<td>200</td>
<td>0</td>
<td>0.000288</td>
<td>UNSAT</td>
</tr>
<tr>
<td>axtls__k10__q35.cnf</td>
<td>94</td>
<td>200</td>
<td>23</td>
<td>0.003153</td>
<td>12232949760</td>
</tr>
<tr>
<td>axtls__k10__q36.cnf</td>
<td>94</td>
<td>200</td>
<td>0</td>
<td>0.000275</td>
<td>UNSAT</td>
</tr>
<tr>
<td>axtls__k10__q37.cnf</td>
<td>94</td>
<td>200</td>
<td>0</td>
<td>0.000268</td>
<td>UNSAT</td>
</tr>
<tr>
<td>axtls__k10__q38.cnf</td>
<td>94</td>
<td>200</td>
<td>0</td>
<td>0.000286</td>
<td>UNSAT</td>
</tr>
<tr>
<td>axtls__k10__q40.cnf</td>
<td>94</td>
<td>200</td>
<td>0</td>
<td>0.0003</td>
<td>UNSAT</td>
</tr>
<tr>
<td>axtls__k10__q41.cnf</td>
<td>94</td>
<td>200</td>
<td>0</td>
<td>0.000288</td>
<td>UNSAT</td>
</tr>
<tr>
<td>axtls__k10__q43.cnf</td>
<td>94</td>
<td>200</td>
<td>0</td>
<td>0.000317</td>
<td>UNSAT</td>
</tr>
<tr>
<td>axtls__k10__q44.cnf</td>
<td>94</td>
<td>200</td>
<td>0</td>
<td>0.000275</td>
<td>UNSAT</td>
</tr>
<tr>
<td>axtls__k10__q45.cnf</td>
<td>94</td>
<td>200</td>
<td>0</td>
<td>0.000301</td>
<td>UNSAT</td>
</tr>
<tr>
<td>axtls__k10__q47.cnf</td>
<td>94</td>
<td>200</td>
<td>0</td>
<td>0.000292</td>
<td>UNSAT</td>
</tr>
<tr>
<td>axtls__k10__q48.cnf</td>
<td>94</td>
<td>200</td>
<td>0</td>
<td>0.000377</td>
<td>UNSAT</td>
</tr>
<tr>
<td>axtls__k10__q49.cnf</td>
<td>94</td>
<td>200</td>
<td>0</td>
<td>0.000315</td>
<td>UNSAT</td>
</tr>
<tr>
<td>axtls__k20__q0.cnf</td>
<td>94</td>
<td>210</td>
<td>0</td>
<td>0.000299</td>
<td>UNSAT</td>
</tr>
<tr>
<td>axtls__k20__q2.cnf</td>
<td>94</td>
<td>210</td>
<td>0</td>
<td>0.000329</td>
<td>UNSAT</td>
</tr>
<tr>
<td>axtls__k20__q3.cnf</td>
<td>94</td>
<td>210</td>
<td>0</td>
<td>0.000378</td>
<td>UNSAT</td>
</tr>
<tr>
<td>axtls__k20__q4.cnf</td>
<td>94</td>
<td>210</td>
<td>0</td>
<td>0.000313</td>
<td>UNSAT</td>
</tr>
<tr>
<td>axtls__k20__q7.cnf</td>
<td>94</td>
<td>210</td>
<td>0</td>
<td>0.000296</td>
<td>UNSAT</td>
</tr>
<tr>
<td>axtls__k20__q9.cnf</td>
<td>94</td>
<td>210</td>
<td>0</td>
<td>0.000312</td>
<td>UNSAT</td>
</tr>
<tr>
<td>axtls__k20__q12.cnf</td>
<td>94</td>
<td>210</td>
<td>0</td>
<td>0.000348</td>
<td>UNSAT</td>
</tr>
<tr>
<td>axtls__k20__q13.cnf</td>
<td>94</td>
<td>210</td>
<td>0</td>
<td>0.000339</td>
<td>UNSAT</td>
</tr>
<tr>
<td>axtls__k20__q14.cnf</td>
<td>94</td>
<td>210</td>
<td>0</td>
<td>0.0003</td>
<td>UNSAT</td>
</tr>
<tr>
<td>axtls__k20__q17.cnf</td>
<td>94</td>
<td>210</td>
<td>0</td>
<td>0.000979</td>
<td>UNSAT</td>
</tr>
<tr>
<td>axtls__k20__q19.cnf</td>
<td>94</td>
<td>210</td>
<td>0</td>
<td>0.000447</td>
<td>UNSAT</td>
</tr>
<tr>
<td>axtls__k20__q20.cnf</td>
<td>94</td>
<td>210</td>
<td>0</td>
<td>0.00045</td>
<td>UNSAT</td>
</tr>
<tr>
<td>axtls__k20__q21.cnf</td>
<td>94</td>
<td>210</td>
<td>0</td>
<td>0.000305</td>
<td>UNSAT</td>
</tr>
<tr>
<td>axtls__k20__q23.cnf</td>
<td>94</td>
<td>210</td>
<td>0</td>
<td>0.000361</td>
<td>UNSAT</td>
</tr>
<tr>
<td>axtls__k20__q24.cnf</td>
<td>94</td>
<td>210</td>
<td>0</td>
<td>0.000399</td>
<td>UNSAT</td>
</tr>
<tr>
<td>axtls__k20__q26.cnf</td>
<td>94</td>
<td>210</td>
<td>0</td>
<td>0.000319</td>
<td>UNSAT</td>
</tr>
<tr>
<td>axtls__k20__q28.cnf</td>
<td>94</td>
<td>210</td>
<td>0</td>
<td>0.000318</td>
<td>UNSAT</td>
</tr>
<tr>
<td>axtls__k20__q29.cnf</td>
<td>94</td>
<td>210</td>
<td>0</td>
<td>0.000418</td>
<td>UNSAT</td>
</tr>
<tr>
<td>axtls__k20__q30.cnf</td>
<td>94</td>
<td>210</td>
<td>0</td>
<td>0.000309</td>
<td>UNSAT</td>
</tr>
<tr>
<td>axtls__k20__q31.cnf</td>
<td>94</td>
<td>210</td>
<td>0</td>
<td>0.000428</td>
<td>UNSAT</td>
</tr>
<tr>
<td>axtls__k20__q32.cnf</td>
<td>94</td>
<td>210</td>
<td>0</td>
<td>0.000288</td>
<td>UNSAT</td>
</tr>
<tr>
<td>axtls__k20__q33.cnf</td>
<td>94</td>
<td>210</td>
<td>0</td>
<td>0.0003</td>
<td>UNSAT</td>
</tr>
<tr>
<td>axtls__k20__q41.cnf</td>
<td>94</td>
<td>210</td>
<td>0</td>
<td>0.00084</td>
<td>UNSAT</td>
</tr>
<tr>
<td>axtls__k20__q44.cnf</td>
<td>94</td>
<td>210</td>
<td>0</td>
<td>0.000321</td>
<td>UNSAT</td>
</tr>
<tr>
<td>axtls__k20__q45.cnf</td>
<td>94</td>
<td>210</td>
<td>0</td>
<td>0.000326</td>
<td>UNSAT</td>
</tr>
<tr>
<td>axtls__k20__q46.cnf</td>
<td>94</td>
<td>210</td>
<td>0</td>
<td>0.000328</td>
<td>UNSAT</td>
</tr>
<tr>
<td>axtls__k20__q47.cnf</td>
<td>94</td>
<td>210</td>
<td>0</td>
<td>0.000314</td>
<td>UNSAT</td>
</tr>
<tr>
<td>axtls__k20__q48.cnf</td>
<td>94</td>
<td>210</td>
<td>0</td>
<td>0.000442</td>
<td>UNSAT</td>
</tr>
<tr>
<td>axtls__k20__q0.cnf</td>
<td>94</td>
<td>210</td>
<td>0</td>
<td>0.000528</td>
<td>UNSAT</td>
</tr>
<tr>
<td>axtls__k20__q2.cnf</td>
<td>94</td>
<td>210</td>
<td>0</td>
<td>0.000305</td>
<td>UNSAT</td>
</tr>
<tr>
<td>axtls__k20__q3.cnf</td>
<td>94</td>
<td>210</td>
<td>0</td>
<td>0.000331</td>
<td>UNSAT</td>
</tr>
<tr>
<td>axtls__k20__q4.cnf</td>
<td>94</td>
<td>210</td>
<td>0</td>
<td>0.000298</td>
<td>UNSAT</td>
</tr>
<tr>
<td>axtls__k20__q7.cnf</td>
<td>94</td>
<td>210</td>
<td>0</td>
<td>0.000373</td>
<td>UNSAT</td>
</tr>
<tr>
<td>axtls__k20__q9.cnf</td>
<td>94</td>
<td>210</td>
<td>0</td>
<td>0.000356</td>
<td>UNSAT</td>
</tr>
<tr>
<td>axtls__k20__q12.cnf</td>
<td>94</td>
<td>210</td>
<td>0</td>
<td>0.000357</td>
<td>UNSAT</td>
</tr>
<tr>
<td>axtls__k20__q13.cnf</td>
<td>94</td>
<td>210</td>
<td>0</td>
<td>0.000331</td>
<td>UNSAT</td>
</tr>
<tr>
<td>axtls__k20__q14.cnf</td>
<td>94</td>
<td>210</td>
<td>0</td>
<td>0.000321</td>
<td>UNSAT</td>
</tr>
<tr>
<td>axtls__k20__q17.cnf</td>
<td>94</td>
<td>210</td>
<td>0</td>
<td>0.001</td>
<td>UNSAT</td>
</tr>
<tr>
<td>axtls__k20__q19.cnf</td>
<td>94</td>
<td>210</td>
<td>0</td>
<td>0.001017</td>
<td>UNSAT</td>
</tr>
<tr>
<td>axtls__k20__q20.cnf</td>
<td>94</td>
<td>210</td>
<td>0</td>
<td>0.000508</td>
<td>UNSAT</td>
</tr>
<tr>
<td>axtls__k20__q21.cnf</td>
<td>94</td>
<td>210</td>
<td>0</td>
<td>0.0003</td>
<td>UNSAT</td>
</tr>
<tr>
<td>axtls__k20__q23.cnf</td>
<td>94</td>
<td>210</td>
<td>0</td>
<td>0.0003</td>
<td>UNSAT</td>
</tr>
<tr>
<td>axtls__k20__q24.cnf</td>
<td>94</td>
<td>210</td>
<td>0</td>
<td>0.000429</td>
<td>UNSAT</td>
</tr>
<tr>
<td>axtls__k20__q26.cnf</td>
<td>94</td>
<td>210</td>
<td>0</td>
<td>0.000588</td>
<td>UNSAT</td>
</tr>
<tr>
<td>axtls__k20__q28.cnf</td>
<td>94</td>
<td>210</td>
<td>0</td>
<td>0.000397</td>
<td>UNSAT</td>
</tr>
<tr>
<td>axtls__k20__q29.cnf</td>
<td>94</td>
<td>210</td>
<td>0</td>
<td>0.000554</td>
<td>UNSAT</td>
</tr>
<tr>
<td>axtls__k20__q30.cnf</td>
<td>94</td>
<td>210</td>
<td>0</td>
<td>0.00047</td>
<td>UNSAT</td>
</tr>
<tr>
<td>axtls__k20__q31.cnf</td>
<td>94</td>
<td>210</td>
<td>0</td>
<td>0.000449</td>
<td>UNSAT</td>
</tr>
<tr>
<td>axtls__k20__q32.cnf</td>
<td>94</td>
<td>210</td>
<td>0</td>
<td>0.000772</td>
<td>UNSAT</td>
</tr>
<tr>
<td>axtls__k20__q33.cnf</td>
<td>94</td>
<td>210</td>
<td>0</td>
<td>0.000458</td>
<td>UNSAT</td>
</tr>
<tr>
<td>axtls__k20__q41.cnf</td>
<td>94</td>
<td>210</td>
<td>0</td>
<td>0.000688</td>
<td>UNSAT</td>
</tr>
<tr>
<td>axtls__k20__q44.cnf</td>
<td>94</td>
<td>210</td>
<td>0</td>
<td>0.000555</td>
<td>UNSAT</td>
</tr>
<tr>
<td>axtls__k20__q45.cnf</td>
<td>94</td>
<td>210</td>
<td>0</td>
<td>0.000568</td>
<td>UNSAT</td>
</tr>
<tr>
<td>axtls__k20__q46.cnf</td>
<td>94</td>
<td>210</td>
<td>0</td>
<td>0.000436</td>
<td>UNSAT</td>
</tr>
<tr>
<td>axtls__k20__q47.cnf</td>
<td>94</td>
<td>210</td>
<td>0</td>
<td>0.000493</td>
<td>UNSAT</td>
</tr>
<tr>
<td>axtls__k20__q48.cnf</td>
<td>94</td>
<td>210</td>
<td>0</td>
<td>0.000544</td>
<td>UNSAT</td>
</tr>
<tr>
<td>axtls__k20__q0.cnf</td>
<td>94</td>
<td>210</td>
<td>0</td>
<td>0.000473</td>
<td>UNSAT</td>
</tr>
<tr>
<td>axtls__k20__q2.cnf</td>
<td>94</td>
<td>210</td>
<td>0</td>
<td>0.00066</td>
<td>UNSAT</td>
</tr>
<tr>
<td>axtls__k20__q3.cnf</td>
<td>94</td>
<td>210</td>
<td>0</td>
<td>0.000808</td>
<td>UNSAT</td>
</tr>
<tr>
<td>axtls__k20__q4.cnf</td>
<td>94</td>
<td>210</td>
<td>0</td>
<td>0.000743</td>
<td>UNSAT</td>
</tr>
<tr>
<td>axtls__k20__q7.cnf</td>
<td>94</td>
<td>210</td>
<td>0</td>
<td>0.000324</td>
<td>UNSAT</td>
</tr>
<tr>
<td>axtls__k20__q9.cnf</td>
<td>94</td>
<td>210</td>
<td>0</td>
<td>0.000292</td>
<td>UNSAT</td>
</tr>
<tr>
<td>axtls__k20__q12.cnf</td>
<td>94</td>
<td>210</td>
<td>0</td>
<td>0.000339</td>
<td>UNSAT</td>
</tr>
<tr>
<td>axtls__k20__q13.cnf</td>
<td>94</td>
<td>210</td>
<td>0</td>
<td>0.000288</td>
<td>UNSAT</td>
</tr>
<tr>
<td>axtls__k20__q14.cnf</td>
<td>94</td>
<td>210</td>
<td>0</td>
<td>0.000292</td>
<td>UNSAT</td>
</tr>
<tr>
<td>axtls__k20__q17.cnf</td>
<td>94</td>
<td>210</td>
<td>0</td>
<td>0.000879</td>
<td>UNSAT</td>
</tr>
<tr>
<td>axtls__k20__q19.cnf</td>
<td>94</td>
<td>210</td>
<td>0</td>
<td>0.000855</td>
<td>UNSAT</td>
</tr>
<tr>
<td>axtls__k20__q20.cnf</td>
<td>94</td>
<td>210</td>
<td>0</td>
<td>0.001133</td>
<td>UNSAT</td>
</tr>
<tr>
<td>axtls__k20__q21.cnf</td>
<td>94</td>
<td>210</td>
<td>0</td>
<td>0.00115</td>
<td>UNSAT</td>
</tr>
<tr>
<td>axtls__k20__q23.cnf</td>
<td>94</td>
<td>210</td>
<td>0</td>
<td>0.000355</td>
<td>UNSAT</td>
</tr>
<tr>
<td>axtls__k20__q24.cnf</td>
<td>94</td>
<td>210</td>
<td>0</td>
<td>0.000304</td>
<td>UNSAT</td>
</tr>
<tr>
<td>axtls__k20__q26.cnf</td>
<td>94</td>
<td>210</td>
<td>0</td>
<td>0.000404</td>
<td>UNSAT</td>
</tr>
<tr>
<td>axtls__k20__q28.cnf</td>
<td>94</td>
<td>210</td>
<td>0</td>
<td>0.000386</td>
<td>UNSAT</td>
</tr>
<tr>
<td>axtls__k20__q29.cnf</td>
<td>94</td>
<td>210</td>
<td>0</td>
<td>0.00053</td>
<td>UNSAT</td>
</tr>
<tr>
<td>axtls__k20__q30.cnf</td>
<td>94</td>
<td>210</td>
<td>0</td>
<td>0.000293</td>
<td>UNSAT</td>
</tr>
<tr>
<td>axtls__k20__q31.cnf</td>
<td>94</td>
<td>210</td>
<td>0</td>
<td>0.000321</td>
<td>UNSAT</td>
</tr>
<tr>
<td>axtls__k20__q32.cnf</td>
<td>94</td>
<td>210</td>
<td>0</td>
<td>0.000576</td>
<td>UNSAT</td>
</tr>
<tr>
<td>axtls__k20__q33.cnf</td>
<td>94</td>
<td>210</td>
<td>0</td>
<td>0.000338</td>
<td>UNSAT</td>
</tr>
<tr>
<td>axtls__k20__q41.cnf</td>
<td>94</td>
<td>210</td>
<td>0</td>
<td>0.000463</td>
<td>UNSAT</td>
</tr>
<tr>
<td>axtls__k20__q44.cnf</td>
<td>94</td>
<td>210</td>
<td>0</td>
<td>0.001148</td>
<td>UNSAT</td>
</tr>
<tr>
<td>axtls__k20__q45.cnf</td>
<td>94</td>
<td>210</td>
<td>0</td>
<td>0.000487</td>
<td>UNSAT</td>
</tr>
<tr>
<td>axtls__k20__q46.cnf</td>
<td>94</td>
<td>210</td>
<td>0</td>
<td>0.000459</td>
<td>UNSAT</td>
</tr>
<tr>
<td>axtls__k20__q47.cnf</td>
<td>94</td>
<td>210</td>
<td>0</td>
<td>0.000381</td>
<td>UNSAT</td>
</tr>
<tr>
<td>axtls__k20__q48.cnf</td>
<td>94</td>
<td>210</td>
<td>0</td>
<td>0.000443</td>
<td>UNSAT</td>
</tr>
<tr>
<td>axtls__k20__q0.cnf</td>
<td>94</td>
<td>210</td>
<td>0</td>
<td>0.001028</td>
<td>UNSAT</td>
</tr>
<tr>
<td>axtls__k20__q2.cnf</td>
<td>94</td>
<td>210</td>
<td>0</td>
<td>0.000587</td>
<td>UNSAT</td>
</tr>
<tr>
<td>axtls__k20__q3.cnf</td>
<td>94</td>
<td>210</td>
<td>0</td>
<td>0.000521</td>
<td>UNSAT</td>
</tr>
<tr>
<td>axtls__k20__q4.cnf</td>
<td>94</td>
<td>210</td>
<td>0</td>
<td>0.000386</td>
<td>UNSAT</td>
</tr>
<tr>
<td>axtls__k20__q7.cnf</td>
<td>94</td>
<td>210</td>
<td>0</td>
<td>0.000332</td>
<td>UNSAT</td>
</tr>
<tr>
<td>axtls__k20__q9.cnf</td>
<td>94</td>
<td>210</td>
<td>0</td>
<td>0.000311</td>
<td>UNSAT</td>
</tr>
<tr>
<td>axtls__k20__q12.cnf</td>
<td>94</td>
<td>210</td>
<td>0</td>
<td>0.000307</td>
<td>UNSAT</td>
</tr>
<tr>
<td>axtls__k20__q13.cnf</td>
<td>94</td>
<td>210</td>
<td>0</td>
<td>0.000399</td>
<td>UNSAT</td>
</tr>
<tr>
<td>axtls__k20__q14.cnf</td>
<td>94</td>
<td>210</td>
<td>0</td>
<td>0.000344</td>
<td>UNSAT</td>
</tr>
<tr>
<td>axtls__k20__q17.cnf</td>
<td>94</td>
<td>210</td>
<td>0</td>
<td>0.000301</td>
<td>UNSAT</td>
</tr>
<tr>
<td>axtls__k20__q19.cnf</td>
<td>94</td>
<td>210</td>
<td>0</td>
<td>0.000383</td>
<td>UNSAT</td>
</tr>
<tr>
<td>axtls__k20__q20.cnf</td>
<td>94</td>
<td>210</td>
<td>0</td>
<td>0.000299</td>
<td>UNSAT</td>
</tr>
<tr>
<td>axtls__k20__q21.cnf</td>
<td>94</td>
<td>210</td>
<td>0</td>
<td>0.000315</td>
<td>UNSAT</td>
</tr>
<tr>
<td>axtls__k20__q23.cnf</td>
<td>94</td>
<td>210</td>
<td>0</td>
<td>0.000498</td>
<td>UNSAT</td>
</tr>
<tr>
<td>axtls__k20__q24.cnf</td>
<td>94</td>
<td>210</td>
<td>0</td>
<td>0.000365</td>
<td>UNSAT</td>
</tr>
<tr>
<td>axtls__k20__q26.cnf</td>
<td>94</td>
<td>210</td>
<td>0</td>
<td>0.000362</td>
<td>UNSAT</td>
</tr>
<tr>
<td>axtls__k20__q28.cnf</td>
<td>94</td>
<td>210</td>
<td>0</td>
<td>0.000304</td>
<td>UNSAT</td>
</tr>
<tr>
<td>axtls__k20__q29.cnf</td>
<td>94</td>
<td>210</td>
<td>0</td>
<td>0.000297</td>
<td>UNSAT</td>
</tr>
<tr>
<td>axtls__k20__q30.cnf</td>
<td>94</td>
<td>210</td>
<td>0</td>
<td>0.000319</td>
<td>UNSAT</td>
</tr>
<tr>
<td>axtls__k20__q31.cnf</td>
<td>94</td>
<td>210</td>
<td>0</td>
<td>0.000303</td>
<td>UNSAT</td>
</tr>
<tr>
<td>axtls__k20__q32.cnf</td>
<td>94</td>
<td>210</td>
<td>0</td>
<td>0.00029</td>
<td>UNSAT</td>
</tr>
<tr>
<td>axtls__k20__q33.cnf</td>
<td>94</td>
<td>210</td>
<td>0</td>
<td>0.000288</td>
<td>UNSAT</td>
</tr>
<tr>
<td>axtls__k20__q41.cnf</td>
<td>94</td>
<td>210</td>
<td>0</td>
<td>0.000352</td>
<td>UNSAT</td>
</tr>
<tr>
<td>axtls__k20__q44.cnf</td>
<td>94</td>
<td>210</td>
<td>0</td>
<td>0.000442</td>
<td>UNSAT</td>
</tr>
<tr>
<td>axtls__k20__q45.cnf</td>
<td>94</td>
<td>210</td>
<td>0</td>
<td>0.000345</td>
<td>UNSAT</td>
</tr>
<tr>
<td>axtls__k20__q46.cnf</td>
<td>94</td>
<td>210</td>
<td>0</td>
<td>0.000438</td>
<td>UNSAT</td>
</tr>
<tr>
<td>axtls__k20__q47.cnf</td>
<td>94</td>
<td>210</td>
<td>0</td>
<td>0.00044</td>
<td>UNSAT</td>
</tr>
<tr>
<td>axtls__k20__q48.cnf</td>
<td>94</td>
<td>210</td>
<td>0</td>
<td>0.000339</td>
<td>UNSAT</td>
</tr>
<tr>
<td>axtls__k20__q0.cnf</td>
<td>94</td>
<td>210</td>
<td>0</td>
<td>0.000493</td>
<td>UNSAT</td>
</tr>
<tr>
<td>axtls__k20__q2.cnf</td>
<td>94</td>
<td>210</td>
<td>0</td>
<td>0.000352</td>
<td>UNSAT</td>
</tr>
<tr>
<td>axtls__k20__q3.cnf</td>
<td>94</td>
<td>210</td>
<td>0</td>
<td>0.00043</td>
<td>UNSAT</td>
</tr>
<tr>
<td>axtls__k20__q4.cnf</td>
<td>94</td>
<td>210</td>
<td>0</td>
<td>0.000415</td>
<td>UNSAT</td>
</tr>
<tr>
<td>axtls__k20__q7.cnf</td>
<td>94</td>
<td>210</td>
<td>0</td>
<td>0.000343</td>
<td>UNSAT</td>
</tr>
<tr>
<td>axtls__k20__q9.cnf</td>
<td>94</td>
<td>210</td>
<td>0</td>
<td>0.000848</td>
<td>UNSAT</td>
</tr>
<tr>
<td>axtls__k20__q12.cnf</td>
<td>94</td>
<td>210</td>
<td>0</td>
<td>0.000877</td>
<td>UNSAT</td>
</tr>
<tr>
<td>axtls__k20__q13.cnf</td>
<td>94</td>
<td>210</td>
<td>0</td>
<td>0.000336</td>
<td>UNSAT</td>
</tr>
<tr>
<td>axtls__k20__q14.cnf</td>
<td>94</td>
<td>210</td>
<td>0</td>
<td>0.000388</td>
<td>UNSAT</td>
</tr>
<tr>
<td>axtls__k20__q17.cnf</td>
<td>94</td>
<td>210</td>
<td>0</td>
<td>0.000402</td>
<td>UNSAT</td>
</tr>
<tr>
<td>axtls__k20__q19.cnf</td>
<td>94</td>
<td>210</td>
<td>0</td>
<td>0.000484</td>
<td>UNSAT</td>
</tr>
<tr>
<td>axtls__k20__q20.cnf</td>
<td>94</td>
<td>210</td>
<td>0</td>
<td>0.000357</td>
<td>UNSAT</td>
</tr>
<tr>
<td>axtls__k20__q21.cnf</td>
<td>94</td>
<td>210</td>
<td>0</td>
<td>0.000293</td>
<td>UNSAT</td>
</tr>
<tr>
<td>axtls__k20__q23.cnf</td>
<td>94</td>
<td>210</td>
<td>0</td>
<td>0.000879</td>
<td>UNSAT</td>
</tr>
<tr>
<td>axtls__k20__q24.cnf</td>
<td>94</td>
<td>210</td>
<td>0</td>
<td>0.000544</td>
<td>UNSAT</td>
</tr>
<tr>
<td>axtls__k20__q26.cnf</td>
<td>94</td>
<td>210</td>
<td>0</td>
<td>0.000821</td>
<td>UNSAT</td>
</tr>
<tr>
<td>axtls__k20__q28.cnf</td>
<td>94</td>
<td>210</td>
<td>0</td>
<td>0.000401</td>
<td>UNSAT</td>
</tr>
<tr>
<td>axtls__k20__q29.cnf</td>
<td>94</td>
<td>210</td>
<td>0</td>
<td>0.000847</td>
<td>UNSAT</td>
</tr>
<tr>
<td>axtls__k20__q30.cnf</td>
<td>94</td>
<td>210</td>
<td>0</td>
<td>0.000503</td>
<td>UNSAT</td>
</tr>
<tr>
<td>axtls__k20__q31.cnf</td>
<td>94</td>
<td>210</td>
<td>0</td>
<td>0.000396</td>
<td>UNSAT</td>
</tr>
<tr>
<td>axtls__k20__q32.cnf</td>
<td>94</td>
<td>210</td>
<td>0</td>
<td>0.00041</td>
<td>UNSAT</td>
</tr>
<tr>
<td>axtls__k20__q33.cnf</td>
<td>94</td>
<td>210</td>
<td>0</td>
<td>0.000484</td>
<td>UNSAT</td>
</tr>
<tr>
<td>axtls__k20__q41.cnf</td>
<td>94</td>
<td>210</td>
<td>0</td>
<td>0.000386</td>
<td>UNSAT</td>
</tr>
<tr>
<td>axtls__k20__q44.cnf</td>
<td>94</td>
<td>210</td>
<td>0</td>
<td>0.000423</td>
<td>UNSAT</td>
</tr>
<tr>
<td>axtls__k20__q45.cnf</td>
<td>94</td>
<td>210</td>
<td>0</td>
<td>0.000333</td>
<td>UNSAT</td>
</tr>
<tr>
<td>axtls__k20__q46.cnf</td>
<td>94</td>
<td>210</td>
<td>0</td>
<td>0.000305</td>
<td>UNSAT</td>
</tr>
<tr>
<td>axtls__k20__q47.cnf</td>
<td>94</td>
<td>210</td>
<td>0</td>
<td>0.000478</td>
<td>UNSAT</td>
</tr>
<tr>
<td>axtls__k20__q48.cnf</td>
<td>94</td>
<td>210</td>
<td>0</td>
<td>0.000455</td>
<td>UNSAT</td>
</tr>
<tr>
<td>axtls__k20__q0.cnf</td>
<td>94</td>
<td>210</td>
<td>0</td>
<td>0.000497</td>
<td>UNSAT</td>
</tr>
<tr>
<td>axtls__k20__q2.cnf</td>
<td>94</td>
<td>210</td>
<td>0</td>
<td>0.000402</td>
<td>UNSAT</td>
</tr>
<tr>
<td>axtls__k20__q3.cnf</td>
<td>94</td>
<td>210</td>
<td>0</td>
<td>0.00033</td>
<td>UNSAT</td>
</tr>
<tr>
<td>axtls__k20__q4.cnf</td>
<td>94</td>
<td>210</td>
<td>0</td>
<td>0.000433</td>
<td>UNSAT</td>
</tr>
<tr>
<td>axtls__k20__q7.cnf</td>
<td>94</td>
<td>210</td>
<td>0</td>
<td>0.00032</td>
<td>UNSAT</td>
</tr>
<tr>
<td>axtls__k20__q9.cnf</td>
<td>94</td>
<td>210</td>
<td>0</td>
<td>0.000431</td>
<td>UNSAT</td>
</tr>
<tr>
<td>axtls__k20__q12.cnf</td>
<td>94</td>
<td>210</td>
<td>0</td>
<td>0.000419</td>
<td>UNSAT</td>
</tr>
<tr>
<td>axtls__k20__q13.cnf</td>
<td>94</td>
<td>210</td>
<td>0</td>
<td>0.00037</td>
<td>UNSAT</td>
</tr>
<tr>
<td>axtls__k20__q14.cnf</td>
<td>94</td>
<td>210</td>
<td>0</td>
<td>0.000316</td>
<td>UNSAT</td>
</tr>
<tr>
<td>axtls__k20__q17.cnf</td>
<td>94</td>
<td>210</td>
<td>0</td>
<td>0.000504</td>
<td>UNSAT</td>
</tr>
<tr>
<td>axtls__k20__q19.cnf</td>
<td>94</td>
<td>210</td>
<td>0</td>
<td>0.000583</td>
<td>UNSAT</td>
</tr>
<tr>
<td>axtls__k20__q20.cnf</td>
<td>94</td>
<td>210</td>
<td>0</td>
<td>0.00054</td>
<td>UNSAT</td>
</tr>
<tr>
<td>axtls__k20__q21.cnf</td>
<td>94</td>
<td>210</td>
<td>0</td>
<td>0.000355</td>
<td>UNSAT</td>
</tr>
<tr>
<td>axtls__k20__q23.cnf</td>
<td>94</td>
<td>210</td>
<td>0</td>
<td>0.000472</td>
<td>UNSAT</td>
</tr>
<tr>
<td>axtls__k20__q24.cnf</td>
<td>94</td>
<td>210</td>
<td>0</td>
<td>0.00034</td>
<td>UNSAT</td>
</tr>
<tr>
<td>axtls__k20__q26.cnf</td>
<td>94</td>
<td>210</td>
<td>0</td>
<td>0.00114</td>
<td>UNSAT</td>
</tr>
<tr>
<td>axtls__k20__q28.cnf</td>
<td>94</td>
<td>210</td>
<td>0</td>
<td>0.000613</td>
<td>UNSAT</td>
</tr>
<tr>
<td>axtls__k20__q29.cnf</td>
<td>94</td>
<td>210</td>
<td>0</td>
<td>0.00032</td>
<td>UNSAT</td>
</tr>
<tr>
<td>axtls__k20__q30.cnf</td>
<td>94</td>
<td>210</td>
<td>0</td>
<td>0.000301</td>
<td>UNSAT</td>
</tr>
<tr>
<td>axtls__k20__q31.cnf</td>
<td>94</td>
<td>210</td>
<td>0</td>
<td>0.000369</td>
<td>UNSAT</td>
</tr>
<tr>
<td>axtls__k20__q32.cnf</td>
<td>94</td>
<td>210</td>
<td>0</td>
<td>0.00069</td>
<td>UNSAT</td>
</tr>
<tr>
<td>axtls__k20__q33.cnf</td>
<td>94</td>
<td>210</td>
<td>0</td>
<td>0.000306</td>
<td>UNSAT</td>
</tr>
<tr>
<td>axtls__k20__q41.cnf</td>
<td>94</td>
<td>210</td>
<td>0</td>
<td>0.000832</td>
<td>UNSAT</td>
</tr>
<tr>
<td>axtls__k20__q44.cnf</td>
<td>94</td>
<td>210</td>
<td>0</td>
<td>0.000677</td>
<td>UNSAT</td>
</tr>
<tr>
<td>axtls__k20__q45.cnf</td>
<td>94</td>
<td>210</td>
<td>0</td>
<td>0.000809</td>
<td>UNSAT</td>
</tr>
<tr>
<td>axtls__k20__q46.cnf</td>
<td>94</td>
<td>210</td>
<td>0</td>
<td>0.000648</td>
<td>UNSAT</td>
</tr>
<tr>
<td>axtls__k20__q47.cnf</td>
<td>94</td>
<td>210</td>
<td>0</td>
<td>0.000375</td>
<td>UNSAT</td>
</tr>
<tr>
<td>axtls__k20__q48.cnf</td>
<td>94</td>
<td>210</td>
<td>0</td>
<td>0.000391</td>
<td>UNSAT</td>
</tr>
<tr>
<td>axtls__k20__q0.cnf</td>
<td>94</td>
<td>210</td>
<td>0</td>
<td>0.000908</td>
<td>UNSAT</td>
</tr>
<tr>
<td>axtls__k20__q2.cnf</td>
<td>94</td>
<td>210</td>
<td>0</td>
<td>0.0003</td>
<td>UNSAT</td>
</tr>
<tr>
<td>axtls__k20__q3.cnf</td>
<td>94</td>
<td>210</td>
<td>0</td>
<td>0.000669</td>
<td>UNSAT</td>
</tr>
<tr>
<td>axtls__k20__q4.cnf</td>
<td>94</td>
<td>210</td>
<td>0</td>
<td>0.000304</td>
<td>UNSAT</td>
</tr>
<tr>
<td>axtls__k20__q7.cnf</td>
<td>94</td>
<td>210</td>
<td>0</td>
<td>0.000296</td>
<td>UNSAT</td>
</tr>
<tr>
<td>axtls__k20__q9.cnf</td>
<td>94</td>
<td>210</td>
<td>0</td>
<td>0.00031</td>
<td>UNSAT</td>
</tr>
<tr>
<td>axtls__k20__q12.cnf</td>
<td>94</td>
<td>210</td>
<td>0</td>
<td>0.000446</td>
<td>UNSAT</td>
</tr>
<tr>
<td>axtls__k20__q13.cnf</td>
<td>94</td>
<td>210</td>
<td>0</td>
<td>0.000322</td>
<td>UNSAT</td>
</tr>
<tr>
<td>axtls__k20__q14.cnf</td>
<td>94</td>
<td>210</td>
<td>0</td>
<td>0.00031</td>
<td>UNSAT</td>
</tr>
<tr>
<td>axtls__k20__q17.cnf</td>
<td>94</td>
<td>210</td>
<td>0</td>
<td>0.000374</td>
<td>UNSAT</td>
</tr>
<tr>
<td>axtls__k20__q19.cnf</td>
<td>94</td>
<td>210</td>
<td>0</td>
<td>0.000739</td>
<td>UNSAT</td>
</tr>
<tr>
<td>axtls__k20__q20.cnf</td>
<td>94</td>
<td>210</td>
<td>0</td>
<td>0.000361</td>
<td>UNSAT</td>
</tr>
<tr>
<td>axtls__k20__q21.cnf</td>
<td>94</td>
<td>210</td>
<td>0</td>
<td>0.000592</td>
<td>UNSAT</td>
</tr>
<tr>
<td>axtls__k20__q23.cnf</td>
<td>94</td>
<td>210</td>
<td>0</td>
<td>0.000786</td>
<td>UNSAT</td>
</tr>
<tr>
<td>axtls__k20__q24.cnf</td>
<td>94</td>
<td>210</td>
<td>0</td>
<td>0.001348</td>
<td>UNSAT</td>
</tr>
<tr>
<td>axtls__k20__q26.cnf</td>
<td>94</td>
<td>210</td>
<td>0</td>
<td>0.000462</td>
<td>UNSAT</td>
</tr>
<tr>
<td>axtls__k20__q28.cnf</td>
<td>94</td>
<td>210</td>
<td>0</td>
<td>0.000363</td>
<td>UNSAT</td>
</tr>
<tr>
<td>axtls__k20__q29.cnf</td>
<td>94</td>
<td>210</td>
<td>0</td>
<td>0.000293</td>
<td>UNSAT</td>
</tr>
<tr>
<td>axtls__k20__q30.cnf</td>
<td>94</td>
<td>210</td>
<td>0</td>
<td>0.000499</td>
<td>UNSAT</td>
</tr>
<tr>
<td>axtls__k20__q31.cnf</td>
<td>94</td>
<td>210</td>
<td>0</td>
<td>0.000396</td>
<td>UNSAT</td>
</tr>
<tr>
<td>axtls__k20__q32.cnf</td>
<td>94</td>
<td>210</td>
<td>0</td>
<td>0.000312</td>
<td>UNSAT</td>
</tr>
<tr>
<td>axtls__k20__q33.cnf</td>
<td>94</td>
<td>210</td>
<td>0</td>
<td>0.000326</td>
<td>UNSAT</td>
</tr>
<tr>
<td>axtls__k20__q41.cnf</td>
<td>94</td>
<td>210</td>
<td>0</td>
<td>0.000432</td>
<td>UNSAT</td>
</tr>
<tr>
<td>axtls__k20__q44.cnf</td>
<td>94</td>
<td>210</td>
<td>0</td>
<td>0.000336</td>
<td>UNSAT</td>
</tr>
<tr>
<td>axtls__k20__q45.cnf</td>
<td>94</td>
<td>210</td>
<td>0</td>
<td>0.000318</td>
<td>UNSAT</td>
</tr>
<tr>
<td>axtls__k20__q46.cnf</td>
<td>94</td>
<td>210</td>
<td>0</td>
<td>0.000636</td>
<td>UNSAT</td>
</tr>
<tr>
<td>axtls__k20__q47.cnf</td>
<td>94</td>
<td>210</td>
<td>0</td>
<td>0.000318</td>
<td>UNSAT</td>
</tr>
<tr>
<td>axtls__k20__q48.cnf</td>
<td>94</td>
<td>210</td>
<td>0</td>
<td>0.000496</td>
<td>UNSAT</td>
</tr>
<tr>
<td>axtls__k20__q0.cnf</td>
<td>94</td>
<td>210</td>
<td>0</td>
<td>0.000618</td>
<td>UNSAT</td>
</tr>
<tr>
<td>axtls__k20__q2.cnf</td>
<td>94</td>
<td>210</td>
<td>0</td>
<td>0.000375</td>
<td>UNSAT</td>
</tr>
<tr>
<td>axtls__k20__q3.cnf</td>
<td>94</td>
<td>210</td>
<td>0</td>
<td>0.0003</td>
<td>UNSAT</td>
</tr>
<tr>
<td>axtls__k20__q4.cnf</td>
<td>94</td>
<td>210</td>
<td>0</td>
<td>0.000383</td>
<td>UNSAT</td>
</tr>
<tr>
<td>axtls__k20__q7.cnf</td>
<td>94</td>
<td>210</td>
<td>0</td>
<td>0.000306</td>
<td>UNSAT</td>
</tr>
<tr>
<td>axtls__k20__q9.cnf</td>
<td>94</td>
<td>210</td>
<td>0</td>
<td>0.000425</td>
<td>UNSAT</td>
</tr>
<tr>
<td>axtls__k20__q12.cnf</td>
<td>94</td>
<td>210</td>
<td>0</td>
<td>0.000321</td>
<td>UNSAT</td>
</tr>
<tr>
<td>axtls__k20__q13.cnf</td>
<td>94</td>
<td>210</td>
<td>0</td>
<td>0.000338</td>
<td>UNSAT</td>
</tr>
<tr>
<td>axtls__k20__q14.cnf</td>
<td>94</td>
<td>210</td>
<td>0</td>
<td>0.0003</td>
<td>UNSAT</td>
</tr>
<tr>
<td>axtls__k20__q17.cnf</td>
<td>94</td>
<td>210</td>
<td>0</td>
<td>0.000318</td>
<td>UNSAT</td>
</tr>
<tr>
<td>axtls__k20__q19.cnf</td>
<td>94</td>
<td>210</td>
<td>0</td>
<td>0.0003</td>
<td>UNSAT</td>
</tr>
<tr>
<td>axtls__k20__q20.cnf</td>
<td>94</td>
<td>210</td>
<td>0</td>
<td>0.000538</td>
<td>UNSAT</td>
</tr>
<tr>
<td>axtls__k20__q21.cnf</td>
<td>94</td>
<td>210</td>
<td>0</td>
<td>0.000453</td>
<td>UNSAT</td>
</tr>
<tr>
<td>axtls__k20__q23.cnf</td>
<td>94</td>
<td>210</td>
<td>0</td>
<td>0.000768</td>
<td>UNSAT</td>
</tr>
<tr>
<td>axtls__k20__q24.cnf</td>
<td>94</td>
<td>210</td>
<td>0</td>
<td>0.000317</td>
<td>UNSAT</td>
</tr>
<tr>
<td>axtls__k20__q26.cnf</td>
<td>94</td>
<td>210</td>
<td>0</td>
<td>0.001087</td>
<td>UNSAT</td>
</tr>
<tr>
<td>axtls__k20__q28.cnf</td>
<td>94</td>
<td>210</td>
<td>0</td>
<td>0.000317</td>
<td>UNSAT</td>
</tr>
<tr>
<td>axtls__k20__q29.cnf</td>
<td>94</td>
<td>210</td>
<td>0</td>
<td>0.000343</td>
<td>UNSAT</td>
</tr>
<tr>
<td>axtls__k20__q30.cnf</td>
<td>94</td>
<td>210</td>
<td>0</td>
<td>0.000304</td>
<td>UNSAT</td>
</tr>
<tr>
<td>axtls__k20__q31.cnf</td>
<td>94</td>
<td>210</td>
<td>0</td>
<td>0.0003</td>
<td>UNSAT</td>
</tr>
<tr>
<td>axtls__k20__q32.cnf</td>
<td>94</td>
<td>210</td>
<td>0</td>
<td>0.000306</td>
<td>UNSAT</td>
</tr>
<tr>
<td>axtls__k20__q33.cnf</td>
<td>94</td>
<td>210</td>
<td>0</td>
<td>0.000334</td>
<td>UNSAT</td>
</tr>
<tr>
<td>axtls__k20__q41.cnf</td>
<td>94</td>
<td>210</td>
<td>0</td>
<td>0.000306</td>
<td>UNSAT</td>
</tr>
<tr>
<td>axtls__k20__q44.cnf</td>
<td>94</td>
<td>210</td>
<td>0</td>
<td>0.000309</td>
<td>UNSAT</td>
</tr>
<tr>
<td>axtls__k20__q45.cnf</td>
<td>94</td>
<td>210</td>
<td>0</td>
<td>0.000303</td>
<td>UNSAT</td>
</tr>
<tr>
<td>axtls__k20__q46.cnf</td>
<td>94</td>
<td>210</td>
<td>0</td>
<td>0.00065</td>
<td>UNSAT</td>
</tr>
<tr>
<td>axtls__k20__q47.cnf</td>
<td>94</td>
<td>210</td>
<td>0</td>
<td>0.0003</td>
<td>UNSAT</td>
</tr>
<tr>
<td>axtls__k20__q48.cnf</td>
<td>94</td>
<td>210</td>
<td>0</td>
<td>0.000298</td>
<td>UNSAT</td>
</tr>
<tr>
<td>axtls__k20__q0.cnf</td>
<td>94</td>
<td>210</td>
<td>0</td>
<td>0.000307</td>
<td>UNSAT</td>
</tr>
<tr>
<td>axtls__k20__q2.cnf</td>
<td>94</td>
<td>210</td>
<td>0</td>
<td>0.000305</td>
<td>UNSAT</td>
</tr>
<tr>
<td>axtls__k20__q3.cnf</td>
<td>94</td>
<td>210</td>
<td>0</td>
<td>0.000294</td>
<td>UNSAT</td>
</tr>
<tr>
<td>axtls__k20__q4.cnf</td>
<td>94</td>
<td>210</td>
<td>0</td>
<td>0.000299</td>
<td>UNSAT</td>
</tr>
<tr>
<td>axtls__k20__q7.cnf</td>
<td>94</td>
<td>210</td>
<td>0</td>
<td>0.000301</td>
<td>UNSAT</td>
</tr>
<tr>
<td>axtls__k20__q9.cnf</td>
<td>94</td>
<td>210</td>
<td>0</td>
<td>0.000331</td>
<td>UNSAT</td>
</tr>
<tr>
<td>axtls__k20__q12.cnf</td>
<td>94</td>
<td>210</td>
<td>0</td>
<td>0.000377</td>
<td>UNSAT</td>
</tr>
<tr>
<td>axtls__k20__q13.cnf</td>
<td>94</td>
<td>210</td>
<td>0</td>
<td>0.000302</td>
<td>UNSAT</td>
</tr>
<tr>
<td>axtls__k20__q14.cnf</td>
<td>94</td>
<td>210</td>
<td>0</td>
<td>0.000296</td>
<td>UNSAT</td>
</tr>
<tr>
<td>axtls__k20__q17.cnf</td>
<td>94</td>
<td>210</td>
<td>0</td>
<td>0.00046</td>
<td>UNSAT</td>
</tr>
<tr>
<td>axtls__k20__q19.cnf</td>
<td>94</td>
<td>210</td>
<td>0</td>
<td>0.00068</td>
<td>UNSAT</td>
</tr>
<tr>
<td>axtls__k20__q20.cnf</td>
<td>94</td>
<td>210</td>
<td>0</td>
<td>0.000453</td>
<td>UNSAT</td>
</tr>
<tr>
<td>axtls__k20__q21.cnf</td>
<td>94</td>
<td>210</td>
<td>0</td>
<td>0.000462</td>
<td>UNSAT</td>
</tr>
<tr>
<td>axtls__k20__q23.cnf</td>
<td>94</td>
<td>210</td>
<td>0</td>
<td>0.000515</td>
<td>UNSAT</td>
</tr>
<tr>
<td>axtls__k20__q24.cnf</td>
<td>94</td>
<td>210</td>
<td>0</td>
<td>0.000424</td>
<td>UNSAT</td>
</tr>
<tr>
<td>axtls__k20__q26.cnf</td>
<td>94</td>
<td>210</td>
<td>0</td>
<td>0.0006</td>
<td>UNSAT</td>
</tr>
<tr>
<td>axtls__k20__q28.cnf</td>
<td>94</td>
<td>210</td>
<td>0</td>
<td>0.000483</td>
<td>UNSAT</td>
</tr>
<tr>
<td>axtls__k20__q29.cnf</td>
<td>94</td>
<td>210</td>
<td>0</td>
<td>0.000566</td>
<td>UNSAT</td>
</tr>
<tr>
<td>axtls__k20__q30.cnf</td>
<td>94</td>
<td>210</td>
<td>0</td>
<td>0.000773</td>
<td>UNSAT</td>
</tr>
<tr>
<td>axtls__k20__q31.cnf</td>
<td>94</td>
<td>210</td>
<td>0</td>
<td>0.000551</td>
<td>UNSAT</td>
</tr>
<tr>
<td>axtls__k20__q32.cnf</td>
<td>94</td>
<td>210</td>
<td>0</td>
<td>0.000578</td>
<td>UNSAT</td>
</tr>
<tr>
<td>axtls__k20__q33.cnf</td>
<td>94</td>
<td>210</td>
<td>0</td>
<td>0.000341</td>
<td>UNSAT</td>
</tr>
<tr>
<td>axtls__k20__q41.cnf</td>
<td>94</td>
<td>210</td>
<td>0</td>
<td>0.000722</td>
<td>UNSAT</td>
</tr>
<tr>
<td>axtls__k20__q44.cnf</td>
<td>94</td>
<td>210</td>
<td>0</td>
<td>0.000355</td>
<td>UNSAT</td>
</tr>
<tr>
<td>axtls__k20__q45.cnf</td>
<td>94</td>
<td>210</td>
<td>0</td>
<td>0.000398</td>
<td>UNSAT</td>
</tr>
<tr>
<td>axtls__k20__q46.cnf</td>
<td>94</td>
<td>210</td>
<td>0</td>
<td>0.000328</td>
<td>UNSAT</td>
</tr>
<tr>
<td>axtls__k20__q47.cnf</td>
<td>94</td>
<td>210</td>
<td>0</td>
<td>0.000331</td>
<td>UNSAT</td>
</tr>
<tr>
<td>axtls__k20__q48.cnf</td>
<td>94</td>
<td>210</td>
<td>0</td>
<td>0.000374</td>
<td>UNSAT</td>
</tr>
<tr>
<td>axtls__k20__q0.cnf</td>
<td>94</td>
<td>210</td>
<td>0</td>
<td>0.000443</td>
<td>UNSAT</td>
</tr>
<tr>
<td>axtls__k20__q2.cnf</td>
<td>94</td>
<td>210</td>
<td>0</td>
<td>0.000577</td>
<td>UNSAT</td>
</tr>
<tr>
<td>axtls__k20__q3.cnf</td>
<td>94</td>
<td>210</td>
<td>0</td>
<td>0.000529</td>
<td>UNSAT</td>
</tr>
<tr>
<td>axtls__k20__q4.cnf</td>
<td>94</td>
<td>210</td>
<td>0</td>
<td>0.000545</td>
<td>UNSAT</td>
</tr>
<tr>
<td>axtls__k20__q7.cnf</td>
<td>94</td>
<td>210</td>
<td>0</td>
<td>0.0004</td>
<td>UNSAT</td>
</tr>
<tr>
<td>axtls__k20__q9.cnf</td>
<td>94</td>
<td>210</td>
<td>0</td>
<td>0.000296</td>
<td>UNSAT</td>
</tr>
<tr>
<td>axtls__k20__q12.cnf</td>
<td>94</td>
<td>210</td>
<td>0</td>
<td>0.000424</td>
<td>UNSAT</td>
</tr>
<tr>
<td>axtls__k20__q13.cnf</td>
<td>94</td>
<td>210</td>
<td>0</td>
<td>0.000293</td>
<td>UNSAT</td>
</tr>
<tr>
<td>axtls__k20__q14.cnf</td>
<td>94</td>
<td>210</td>
<td>0</td>
<td>0.000287</td>
<td>UNSAT</td>
</tr>
<tr>
<td>axtls__k20__q17.cnf</td>
<td>94</td>
<td>210</td>
<td>0</td>
<td>0.000415</td>
<td>UNSAT</td>
</tr>
<tr>
<td>axtls__k20__q19.cnf</td>
<td>94</td>
<td>210</td>
<td>0</td>
<td>0.000425</td>
<td>UNSAT</td>
</tr>
<tr>
<td>axtls__k20__q20.cnf</td>
<td>94</td>
<td>210</td>
<td>0</td>
<td>0.00062</td>
<td>UNSAT</td>
</tr>
<tr>
<td>axtls__k20__q21.cnf</td>
<td>94</td>
<td>210</td>
<td>0</td>
<td>0.000423</td>
<td>UNSAT</td>
</tr>
<tr>
<td>axtls__k20__q23.cnf</td>
<td>94</td>
<td>210</td>
<td>0</td>
<td>0.000314</td>
<td>UNSAT</td>
</tr>
<tr>
<td>axtls__k20__q24.cnf</td>
<td>94</td>
<td>210</td>
<td>0</td>
<td>0.000316</td>
<td>UNSAT</td>
</tr>
<tr>
<td>axtls__k20__q26.cnf</td>
<td>94</td>
<td>210</td>
<td>0</td>
<td>0.000634</td>
<td>UNSAT</td>
</tr>
<tr>
<td>axtls__k20__q28.cnf</td>
<td>94</td>
<td>210</td>
<td>0</td>
<td>0.000316</td>
<td>UNSAT</td>
</tr>
<tr>
<td>axtls__k20__q29.cnf</td>
<td>94</td>
<td>210</td>
<td>0</td>
<td>0.000289</td>
<td>UNSAT</td>
</tr>
<tr>
<td>axtls__k20__q30.cnf</td>
<td>94</td>
<td>210</td>
<td>0</td>
<td>0.000313</td>
<td>UNSAT</td>
</tr>
<tr>
<td>axtls__k20__q31.cnf</td>
<td>94</td>
<td>210</td>
<td>0</td>
<td>0.000352</td>
<td>UNSAT</td>
</tr>
<tr>
<td>axtls__k20__q32.cnf</td>
<td>94</td>
<td>210</td>
<td>0</td>
<td>0.000287</td>
<td>UNSAT</td>
</tr>
<tr>
<td>axtls__k20__q33.cnf</td>
<td>94</td>
<td>210</td>
<td>0</td>
<td>0.00028</td>
<td>UNSAT</td>
</tr>
<tr>
<td>axtls__k20__q41.cnf</td>
<td>94</td>
<td>210</td>
<td>0</td>
<td>0.000332</td>
<td>UNSAT</td>
</tr>
<tr>
<td>axtls__k20__q44.cnf</td>
<td>94</td>
<td>210</td>
<td>0</td>
<td>0.000442</td>
<td>UNSAT</td>
</tr>
<tr>
<td>axtls__k20__q45.cnf</td>
<td>94</td>
<td>210</td>
<td>0</td>
<td>0.000344</td>
<td>UNSAT</td>
</tr>
<tr>
<td>axtls__k20__q46.cnf</td>
<td>94</td>
<td>210</td>
<td>0</td>
<td>0.000345</td>
<td>UNSAT</td>
</tr>
<tr>
<td>axtls__k20__q47.cnf</td>
<td>94</td>
<td>210</td>
<td>0</td>
<td>0.000331</td>
<td>UNSAT</td>
</tr>
<tr>
<td>axtls__k20__q48.cnf</td>
<td>94</td>
<td>210</td>
<td>0</td>
<td>0.000306</td>
<td>UNSAT</td>
</tr>
<tr>
<td>axtls__k20__q0.cnf</td>
<td>94</td>
<td>210</td>
<td>0</td>
<td>0.000418</td>
<td>UNSAT</td>
</tr>
<tr>
<td>axtls__k20__q2.cnf</td>
<td>94</td>
<td>210</td>
<td>0</td>
<td>0.000408</td>
<td>UNSAT</td>
</tr>
<tr>
<td>axtls__k20__q3.cnf</td>
<td>94</td>
<td>210</td>
<td>0</td>
<td>0.000372</td>
<td>UNSAT</td>
</tr>
<tr>
<td>axtls__k20__q4.cnf</td>
<td>94</td>
<td>210</td>
<td>0</td>
<td>0.000437</td>
<td>UNSAT</td>
</tr>
<tr>
<td>axtls__k20__q7.cnf</td>
<td>94</td>
<td>210</td>
<td>0</td>
<td>0.00035</td>
<td>UNSAT</td>
</tr>
<tr>
<td>axtls__k20__q9.cnf</td>
<td>94</td>
<td>210</td>
<td>0</td>
<td>0.00038</td>
<td>UNSAT</td>
</tr>
<tr>
<td>axtls__k20__q12.cnf</td>
<td>94</td>
<td>210</td>
<td>0</td>
<td>0.00059</td>
<td>UNSAT</td>
</tr>
<tr>
<td>axtls__k20__q13.cnf</td>
<td>94</td>
<td>210</td>
<td>0</td>
<td>0.000647</td>
<td>UNSAT</td>
</tr>
<tr>
<td>axtls__k20__q14.cnf</td>
<td>94</td>
<td>210</td>
<td>0</td>
<td>0.000372</td>
<td>UNSAT</td>
</tr>
<tr>
<td>axtls__k20__q17.cnf</td>
<td>94</td>
<td>210</td>
<td>0</td>
<td>0.000442</td>
<td>UNSAT</td>
</tr>
<tr>
<td>axtls__k20__q19.cnf</td>
<td>94</td>
<td>210</td>
<td>0</td>
<td>0.000319</td>
<td>UNSAT</td>
</tr>
<tr>
<td>axtls__k20__q20.cnf</td>
<td>94</td>
<td>210</td>
<td>0</td>
<td>0.000286</td>
<td>UNSAT</td>
</tr>
<tr>
<td>axtls__k20__q21.cnf</td>
<td>94</td>
<td>210</td>
<td>0</td>
<td>0.000285</td>
<td>UNSAT</td>
</tr>
<tr>
<td>axtls__k20__q23.cnf</td>
<td>94</td>
<td>210</td>
<td>0</td>
<td>0.000506</td>
<td>UNSAT</td>
</tr>
<tr>
<td>axtls__k20__q24.cnf</td>
<td>94</td>
<td>210</td>
<td>0</td>
<td>0.000341</td>
<td>UNSAT</td>
</tr>
<tr>
<td>axtls__k20__q26.cnf</td>
<td>94</td>
<td>210</td>
<td>0</td>
<td>0.000396</td>
<td>UNSAT</td>
</tr>
<tr>
<td>axtls__k20__q28.cnf</td>
<td>94</td>
<td>210</td>
<td>0</td>
<td>0.000794</td>
<td>UNSAT</td>
</tr>
<tr>
<td>axtls__k20__q29.cnf</td>
<td>94</td>
<td>210</td>
<td>0</td>
<td>0.000593</td>
<td>UNSAT</td>
</tr>
<tr>
<td>axtls__k20__q30.cnf</td>
<td>94</td>
<td>210</td>
<td>0</td>
<td>0.000454</td>
<td>UNSAT</td>
</tr>
<tr>
<td>axtls__k20__q31.cnf</td>
<td>94</td>
<td>210</td>
<td>0</td>
<td>0.000578</td>
<td>UNSAT</td>
</tr>
<tr>
<td>axtls__k20__q32.cnf</td>
<td>94</td>
<td>210</td>
<td>0</td>
<td>0.000506</td>
<td>UNSAT</td>
</tr>
<tr>
<td>axtls__k20__q33.cnf</td>
<td>94</td>
<td>210</td>
<td>0</td>
<td>0.000532</td>
<td>UNSAT</td>
</tr>
<tr>
<td>axtls__k20__q41.cnf</td>
<td>94</td>
<td>210</td>
<td>0</td>
<td>0.0003</td>
<td>UNSAT</td>
</tr>
<tr>
<td>axtls__k20__q44.cnf</td>
<td>94</td>
<td>210</td>
<td>0</td>
<td>0.000427</td>
<td>UNSAT</td>
</tr>
<tr>
<td>axtls__k20__q45.cnf</td>
<td>94</td>
<td>210</td>
<td>0</td>
<td>0.000314</td>
<td>UNSAT</td>
</tr>
<tr>
<td>axtls__k20__q46.cnf</td>
<td>94</td>
<td>210</td>
<td>0</td>
<td>0.000702</td>
<td>UNSAT</td>
</tr>
<tr>
<td>axtls__k20__q47.cnf</td>
<td>94</td>
<td>210</td>
<td>0</td>
<td>0.000786</td>
<td>UNSAT</td>
</tr>
<tr>
<td>axtls__k20__q48.cnf</td>
<td>94</td>
<td>210</td>
<td>0</td>
<td>0.000385</td>
<td>UNSAT</td>
</tr>
<tr>
<td>axtls__k20__q0.cnf</td>
<td>94</td>
<td>210</td>
<td>0</td>
<td>0.000661</td>
<td>UNSAT</td>
</tr>
<tr>
<td>axtls__k20__q2.cnf</td>
<td>94</td>
<td>210</td>
<td>0</td>
<td>0.000573</td>
<td>UNSAT</td>
</tr>
<tr>
<td>axtls__k20__q3.cnf</td>
<td>94</td>
<td>210</td>
<td>0</td>
<td>0.000309</td>
<td>UNSAT</td>
</tr>
<tr>
<td>axtls__k20__q4.cnf</td>
<td>94</td>
<td>210</td>
<td>0</td>
<td>0.000856</td>
<td>UNSAT</td>
</tr>
<tr>
<td>axtls__k20__q7.cnf</td>
<td>94</td>
<td>210</td>
<td>0</td>
<td>0.000309</td>
<td>UNSAT</td>
</tr>
<tr>
<td>axtls__k20__q9.cnf</td>
<td>94</td>
<td>210</td>
<td>0</td>
<td>0.000301</td>
<td>UNSAT</td>
</tr>
<tr>
<td>axtls__k20__q12.cnf</td>
<td>94</td>
<td>210</td>
<td>0</td>
<td>0.00031</td>
<td>UNSAT</td>
</tr>
<tr>
<td>axtls__k20__q13.cnf</td>
<td>94</td>
<td>210</td>
<td>0</td>
<td>0.0003</td>
<td>UNSAT</td>
</tr>
<tr>
<td>axtls__k20__q14.cnf</td>
<td>94</td>
<td>210</td>
<td>0</td>
<td>0.000366</td>
<td>UNSAT</td>
</tr>
<tr>
<td>axtls__k20__q17.cnf</td>
<td>94</td>
<td>210</td>
<td>0</td>
<td>0.000816</td>
<td>UNSAT</td>
</tr>
<tr>
<td>axtls__k20__q19.cnf</td>
<td>94</td>
<td>210</td>
<td>0</td>
<td>0.000744</td>
<td>UNSAT</td>
</tr>
<tr>
<td>axtls__k20__q20.cnf</td>
<td>94</td>
<td>210</td>
<td>0</td>
<td>0.000302</td>
<td>UNSAT</td>
</tr>
<tr>
<td>axtls__k20__q21.cnf</td>
<td>94</td>
<td>210</td>
<td>0</td>
<td>0.000329</td>
<td>UNSAT</td>
</tr>
<tr>
<td>axtls__k20__q23.cnf</td>
<td>94</td>
<td>210</td>
<td>0</td>
<td>0.00038</td>
<td>UNSAT</td>
</tr>
<tr>
<td>axtls__k20__q24.cnf</td>
<td>94</td>
<td>210</td>
<td>0</td>
<td>0.000362</td>
<td>UNSAT</td>
</tr>
<tr>
<td>axtls__k20__q26.cnf</td>
<td>94</td>
<td>210</td>
<td>0</td>
<td>0.000649</td>
<td>UNSAT</td>
</tr>
<tr>
<td>axtls__k20__q28.cnf</td>
<td>94</td>
<td>210</td>
<td>0</td>
<td>0.000875</td>
<td>UNSAT</td>
</tr>
<tr>
<td>axtls__k20__q29.cnf</td>
<td>94</td>
<td>210</td>
<td>0</td>
<td>0.000781</td>
<td>UNSAT</td>
</tr>
<tr>
<td>axtls__k20__q30.cnf</td>
<td>94</td>
<td>210</td>
<td>0</td>
<td>0.00042</td>
<td>UNSAT</td>
</tr>
<tr>
<td>axtls__k20__q31.cnf</td>
<td>94</td>
<td>210</td>
<td>0</td>
<td>0.000413</td>
<td>UNSAT</td>
</tr>
<tr>
<td>axtls__k20__q32.cnf</td>
<td>94</td>
<td>210</td>
<td>0</td>
<td>0.000317</td>
<td>UNSAT</td>
</tr>
<tr>
<td>axtls__k20__q33.cnf</td>
<td>94</td>
<td>210</td>
<td>0</td>
<td>0.00039</td>
<td>UNSAT</td>
</tr>
<tr>
<td>axtls__k20__q41.cnf</td>
<td>94</td>
<td>210</td>
<td>0</td>
<td>0.000496</td>
<td>UNSAT</td>
</tr>
<tr>
<td>axtls__k20__q44.cnf</td>
<td>94</td>
<td>210</td>
<td>0</td>
<td>0.000356</td>
<td>UNSAT</td>
</tr>
<tr>
<td>axtls__k20__q45.cnf</td>
<td>94</td>
<td>210</td>
<td>0</td>
<td>0.000384</td>
<td>UNSAT</td>
</tr>
<tr>
<td>axtls__k20__q46.cnf</td>
<td>94</td>
<td>210</td>
<td>0</td>
<td>0.000395</td>
<td>UNSAT</td>
</tr>
<tr>
<td>axtls__k20__q47.cnf</td>
<td>94</td>
<td>210</td>
<td>0</td>
<td>0.000376</td>
<td>UNSAT</td>
</tr>
<tr>
<td>axtls__k20__q48.cnf</td>
<td>94</td>
<td>210</td>
<td>0</td>
<td>0.000332</td>
<td>UNSAT</td>
</tr>
<tr>
<td>axtls__k20__q0.cnf</td>
<td>94</td>
<td>210</td>
<td>0</td>
<td>0.000322</td>
<td>UNSAT</td>
</tr>
<tr>
<td>axtls__k20__q2.cnf</td>
<td>94</td>
<td>210</td>
<td>0</td>
<td>0.00047</td>
<td>UNSAT</td>
</tr>
<tr>
<td>axtls__k20__q3.cnf</td>
<td>94</td>
<td>210</td>
<td>0</td>
<td>0.00047</td>
<td>UNSAT</td>
</tr>
<tr>
<td>axtls__k20__q4.cnf</td>
<td>94</td>
<td>210</td>
<td>0</td>
<td>0.00034</td>
<td>UNSAT</td>
</tr>
<tr>
<td>axtls__k20__q7.cnf</td>
<td>94</td>
<td>210</td>
<td>0</td>
<td>0.000293</td>
<td>UNSAT</td>
</tr>
<tr>
<td>axtls__k20__q9.cnf</td>
<td>94</td>
<td>210</td>
<td>0</td>
<td>0.000297</td>
<td>UNSAT</td>
</tr>
<tr>
<td>axtls__k20__q12.cnf</td>
<td>94</td>
<td>210</td>
<td>0</td>
<td>0.000465</td>
<td>UNSAT</td>
</tr>
<tr>
<td>axtls__k20__q13.cnf</td>
<td>94</td>
<td>210</td>
<td>0</td>
<td>0.000346</td>
<td>UNSAT</td>
</tr>
<tr>
<td>axtls__k20__q14.cnf</td>
<td>94</td>
<td>210</td>
<td>0</td>
<td>0.000426</td>
<td>UNSAT</td>
</tr>
<tr>
<td>axtls__k20__q17.cnf</td>
<td>94</td>
<td>210</td>
<td>0</td>
<td>0.000721</td>
<td>UNSAT</td>
</tr>
<tr>
<td>axtls__k20__q19.cnf</td>
<td>94</td>
<td>210</td>
<td>0</td>
<td>0.000486</td>
<td>UNSAT</td>
</tr>
<tr>
<td>axtls__k20__q20.cnf</td>
<td>94</td>
<td>210</td>
<td>0</td>
<td>0.000428</td>
<td>UNSAT</td>
</tr>
<tr>
<td>axtls__k20__q21.cnf</td>
<td>94</td>
<td>210</td>
<td>0</td>
<td>0.000343</td>
<td>UNSAT</td>
</tr>
<tr>
<td>axtls__k20__q23.cnf</td>
<td>94</td>
<td>210</td>
<td>0</td>
<td>0.000609</td>
<td>UNSAT</td>
</tr>
<tr>
<td>axtls__k20__q24.cnf</td>
<td>94</td>
<td>210</td>
<td>0</td>
<td>0.000419</td>
<td>UNSAT</td>
</tr>
<tr>
<td>axtls__k20__q26.cnf</td>
<td>94</td>
<td>210</td>
<td>0</td>
<td>0.000506</td>
<td>UNSAT</td>
</tr>
<tr>
<td>axtls__k20__q28.cnf</td>
<td>94</td>
<td>210</td>
<td>0</td>
<td>0.000467</td>
<td>UNSAT</td>
</tr>
<tr>
<td>axtls__k20__q29.cnf</td>
<td>94</td>
<td>210</td>
<td>0</td>
<td>0.000421</td>
<td>UNSAT</td>
</tr>
<tr>
<td>axtls__k20__q30.cnf</td>
<td>94</td>
<td>210</td>
<td>0</td>
<td>0.001129</td>
<td>UNSAT</td>
</tr>
<tr>
<td>axtls__k20__q31.cnf</td>
<td>94</td>
<td>210</td>
<td>0</td>
<td>0.000494</td>
<td>UNSAT</td>
</tr>
<tr>
<td>axtls__k20__q32.cnf</td>
<td>94</td>
<td>210</td>
<td>0</td>
<td>0.000547</td>
<td>UNSAT</td>
</tr>
<tr>
<td>axtls__k20__q33.cnf</td>
<td>94</td>
<td>210</td>
<td>0</td>
<td>0.000474</td>
<td>UNSAT</td>
</tr>
<tr>
<td>axtls__k20__q41.cnf</td>
<td>94</td>
<td>210</td>
<td>0</td>
<td>0.000379</td>
<td>UNSAT</td>
</tr>
<tr>
<td>axtls__k20__q44.cnf</td>
<td>94</td>
<td>210</td>
<td>0</td>
<td>0.000483</td>
<td>UNSAT</td>
</tr>
<tr>
<td>axtls__k20__q45.cnf</td>
<td>94</td>
<td>210</td>
<td>0</td>
<td>0.000569</td>
<td>UNSAT</td>
</tr>
<tr>
<td>axtls__k20__q46.cnf</td>
<td>94</td>
<td>210</td>
<td>0</td>
<td>0.000756</td>
<td>UNSAT</td>
</tr>
<tr>
<td>axtls__k20__q47.cnf</td>
<td>94</td>
<td>210</td>
<td>0</td>
<td>0.000498</td>
<td>UNSAT</td>
</tr>
<tr>
<td>axtls__k20__q48.cnf</td>
<td>94</td>
<td>210</td>
<td>0</td>
<td>0.000745</td>
<td>UNSAT</td>
</tr>
<tr>
<td>axtls__k20__q0.cnf</td>
<td>94</td>
<td>210</td>
<td>0</td>
<td>0.000419</td>
<td>UNSAT</td>
</tr>
<tr>
<td>axtls__k20__q2.cnf</td>
<td>94</td>
<td>210</td>
<td>0</td>
<td>0.00083</td>
<td>UNSAT</td>
</tr>
<tr>
<td>axtls__k20__q3.cnf</td>
<td>94</td>
<td>210</td>
<td>0</td>
<td>0.000294</td>
<td>UNSAT</td>
</tr>
<tr>
<td>axtls__k20__q4.cnf</td>
<td>94</td>
<td>210</td>
<td>0</td>
<td>0.000295</td>
<td>UNSAT</td>
</tr>
<tr>
<td>axtls__k20__q7.cnf</td>
<td>94</td>
<td>210</td>
<td>0</td>
<td>0.000301</td>
<td>UNSAT</td>
</tr>
<tr>
<td>axtls__k20__q9.cnf</td>
<td>94</td>
<td>210</td>
<td>0</td>
<td>0.000301</td>
<td>UNSAT</td>
</tr>
<tr>
<td>axtls__k20__q12.cnf</td>
<td>94</td>
<td>210</td>
<td>0</td>
<td>0.000288</td>
<td>UNSAT</td>
</tr>
<tr>
<td>axtls__k20__q13.cnf</td>
<td>94</td>
<td>210</td>
<td>0</td>
<td>0.000299</td>
<td>UNSAT</td>
</tr>
<tr>
<td>axtls__k20__q14.cnf</td>
<td>94</td>
<td>210</td>
<td>0</td>
<td>0.000292</td>
<td>UNSAT</td>
</tr>
<tr>
<td>axtls__k20__q17.cnf</td>
<td>94</td>
<td>210</td>
<td>0</td>
<td>0.000367</td>
<td>UNSAT</td>
</tr>
<tr>
<td>axtls__k20__q19.cnf</td>
<td>94</td>
<td>210</td>
<td>0</td>
<td>0.000373</td>
<td>UNSAT</td>
</tr>
<tr>
<td>axtls__k20__q20.cnf</td>
<td>94</td>
<td>210</td>
<td>0</td>
<td>0.000393</td>
<td>UNSAT</td>
</tr>
<tr>
<td>axtls__k20__q21.cnf</td>
<td>94</td>
<td>210</td>
<td>0</td>
<td>0.000585</td>
<td>UNSAT</td>
</tr>
<tr>
<td>axtls__k20__q23.cnf</td>
<td>94</td>
<td>210</td>
<td>0</td>
<td>0.000531</td>
<td>UNSAT</td>
</tr>
<tr>
<td>axtls__k20__q24.cnf</td>
<td>94</td>
<td>210</td>
<td>0</td>
<td>0.000661</td>
<td>UNSAT</td>
</tr>
<tr>
<td>axtls__k20__q26.cnf</td>
<td>94</td>
<td>210</td>
<td>0</td>
<td>0.000785</td>
<td>UNSAT</td>
</tr>
<tr>
<td>axtls__k20__q28.cnf</td>
<td>94</td>
<td>210</td>
<td>0</td>
<td>0.000547</td>
<td>UNSAT</td>
</tr>
<tr>
<td>axtls__k20__q29.cnf</td>
<td>94</td>
<td>210</td>
<td>0</td>
<td>0.000279</td>
<td>UNSAT</td>
</tr>
<tr>
<td>axtls__k20__q30.cnf</td>
<td>94</td>
<td>210</td>
<td>0</td>
<td>0.000287</td>
<td>UNSAT</td>
</tr>
<tr>
<td>axtls__k20__q31.cnf</td>
<td>94</td>
<td>210</td>
<td>0</td>
<td>0.000274</td>
<td>UNSAT</td>
</tr>
<tr>
<td>axtls__k20__q32.cnf</td>
<td>94</td>
<td>210</td>
<td>0</td>
<td>0.000287</td>
<td>UNSAT</td>
</tr>
<tr>
<td>axtls__k20__q33.cnf</td>
<td>94</td>
<td>210</td>
<td>0</td>
<td>0.000268</td>
<td>UNSAT</td>
</tr>
<tr>
<td>axtls__k20__q41.cnf</td>
<td>94</td>
<td>210</td>
<td>0</td>
<td>0.00054</td>
<td>UNSAT</td>
</tr>
<tr>
<td>axtls__k20__q44.cnf</td>
<td>94</td>
<td>210</td>
<td>0</td>
<td>0.000414</td>
<td>UNSAT</td>
</tr>
<tr>
<td>axtls__k20__q45.cnf</td>
<td>94</td>
<td>210</td>
<td>0</td>
<td>0.000299</td>
<td>UNSAT</td>
</tr>
<tr>
<td>axtls__k20__q46.cnf</td>
<td>94</td>
<td>210</td>
<td>0</td>
<td>0.000275</td>
<td>UNSAT</td>
</tr>
<tr>
<td>axtls__k20__q47.cnf</td>
<td>94</td>
<td>210</td>
<td>0</td>
<td>0.000305</td>
<td>UNSAT</td>
</tr>
<tr>
<td>axtls__k20__q48.cnf</td>
<td>94</td>
<td>210</td>
<td>0</td>
<td>0.000289</td>
<td>UNSAT</td>
</tr>
<tr>
<td>axtls__k20__q0.cnf</td>
<td>94</td>
<td>210</td>
<td>0</td>
<td>0.000345</td>
<td>UNSAT</td>
</tr>
<tr>
<td>axtls__k20__q2.cnf</td>
<td>94</td>
<td>210</td>
<td>0</td>
<td>0.000606</td>
<td>UNSAT</td>
</tr>
<tr>
<td>axtls__k20__q3.cnf</td>
<td>94</td>
<td>210</td>
<td>0</td>
<td>0.000619</td>
<td>UNSAT</td>
</tr>
<tr>
<td>axtls__k20__q4.cnf</td>
<td>94</td>
<td>210</td>
<td>0</td>
<td>0.000687</td>
<td>UNSAT</td>
</tr>
<tr>
<td>axtls__k20__q7.cnf</td>
<td>94</td>
<td>210</td>
<td>0</td>
<td>0.00039</td>
<td>UNSAT</td>
</tr>
<tr>
<td>axtls__k20__q9.cnf</td>
<td>94</td>
<td>210</td>
<td>0</td>
<td>0.000316</td>
<td>UNSAT</td>
</tr>
<tr>
<td>axtls__k20__q12.cnf</td>
<td>94</td>
<td>210</td>
<td>0</td>
<td>0.000464</td>
<td>UNSAT</td>
</tr>
<tr>
<td>axtls__k20__q13.cnf</td>
<td>94</td>
<td>210</td>
<td>0</td>
<td>0.000274</td>
<td>UNSAT</td>
</tr>
<tr>
<td>axtls__k20__q14.cnf</td>
<td>94</td>
<td>210</td>
<td>0</td>
<td>0.000289</td>
<td>UNSAT</td>
</tr>
<tr>
<td>axtls__k20__q17.cnf</td>
<td>94</td>
<td>210</td>
<td>0</td>
<td>0.00079</td>
<td>UNSAT</td>
</tr>
<tr>
<td>axtls__k20__q19.cnf</td>
<td>94</td>
<td>210</td>
<td>0</td>
<td>0.000597</td>
<td>UNSAT</td>
</tr>
<tr>
<td>axtls__k20__q20.cnf</td>
<td>94</td>
<td>210</td>
<td>0</td>
<td>0.000583</td>
<td>UNSAT</td>
</tr>
<tr>
<td>axtls__k20__q21.cnf</td>
<td>94</td>
<td>210</td>
<td>0</td>
<td>0.000301</td>
<td>UNSAT</td>
</tr>
<tr>
<td>axtls__k20__q23.cnf</td>
<td>94</td>
<td>210</td>
<td>0</td>
<td>0.000359</td>
<td>UNSAT</td>
</tr>
<tr>
<td>axtls__k20__q24.cnf</td>
<td>94</td>
<td>210</td>
<td>0</td>
<td>0.000346</td>
<td>UNSAT</td>
</tr>
<tr>
<td>axtls__k20__q26.cnf</td>
<td>94</td>
<td>210</td>
<td>0</td>
<td>0.000329</td>
<td>UNSAT</td>
</tr>
<tr>
<td>axtls__k20__q28.cnf</td>
<td>94</td>
<td>210</td>
<td>0</td>
<td>0.00041</td>
<td>UNSAT</td>
</tr>
<tr>
<td>axtls__k20__q29.cnf</td>
<td>94</td>
<td>210</td>
<td>0</td>
<td>0.000612</td>
<td>UNSAT</td>
</tr>
<tr>
<td>axtls__k20__q30.cnf</td>
<td>94</td>
<td>210</td>
<td>0</td>
<td>0.000352</td>
<td>UNSAT</td>
</tr>
<tr>
<td>axtls__k20__q31.cnf</td>
<td>94</td>
<td>210</td>
<td>0</td>
<td>0.000392</td>
<td>UNSAT</td>
</tr>
<tr>
<td>axtls__k20__q32.cnf</td>
<td>94</td>
<td>210</td>
<td>0</td>
<td>0.000371</td>
<td>UNSAT</td>
</tr>
<tr>
<td>axtls__k20__q33.cnf</td>
<td>94</td>
<td>210</td>
<td>0</td>
<td>0.000343</td>
<td>UNSAT</td>
</tr>
<tr>
<td>axtls__k20__q41.cnf</td>
<td>94</td>
<td>210</td>
<td>0</td>
<td>0.000406</td>
<td>UNSAT</td>
</tr>
<tr>
<td>axtls__k20__q44.cnf</td>
<td>94</td>
<td>210</td>
<td>0</td>
<td>0.000623</td>
<td>UNSAT</td>
</tr>
<tr>
<td>axtls__k20__q45.cnf</td>
<td>94</td>
<td>210</td>
<td>0</td>
<td>0.0003</td>
<td>UNSAT</td>
</tr>
<tr>
<td>axtls__k20__q46.cnf</td>
<td>94</td>
<td>210</td>
<td>0</td>
<td>0.000656</td>
<td>UNSAT</td>
</tr>
<tr>
<td>axtls__k20__q47.cnf</td>
<td>94</td>
<td>210</td>
<td>0</td>
<td>0.000749</td>
<td>UNSAT</td>
</tr>
<tr>
<td>axtls__k20__q48.cnf</td>
<td>94</td>
<td>210</td>
<td>0</td>
<td>0.00029</td>
<td>UNSAT</td>
</tr>
<tr>
<td>axtls__k20__q0.cnf</td>
<td>94</td>
<td>210</td>
<td>0</td>
<td>0.000519</td>
<td>UNSAT</td>
</tr>
<tr>
<td>axtls__k20__q2.cnf</td>
<td>94</td>
<td>210</td>
<td>0</td>
<td>0.000553</td>
<td>UNSAT</td>
</tr>
<tr>
<td>axtls__k20__q3.cnf</td>
<td>94</td>
<td>210</td>
<td>0</td>
<td>0.000322</td>
<td>UNSAT</td>
</tr>
<tr>
<td>axtls__k20__q4.cnf</td>
<td>94</td>
<td>210</td>
<td>0</td>
<td>0.000325</td>
<td>UNSAT</td>
</tr>
<tr>
<td>axtls__k20__q7.cnf</td>
<td>94</td>
<td>210</td>
<td>0</td>
<td>0.000647</td>
<td>UNSAT</td>
</tr>
<tr>
<td>axtls__k20__q9.cnf</td>
<td>94</td>
<td>210</td>
<td>0</td>
<td>0.000347</td>
<td>UNSAT</td>
</tr>
<tr>
<td>axtls__k20__q12.cnf</td>
<td>94</td>
<td>210</td>
<td>0</td>
<td>0.000321</td>
<td>UNSAT</td>
</tr>
<tr>
<td>axtls__k20__q13.cnf</td>
<td>94</td>
<td>210</td>
<td>0</td>
<td>0.000343</td>
<td>UNSAT</td>
</tr>
<tr>
<td>axtls__k20__q14.cnf</td>
<td>94</td>
<td>210</td>
<td>0</td>
<td>0.000613</td>
<td>UNSAT</td>
</tr>
<tr>
<td>axtls__k20__q17.cnf</td>
<td>94</td>
<td>210</td>
<td>0</td>
<td>0.000339</td>
<td>UNSAT</td>
</tr>
<tr>
<td>axtls__k20__q19.cnf</td>
<td>94</td>
<td>210</td>
<td>0</td>
<td>0.000493</td>
<td>UNSAT</td>
</tr>
<tr>
<td>axtls__k20__q20.cnf</td>
<td>94</td>
<td>210</td>
<td>0</td>
<td>0.000648</td>
<td>UNSAT</td>
</tr>
<tr>
<td>axtls__k20__q21.cnf</td>
<td>94</td>
<td>210</td>
<td>0</td>
<td>0.000616</td>
<td>UNSAT</td>
</tr>
<tr>
<td>axtls__k20__q23.cnf</td>
<td>94</td>
<td>210</td>
<td>0</td>
<td>0.000626</td>
<td>UNSAT</td>
</tr>
<tr>
<td>axtls__k20__q24.cnf</td>
<td>94</td>
<td>210</td>
<td>0</td>
<td>0.000347</td>
<td>UNSAT</td>
</tr>
<tr>
<td>axtls__k20__q26.cnf</td>
<td>94</td>
<td>210</td>
<td>0</td>
<td>0.000794</td>
<td>UNSAT</td>
</tr>
<tr>
<td>axtls__k20__q28.cnf</td>
<td>94</td>
<td>210</td>
<td>0</td>
<td>0.000823</td>
<td>UNSAT</td>
</tr>
<tr>
<td>axtls__k20__q29.cnf</td>
<td>94</td>
<td>210</td>
<td>0</td>
<td>0.000367</td>
<td>UNSAT</td>
</tr>
<tr>
<td>axtls__k20__q30.cnf</td>
<td>94</td>
<td>210</td>
<td>0</td>
<td>0.000499</td>
<td>UNSAT</td>
</tr>
<tr>
<td>axtls__k20__q31.cnf</td>
<td>94</td>
<td>210</td>
<td>0</td>
<td>0.000308</td>
<td>UNSAT</td>
</tr>
<tr>
<td>axtls__k20__q32.cnf</td>
<td>94</td>
<td>210</td>
<td>0</td>
<td>0.000302</td>
<td>UNSAT</td>
</tr>
<tr>
<td>axtls__k20__q33.cnf</td>
<td>94</td>
<td>210</td>
<td>0</td>
<td>0.000829</td>
<td>UNSAT</td>
</tr>
<tr>
<td>axtls__k20__q41.cnf</td>
<td>94</td>
<td>210</td>
<td>0</td>
<td>0.000465</td>
<td>UNSAT</td>
</tr>
<tr>
<td>axtls__k20__q44.cnf</td>
<td>94</td>
<td>210</td>
<td>0</td>
<td>0.000359</td>
<td>UNSAT</td>
</tr>
<tr>
<td>axtls__k20__q45.cnf</td>
<td>94</td>
<td>210</td>
<td>0</td>
<td>0.000312</td>
<td>UNSAT</td>
</tr>
<tr>
<td>axtls__k20__q46.cnf</td>
<td>94</td>
<td>210</td>
<td>0</td>
<td>0.000287</td>
<td>UNSAT</td>
</tr>
<tr>
<td>axtls__k20__q47.cnf</td>
<td>94</td>
<td>210</td>
<td>0</td>
<td>0.000324</td>
<td>UNSAT</td>
</tr>
<tr>
<td>axtls__k20__q48.cnf</td>
<td>94</td>
<td>210</td>
<td>0</td>
<td>0.000288</td>
<td>UNSAT</td>
</tr>
<tr>
<td>axtls__k20__q0.cnf</td>
<td>94</td>
<td>210</td>
<td>0</td>
<td>0.00036</td>
<td>UNSAT</td>
</tr>
<tr>
<td>axtls__k20__q2.cnf</td>
<td>94</td>
<td>210</td>
<td>0</td>
<td>0.000309</td>
<td>UNSAT</td>
</tr>
<tr>
<td>axtls__k20__q3.cnf</td>
<td>94</td>
<td>210</td>
<td>0</td>
<td>0.000282</td>
<td>UNSAT</td>
</tr>
<tr>
<td>axtls__k20__q4.cnf</td>
<td>94</td>
<td>210</td>
<td>0</td>
<td>0.000393</td>
<td>UNSAT</td>
</tr>
<tr>
<td>axtls__k20__q7.cnf</td>
<td>94</td>
<td>210</td>
<td>0</td>
<td>0.00029</td>
<td>UNSAT</td>
</tr>
<tr>
<td>axtls__k20__q9.cnf</td>
<td>94</td>
<td>210</td>
<td>0</td>
<td>0.000291</td>
<td>UNSAT</td>
</tr>
<tr>
<td>axtls__k20__q12.cnf</td>
<td>94</td>
<td>210</td>
<td>0</td>
<td>0.000295</td>
<td>UNSAT</td>
</tr>
<tr>
<td>axtls__k20__q13.cnf</td>
<td>94</td>
<td>210</td>
<td>0</td>
<td>0.000343</td>
<td>UNSAT</td>
</tr>
<tr>
<td>axtls__k20__q14.cnf</td>
<td>94</td>
<td>210</td>
<td>0</td>
<td>0.000284</td>
<td>UNSAT</td>
</tr>
<tr>
<td>axtls__k20__q17.cnf</td>
<td>94</td>
<td>210</td>
<td>0</td>
<td>0.000367</td>
<td>UNSAT</td>
</tr>
<tr>
<td>axtls__k20__q19.cnf</td>
<td>94</td>
<td>210</td>
<td>0</td>
<td>0.000402</td>
<td>UNSAT</td>
</tr>
<tr>
<td>axtls__k20__q20.cnf</td>
<td>94</td>
<td>210</td>
<td>0</td>
<td>0.000413</td>
<td>UNSAT</td>
</tr>
<tr>
<td>axtls__k20__q21.cnf</td>
<td>94</td>
<td>210</td>
<td>0</td>
<td>0.000763</td>
<td>UNSAT</td>
</tr>
<tr>
<td>axtls__k20__q23.cnf</td>
<td>94</td>
<td>210</td>
<td>0</td>
<td>0.000566</td>
<td>UNSAT</td>
</tr>
<tr>
<td>axtls__k20__q24.cnf</td>
<td>94</td>
<td>210</td>
<td>0</td>
<td>0.000747</td>
<td>UNSAT</td>
</tr>
<tr>
<td>axtls__k20__q26.cnf</td>
<td>94</td>
<td>210</td>
<td>0</td>
<td>0.000566</td>
<td>UNSAT</td>
</tr>
<tr>
<td>axtls__k20__q28.cnf</td>
<td>94</td>
<td>210</td>
<td>0</td>
<td>0.000307</td>
<td>UNSAT</td>
</tr>
<tr>
<td>axtls__k20__q29.cnf</td>
<td>94</td>
<td>210</td>
<td>0</td>
<td>0.000311</td>
<td>UNSAT</td>
</tr>
<tr>
<td>axtls__k20__q30.cnf</td>
<td>94</td>
<td>210</td>
<td>0</td>
<td>0.00028</td>
<td>UNSAT</td>
</tr>
<tr>
<td>axtls__k20__q31.cnf</td>
<td>94</td>
<td>210</td>
<td>0</td>
<td>0.000288</td>
<td>UNSAT</td>
</tr>
<tr>
<td>axtls__k20__q32.cnf</td>
<td>94</td>
<td>210</td>
<td>0</td>
<td>0.000275</td>
<td>UNSAT</td>
</tr>
<tr>
<td>axtls__k20__q33.cnf</td>
<td>94</td>
<td>210</td>
<td>0</td>
<td>0.000314</td>
<td>UNSAT</td>
</tr>
<tr>
<td>axtls__k20__q41.cnf</td>
<td>94</td>
<td>210</td>
<td>0</td>
<td>0.000278</td>
<td>UNSAT</td>
</tr>
<tr>
<td>axtls__k20__q44.cnf</td>
<td>94</td>
<td>210</td>
<td>0</td>
<td>0.000306</td>
<td>UNSAT</td>
</tr>
<tr>
<td>axtls__k20__q45.cnf</td>
<td>94</td>
<td>210</td>
<td>0</td>
<td>0.000303</td>
<td>UNSAT</td>
</tr>
<tr>
<td>axtls__k20__q46.cnf</td>
<td>94</td>
<td>210</td>
<td>0</td>
<td>0.000297</td>
<td>UNSAT</td>
</tr>
<tr>
<td>axtls__k20__q47.cnf</td>
<td>94</td>
<td>210</td>
<td>0</td>
<td>0.000294</td>
<td>UNSAT</td>
</tr>
<tr>
<td>axtls__k20__q48.cnf</td>
<td>94</td>
<td>210</td>
<td>0</td>
<td>0.000311</td>
<td>UNSAT</td>
</tr>
<tr>
<td>axtls__k20__q0.cnf</td>
<td>94</td>
<td>210</td>
<td>0</td>
<td>0.000677</td>
<td>UNSAT</td>
</tr>
<tr>
<td>axtls__k20__q2.cnf</td>
<td>94</td>
<td>210</td>
<td>0</td>
<td>0.000587</td>
<td>UNSAT</td>
</tr>
<tr>
<td>axtls__k20__q3.cnf</td>
<td>94</td>
<td>210</td>
<td>0</td>
<td>0.000518</td>
<td>UNSAT</td>
</tr>
<tr>
<td>axtls__k20__q4.cnf</td>
<td>94</td>
<td>210</td>
<td>0</td>
<td>0.000613</td>
<td>UNSAT</td>
</tr>
<tr>
<td>axtls__k20__q7.cnf</td>
<td>94</td>
<td>210</td>
<td>0</td>
<td>0.000776</td>
<td>UNSAT</td>
</tr>
<tr>
<td>axtls__k20__q9.cnf</td>
<td>94</td>
<td>210</td>
<td>0</td>
<td>0.000551</td>
<td>UNSAT</td>
</tr>
<tr>
<td>axtls__k20__q12.cnf</td>
<td>94</td>
<td>210</td>
<td>0</td>
<td>0.0004</td>
<td>UNSAT</td>
</tr>
<tr>
<td>axtls__k20__q13.cnf</td>
<td>94</td>
<td>210</td>
<td>0</td>
<td>0.000366</td>
<td>UNSAT</td>
</tr>
<tr>
<td>axtls__k20__q14.cnf</td>
<td>94</td>
<td>210</td>
<td>0</td>
<td>0.000512</td>
<td>UNSAT</td>
</tr>
<tr>
<td>axtls__k20__q17.cnf</td>
<td>94</td>
<td>210</td>
<td>0</td>
<td>0.000708</td>
<td>UNSAT</td>
</tr>
<tr>
<td>axtls__k20__q19.cnf</td>
<td>94</td>
<td>210</td>
<td>0</td>
<td>0.000541</td>
<td>UNSAT</td>
</tr>
<tr>
<td>axtls__k20__q20.cnf</td>
<td>94</td>
<td>210</td>
<td>0</td>
<td>0.000489</td>
<td>UNSAT</td>
</tr>
<tr>
<td>axtls__k20__q21.cnf</td>
<td>94</td>
<td>210</td>
<td>0</td>
<td>0.000488</td>
<td>UNSAT</td>
</tr>
<tr>
<td>axtls__k20__q23.cnf</td>
<td>94</td>
<td>210</td>
<td>0</td>
<td>0.000523</td>
<td>UNSAT</td>
</tr>
<tr>
<td>axtls__k20__q24.cnf</td>
<td>94</td>
<td>210</td>
<td>0</td>
<td>0.00051</td>
<td>UNSAT</td>
</tr>
<tr>
<td>axtls__k20__q26.cnf</td>
<td>94</td>
<td>210</td>
<td>0</td>
<td>0.000556</td>
<td>UNSAT</td>
</tr>
<tr>
<td>axtls__k20__q28.cnf</td>
<td>94</td>
<td>210</td>
<td>0</td>
<td>0.000534</td>
<td>UNSAT</td>
</tr>
<tr>
<td>axtls__k20__q29.cnf</td>
<td>94</td>
<td>210</td>
<td>0</td>
<td>0.000538</td>
<td>UNSAT</td>
</tr>
<tr>
<td>axtls__k20__q30.cnf</td>
<td>94</td>
<td>210</td>
<td>0</td>
<td>0.00071</td>
<td>UNSAT</td>
</tr>
<tr>
<td>axtls__k20__q31.cnf</td>
<td>94</td>
<td>210</td>
<td>0</td>
<td>0.000712</td>
<td>UNSAT</td>
</tr>
<tr>
<td>axtls__k20__q32.cnf</td>
<td>94</td>
<td>210</td>
<td>0</td>
<td>0.000484</td>
<td>UNSAT</td>
</tr>
<tr>
<td>axtls__k20__q33.cnf</td>
<td>94</td>
<td>210</td>
<td>0</td>
<td>0.000501</td>
<td>UNSAT</td>
</tr>
<tr>
<td>axtls__k20__q41.cnf</td>
<td>94</td>
<td>210</td>
<td>0</td>
<td>0.000729</td>
<td>UNSAT</td>
</tr>
<tr>
<td>axtls__k20__q44.cnf</td>
<td>94</td>
<td>210</td>
<td>0</td>
<td>0.000485</td>
<td>UNSAT</td>
</tr>
<tr>
<td>axtls__k20__q45.cnf</td>
<td>94</td>
<td>210</td>
<td>0</td>
<td>0.000457</td>
<td>UNSAT</td>
</tr>
<tr>
<td>axtls__k20__q46.cnf</td>
<td>94</td>
<td>210</td>
<td>0</td>
<td>0.000518</td>
<td>UNSAT</td>
</tr>
<tr>
<td>axtls__k20__q47.cnf</td>
<td>94</td>
<td>210</td>
<td>0</td>
<td>0.000494</td>
<td>UNSAT</td>
</tr>
<tr>
<td>axtls__k20__q48.cnf</td>
<td>94</td>
<td>210</td>
<td>0</td>
<td>0.000566</td>
<td>UNSAT</td>
</tr>
<tr>
<td>axtls__k20__q0.cnf</td>
<td>94</td>
<td>210</td>
<td>0</td>
<td>0.000422</td>
<td>UNSAT</td>
</tr>
<tr>
<td>axtls__k20__q2.cnf</td>
<td>94</td>
<td>210</td>
<td>0</td>
<td>0.000359</td>
<td>UNSAT</td>
</tr>
<tr>
<td>axtls__k20__q3.cnf</td>
<td>94</td>
<td>210</td>
<td>0</td>
<td>0.000284</td>
<td>UNSAT</td>
</tr>
<tr>
<td>axtls__k20__q4.cnf</td>
<td>94</td>
<td>210</td>
<td>0</td>
<td>0.000318</td>
<td>UNSAT</td>
</tr>
<tr>
<td>axtls__k20__q7.cnf</td>
<td>94</td>
<td>210</td>
<td>0</td>
<td>0.000352</td>
<td>UNSAT</td>
</tr>
<tr>
<td>axtls__k20__q9.cnf</td>
<td>94</td>
<td>210</td>
<td>0</td>
<td>0.000292</td>
<td>UNSAT</td>
</tr>
<tr>
<td>axtls__k20__q12.cnf</td>
<td>94</td>
<td>210</td>
<td>0</td>
<td>0.00059</td>
<td>UNSAT</td>
</tr>
<tr>
<td>axtls__k20__q13.cnf</td>
<td>94</td>
<td>210</td>
<td>0</td>
<td>0.000404</td>
<td>UNSAT</td>
</tr>
<tr>
<td>axtls__k20__q14.cnf</td>
<td>94</td>
<td>210</td>
<td>0</td>
<td>0.000487</td>
<td>UNSAT</td>
</tr>
<tr>
<td>axtls__k20__q17.cnf</td>
<td>94</td>
<td>210</td>
<td>0</td>
<td>0.000446</td>
<td>UNSAT</td>
</tr>
<tr>
<td>axtls__k20__q19.cnf</td>
<td>94</td>
<td>210</td>
<td>0</td>
<td>0.000691</td>
<td>UNSAT</td>
</tr>
<tr>
<td>axtls__k20__q20.cnf</td>
<td>94</td>
<td>210</td>
<td>0</td>
<td>0.000537</td>
<td>UNSAT</td>
</tr>
<tr>
<td>axtls__k20__q21.cnf</td>
<td>94</td>
<td>210</td>
<td>0</td>
<td>0.000583</td>
<td>UNSAT</td>
</tr>
<tr>
<td>axtls__k20__q23.cnf</td>
<td>94</td>
<td>210</td>
<td>0</td>
<td>0.000571</td>
<td>UNSAT</td>
</tr>
<tr>
<td>axtls__k20__q24.cnf</td>
<td>94</td>
<td>210</td>
<td>0</td>
<td>0.000432</td>
<td>UNSAT</td>
</tr>
<tr>
<td>axtls__k20__q26.cnf</td>
<td>94</td>
<td>210</td>
<td>0</td>
<td>0.000487</td>
<td>UNSAT</td>
</tr>
<tr>
<td>axtls__k20__q28.cnf</td>
<td>94</td>
<td>210</td>
<td>0</td>
<td>0.000369</td>
<td>UNSAT</td>
</tr>
<tr>
<td>axtls__k20__q29.cnf</td>
<td>94</td>
<td>210</td>
<td>0</td>
<td>0.000404</td>
<td>UNSAT</td>
</tr>
<tr>
<td>axtls__k20__q30.cnf</td>
<td>94</td>
<td>210</td>
<td>0</td>
<td>0.000617</td>
<td>UNSAT</td>
</tr>
<tr>
<td>axtls__k20__q31.cnf</td>
<td>94</td>
<td>210</td>
<td>0</td>
<td>0.000561</td>
<td>UNSAT</td>
</tr>
<tr>
<td>axtls__k20__q32.cnf</td>
<td>94</td>
<td>210</td>
<td>0</td>
<td>0.00051</td>
<td>UNSAT</td>
</tr>
<tr>
<td>axtls__k20__q33.cnf</td>
<td>94</td>
<td>210</td>
<td>0</td>
<td>0.000428</td>
<td>UNSAT</td>
</tr>
<tr>
<td>axtls__k20__q41.cnf</td>
<td>94</td>
<td>210</td>
<td>0</td>
<td>0.000405</td>
<td>UNSAT</td>
</tr>
<tr>
<td>axtls__k20__q44.cnf</td>
<td>94</td>
<td>210</td>
<td>0</td>
<td>0.000597</td>
<td>UNSAT</td>
</tr>
<tr>
<td>axtls__k20__q45.cnf</td>
<td>94</td>
<td>210</td>
<td>0</td>
<td>0.00032</td>
<td>UNSAT</td>
</tr>
<tr>
<td>axtls__k20__q46.cnf</td>
<td>94</td>
<td>210</td>
<td>0</td>
<td>0.000391</td>
<td>UNSAT</td>
</tr>
<tr>
<td>axtls__k20__q47.cnf</td>
<td>94</td>
<td>210</td>
<td>0</td>
<td>0.000381</td>
<td>UNSAT</td>
</tr>
<tr>
<td>axtls__k20__q48.cnf</td>
<td>94</td>
<td>210</td>
<td>0</td>
<td>0.000754</td>
<td>UNSAT</td>
</tr>
<tr>
<td>axtls__k20__q0.cnf</td>
<td>94</td>
<td>210</td>
<td>0</td>
<td>0.000333</td>
<td>UNSAT</td>
</tr>
<tr>
<td>axtls__k20__q2.cnf</td>
<td>94</td>
<td>210</td>
<td>0</td>
<td>0.000296</td>
<td>UNSAT</td>
</tr>
<tr>
<td>axtls__k20__q3.cnf</td>
<td>94</td>
<td>210</td>
<td>0</td>
<td>0.000448</td>
<td>UNSAT</td>
</tr>
<tr>
<td>axtls__k20__q4.cnf</td>
<td>94</td>
<td>210</td>
<td>0</td>
<td>0.000289</td>
<td>UNSAT</td>
</tr>
<tr>
<td>axtls__k20__q7.cnf</td>
<td>94</td>
<td>210</td>
<td>0</td>
<td>0.000316</td>
<td>UNSAT</td>
</tr>
<tr>
<td>axtls__k20__q9.cnf</td>
<td>94</td>
<td>210</td>
<td>0</td>
<td>0.000326</td>
<td>UNSAT</td>
</tr>
<tr>
<td>axtls__k20__q12.cnf</td>
<td>94</td>
<td>210</td>
<td>0</td>
<td>0.000285</td>
<td>UNSAT</td>
</tr>
<tr>
<td>axtls__k20__q13.cnf</td>
<td>94</td>
<td>210</td>
<td>0</td>
<td>0.000303</td>
<td>UNSAT</td>
</tr>
<tr>
<td>axtls__k20__q14.cnf</td>
<td>94</td>
<td>210</td>
<td>0</td>
<td>0.000318</td>
<td>UNSAT</td>
</tr>
<tr>
<td>axtls__k20__q17.cnf</td>
<td>94</td>
<td>210</td>
<td>0</td>
<td>0.000526</td>
<td>UNSAT</td>
</tr>
<tr>
<td>axtls__k20__q19.cnf</td>
<td>94</td>
<td>210</td>
<td>0</td>
<td>0.000335</td>
<td>UNSAT</td>
</tr>
<tr>
<td>axtls__k20__q20.cnf</td>
<td>94</td>
<td>210</td>
<td>0</td>
<td>0.000335</td>
<td>UNSAT</td>
</tr>
<tr>
<td>axtls__k20__q21.cnf</td>
<td>94</td>
<td>210</td>
<td>0</td>
<td>0.000373</td>
<td>UNSAT</td>
</tr>
<tr>
<td>axtls__k20__q23.cnf</td>
<td>94</td>
<td>210</td>
<td>0</td>
<td>0.00066</td>
<td>UNSAT</td>
</tr>
<tr>
<td>axtls__k20__q24.cnf</td>
<td>94</td>
<td>210</td>
<td>0</td>
<td>0.000397</td>
<td>UNSAT</td>
</tr>
<tr>
<td>axtls__k20__q26.cnf</td>
<td>94</td>
<td>210</td>
<td>0</td>
<td>0.00032</td>
<td>UNSAT</td>
</tr>
<tr>
<td>axtls__k20__q28.cnf</td>
<td>94</td>
<td>210</td>
<td>0</td>
<td>0.000287</td>
<td>UNSAT</td>
</tr>
<tr>
<td>axtls__k20__q29.cnf</td>
<td>94</td>
<td>210</td>
<td>0</td>
<td>0.000299</td>
<td>UNSAT</td>
</tr>
<tr>
<td>axtls__k20__q30.cnf</td>
<td>94</td>
<td>210</td>
<td>0</td>
<td>0.000298</td>
<td>UNSAT</td>
</tr>
<tr>
<td>axtls__k20__q31.cnf</td>
<td>94</td>
<td>210</td>
<td>0</td>
<td>0.000373</td>
<td>UNSAT</td>
</tr>
<tr>
<td>axtls__k20__q32.cnf</td>
<td>94</td>
<td>210</td>
<td>0</td>
<td>0.000386</td>
<td>UNSAT</td>
</tr>
<tr>
<td>axtls__k20__q33.cnf</td>
<td>94</td>
<td>210</td>
<td>0</td>
<td>0.000338</td>
<td>UNSAT</td>
</tr>
<tr>
<td>axtls__k20__q41.cnf</td>
<td>94</td>
<td>210</td>
<td>0</td>
<td>0.000434</td>
<td>UNSAT</td>
</tr>
<tr>
<td>axtls__k20__q44.cnf</td>
<td>94</td>
<td>210</td>
<td>0</td>
<td>0.000463</td>
<td>UNSAT</td>
</tr>
<tr>
<td>axtls__k20__q45.cnf</td>
<td>94</td>
<td>210</td>
<td>0</td>
<td>0.000466</td>
<td>UNSAT</td>
</tr>
<tr>
<td>axtls__k20__q46.cnf</td>
<td>94</td>
<td>210</td>
<td>0</td>
<td>0.00031</td>
<td>UNSAT</td>
</tr>
<tr>
<td>axtls__k20__q47.cnf</td>
<td>94</td>
<td>210</td>
<td>0</td>
<td>0.000337</td>
<td>UNSAT</td>
</tr>
<tr>
<td>axtls__k20__q48.cnf</td>
<td>94</td>
<td>210</td>
<td>0</td>
<td>0.000575</td>
<td>UNSAT</td>
</tr>
<tr>
<td>axtls__k20__q0.cnf</td>
<td>94</td>
<td>210</td>
<td>0</td>
<td>0.000393</td>
<td>UNSAT</td>
</tr>
<tr>
<td>axtls__k20__q2.cnf</td>
<td>94</td>
<td>210</td>
<td>0</td>
<td>0.000343</td>
<td>UNSAT</td>
</tr>
<tr>
<td>axtls__k20__q3.cnf</td>
<td>94</td>
<td>210</td>
<td>0</td>
<td>0.000311</td>
<td>UNSAT</td>
</tr>
<tr>
<td>axtls__k20__q4.cnf</td>
<td>94</td>
<td>210</td>
<td>0</td>
<td>0.000378</td>
<td>UNSAT</td>
</tr>
<tr>
<td>axtls__k20__q7.cnf</td>
<td>94</td>
<td>210</td>
<td>0</td>
<td>0.000871</td>
<td>UNSAT</td>
</tr>
<tr>
<td>axtls__k20__q9.cnf</td>
<td>94</td>
<td>210</td>
<td>0</td>
<td>0.000574</td>
<td>UNSAT</td>
</tr>
<tr>
<td>axtls__k20__q12.cnf</td>
<td>94</td>
<td>210</td>
<td>0</td>
<td>0.001016</td>
<td>UNSAT</td>
</tr>
<tr>
<td>axtls__k20__q13.cnf</td>
<td>94</td>
<td>210</td>
<td>0</td>
<td>0.000375</td>
<td>UNSAT</td>
</tr>
<tr>
<td>axtls__k20__q14.cnf</td>
<td>94</td>
<td>210</td>
<td>0</td>
<td>0.000383</td>
<td>UNSAT</td>
</tr>
<tr>
<td>axtls__k20__q17.cnf</td>
<td>94</td>
<td>210</td>
<td>0</td>
<td>0.000404</td>
<td>UNSAT</td>
</tr>
<tr>
<td>axtls__k20__q19.cnf</td>
<td>94</td>
<td>210</td>
<td>0</td>
<td>0.000319</td>
<td>UNSAT</td>
</tr>
<tr>
<td>axtls__k20__q20.cnf</td>
<td>94</td>
<td>210</td>
<td>0</td>
<td>0.00031</td>
<td>UNSAT</td>
</tr>
<tr>
<td>axtls__k20__q21.cnf</td>
<td>94</td>
<td>210</td>
<td>0</td>
<td>0.000316</td>
<td>UNSAT</td>
</tr>
<tr>
<td>axtls__k20__q23.cnf</td>
<td>94</td>
<td>210</td>
<td>0</td>
<td>0.000441</td>
<td>UNSAT</td>
</tr>
<tr>
<td>axtls__k20__q24.cnf</td>
<td>94</td>
<td>210</td>
<td>0</td>
<td>0.000418</td>
<td>UNSAT</td>
</tr>
<tr>
<td>axtls__k20__q26.cnf</td>
<td>94</td>
<td>210</td>
<td>0</td>
<td>0.000643</td>
<td>UNSAT</td>
</tr>
<tr>
<td>axtls__k20__q28.cnf</td>
<td>94</td>
<td>210</td>
<td>0</td>
<td>0.001093</td>
<td>UNSAT</td>
</tr>
<tr>
<td>axtls__k20__q29.cnf</td>
<td>94</td>
<td>210</td>
<td>0</td>
<td>0.001012</td>
<td>UNSAT</td>
</tr>
<tr>
<td>axtls__k20__q30.cnf</td>
<td>94</td>
<td>210</td>
<td>0</td>
<td>0.000918</td>
<td>UNSAT</td>
</tr>
<tr>
<td>axtls__k20__q31.cnf</td>
<td>94</td>
<td>210</td>
<td>0</td>
<td>0.000822</td>
<td>UNSAT</td>
</tr>
<tr>
<td>axtls__k20__q32.cnf</td>
<td>94</td>
<td>210</td>
<td>0</td>
<td>0.000307</td>
<td>UNSAT</td>
</tr>
<tr>
<td>axtls__k20__q33.cnf</td>
<td>94</td>
<td>210</td>
<td>0</td>
<td>0.000287</td>
<td>UNSAT</td>
</tr>
<tr>
<td>axtls__k20__q41.cnf</td>
<td>94</td>
<td>210</td>
<td>0</td>
<td>0.000367</td>
<td>UNSAT</td>
</tr>
<tr>
<td>axtls__k20__q44.cnf</td>
<td>94</td>
<td>210</td>
<td>0</td>
<td>0.000456</td>
<td>UNSAT</td>
</tr>
<tr>
<td>axtls__k20__q45.cnf</td>
<td>94</td>
<td>210</td>
<td>0</td>
<td>0.000307</td>
<td>UNSAT</td>
</tr>
<tr>
<td>axtls__k20__q46.cnf</td>
<td>94</td>
<td>210</td>
<td>0</td>
<td>0.000462</td>
<td>UNSAT</td>
</tr>
<tr>
<td>axtls__k20__q47.cnf</td>
<td>94</td>
<td>210</td>
<td>0</td>
<td>0.000333</td>
<td>UNSAT</td>
</tr>
<tr>
<td>axtls__k20__q48.cnf</td>
<td>94</td>
<td>210</td>
<td>0</td>
<td>0.000506</td>
<td>UNSAT</td>
</tr>
<tr>
<td>am31_sim.cnf</td>
<td>1165</td>
<td>2968</td>
<td>45971</td>
<td>7.48261</td>
<td>31506117330638209963044978072983956210771703423518162467137502207143887426026525283299774751701910447997211646995406800</td>
</tr>
<tr>
<td>am31_sim.cnf</td>
<td>1165</td>
<td>2968</td>
<td>45971</td>
<td>7.24707</td>
<td>31506117330638209963044978072983956210771703423518162467137502207143887426026525283299774751701910447997211646995406800</td>
</tr>
<tr>
<td>am31_sim.cnf</td>
<td>1165</td>
<td>2968</td>
<td>45971</td>
<td>9.20251</td>
<td>31506117330638209963044978072983956210771703423518162467137502207143887426026525283299774751701910447997211646995406800</td>
</tr>
<tr>
<td>am31_sim.cnf</td>
<td>1165</td>
<td>2968</td>
<td>45971</td>
<td>7.64506</td>
<td>31506117330638209963044978072983956210771703423518162467137502207143887426026525283299774751701910447997211646995406800</td>
</tr>
<tr>
<td>am31_sim.cnf</td>
<td>1165</td>
<td>2968</td>
<td>45971</td>
<td>7.11878</td>
<td>31506117330638209963044978072983956210771703423518162467137502207143887426026525283299774751701910447997211646995406800</td>
</tr>
<tr>
<td>am31_sim.cnf</td>
<td>1165</td>
<td>2968</td>
<td>45971</td>
<td>7.27075</td>
<td>31506117330638209963044978072983956210771703423518162467137502207143887426026525283299774751701910447997211646995406800</td>
</tr>
<tr>
<td>am31_sim.cnf</td>
<td>1165</td>
<td>2968</td>
<td>45971</td>
<td>9.82361</td>
<td>31506117330638209963044978072983956210771703423518162467137502207143887426026525283299774751701910447997211646995406800</td>
</tr>
<tr>
<td>am31_sim.cnf</td>
<td>1165</td>
<td>2968</td>
<td>45971</td>
<td>7.5483</td>
<td>31506117330638209963044978072983956210771703423518162467137502207143887426026525283299774751701910447997211646995406800</td>
</tr>
<tr>
<td>am31_sim.cnf</td>
<td>1165</td>
<td>2968</td>
<td>45971</td>
<td>7.5075</td>
<td>31506117330638209963044978072983956210771703423518162467137502207143887426026525283299774751701910447997211646995406800</td>
</tr>
<tr>
<td>am31_sim.cnf</td>
<td>1165</td>
<td>2968</td>
<td>45971</td>
<td>7.79047</td>
<td>31506117330638209963044978072983956210771703423518162467137502207143887426026525283299774751701910447997211646995406800</td>
</tr>
<tr>
<td>am31_sim.cnf</td>
<td>1165</td>
<td>2968</td>
<td>45971</td>
<td>7.55936</td>
<td>31506117330638209963044978072983956210771703423518162467137502207143887426026525283299774751701910447997211646995406800</td>
</tr>
<tr>
<td>am31_sim.cnf</td>
<td>1165</td>
<td>2968</td>
<td>45971</td>
<td>9.42162</td>
<td>31506117330638209963044978072983956210771703423518162467137502207143887426026525283299774751701910447997211646995406800</td>
</tr>
<tr>
<td>am31_sim.cnf</td>
<td>1165</td>
<td>2968</td>
<td>45971</td>
<td>7.27619</td>
<td>31506117330638209963044978072983956210771703423518162467137502207143887426026525283299774751701910447997211646995406800</td>
</tr>
<tr>
<td>am31_sim.cnf</td>
<td>1165</td>
<td>2968</td>
<td>45971</td>
<td>7.37399</td>
<td>31506117330638209963044978072983956210771703423518162467137502207143887426026525283299774751701910447997211646995406800</td>
</tr>
<tr>
<td>am31_sim.cnf</td>
<td>1165</td>
<td>2968</td>
<td>45971</td>
<td>7.57168</td>
<td>31506117330638209963044978072983956210771703423518162467137502207143887426026525283299774751701910447997211646995406800</td>
</tr>
<tr>
<td>am31_sim.cnf</td>
<td>1165</td>
<td>2968</td>
<td>45971</td>
<td>9.69223</td>
<td>31506117330638209963044978072983956210771703423518162467137502207143887426026525283299774751701910447997211646995406800</td>
</tr>
<tr>
<td>am31_sim.cnf</td>
<td>1165</td>
<td>2968</td>
<td>45971</td>
<td>8.07571</td>
<td>31506117330638209963044978072983956210771703423518162467137502207143887426026525283299774751701910447997211646995406800</td>
</tr>
<tr>
<td>am31_sim.cnf</td>
<td>1165</td>
<td>2968</td>
<td>45971</td>
<td>7.63264</td>
<td>31506117330638209963044978072983956210771703423518162467137502207143887426026525283299774751701910447997211646995406800</td>
</tr>
<tr>
<td>am31_sim.cnf</td>
<td>1165</td>
<td>2968</td>
<td>45971</td>
<td>7.2932</td>
<td>31506117330638209963044978072983956210771703423518162467137502207143887426026525283299774751701910447997211646995406800</td>
</tr>
<tr>
<td>am31_sim.cnf</td>
<td>1165</td>
<td>2968</td>
<td>45971</td>
<td>9.27558</td>
<td>31506117330638209963044978072983956210771703423518162467137502207143887426026525283299774751701910447997211646995406800</td>
</tr>
<tr>
<td>am31_sim.cnf</td>
<td>1165</td>
<td>2968</td>
<td>45971</td>
<td>7.56824</td>
<td>31506117330638209963044978072983956210771703423518162467137502207143887426026525283299774751701910447997211646995406800</td>
</tr>
<tr>
<td>XSEngine.cnf</td>
<td>1260</td>
<td>3803</td>
<td>220271</td>
<td>40.4151</td>
<td>20465746440382087936529912643590977513970082939999139929055557568916492561530302110679412575402722502373941138017801081294493092560800</td>
</tr>
<tr>
<td>XSEngine.cnf</td>
<td>1260</td>
<td>3803</td>
<td>220271</td>
<td>38.8653</td>
<td>20465746440382087936529912643590977513970082939999139929055557568916492561530302110679412575402722502373941138017801081294493092560800</td>
</tr>
<tr>
<td>XSEngine.cnf</td>
<td>1260</td>
<td>3803</td>
<td>220271</td>
<td>41.1545</td>
<td>20465746440382087936529912643590977513970082939999139929055557568916492561530302110679412575402722502373941138017801081294493092560800</td>
</tr>
<tr>
<td>XSEngine.cnf</td>
<td>1260</td>
<td>3803</td>
<td>220271</td>
<td>41.4629</td>
<td>20465746440382087936529912643590977513970082939999139929055557568916492561530302110679412575402722502373941138017801081294493092560800</td>
</tr>
<tr>
<td>XSEngine.cnf</td>
<td>1260</td>
<td>3803</td>
<td>220271</td>
<td>36.0809</td>
<td>20465746440382087936529912643590977513970082939999139929055557568916492561530302110679412575402722502373941138017801081294493092560800</td>
</tr>
<tr>
<td>XSEngine.cnf</td>
<td>1260</td>
<td>3803</td>
<td>220271</td>
<td>43.8849</td>
<td>20465746440382087936529912643590977513970082939999139929055557568916492561530302110679412575402722502373941138017801081294493092560800</td>
</tr>
<tr>
<td>XSEngine.cnf</td>
<td>1260</td>
<td>3803</td>
<td>220271</td>
<td>39.9009</td>
<td>20465746440382087936529912643590977513970082939999139929055557568916492561530302110679412575402722502373941138017801081294493092560800</td>
</tr>
<tr>
<td>XSEngine.cnf</td>
<td>1260</td>
<td>3803</td>
<td>220271</td>
<td>39.0079</td>
<td>20465746440382087936529912643590977513970082939999139929055557568916492561530302110679412575402722502373941138017801081294493092560800</td>
</tr>
<tr>
<td>XSEngine.cnf</td>
<td>1260</td>
<td>3803</td>
<td>220271</td>
<td>39.7075</td>
<td>20465746440382087936529912643590977513970082939999139929055557568916492561530302110679412575402722502373941138017801081294493092560800</td>
</tr>
<tr>
<td>XSEngine.cnf</td>
<td>1260</td>
<td>3803</td>
<td>220271</td>
<td>39.8102</td>
<td>20465746440382087936529912643590977513970082939999139929055557568916492561530302110679412575402722502373941138017801081294493092560800</td>
</tr>
<tr>
<td>XSEngine.cnf</td>
<td>1260</td>
<td>3803</td>
<td>220271</td>
<td>39.5394</td>
<td>20465746440382087936529912643590977513970082939999139929055557568916492561530302110679412575402722502373941138017801081294493092560800</td>
</tr>
<tr>
<td>XSEngine.cnf</td>
<td>1260</td>
<td>3803</td>
<td>220271</td>
<td>41.447</td>
<td>20465746440382087936529912643590977513970082939999139929055557568916492561530302110679412575402722502373941138017801081294493092560800</td>
</tr>
<tr>
<td>XSEngine.cnf</td>
<td>1260</td>
<td>3803</td>
<td>220271</td>
<td>42.1211</td>
<td>20465746440382087936529912643590977513970082939999139929055557568916492561530302110679412575402722502373941138017801081294493092560800</td>
</tr>
<tr>
<td>XSEngine.cnf</td>
<td>1260</td>
<td>3803</td>
<td>220271</td>
<td>40.3005</td>
<td>20465746440382087936529912643590977513970082939999139929055557568916492561530302110679412575402722502373941138017801081294493092560800</td>
</tr>
<tr>
<td>XSEngine.cnf</td>
<td>1260</td>
<td>3803</td>
<td>220271</td>
<td>39.09</td>
<td>20465746440382087936529912643590977513970082939999139929055557568916492561530302110679412575402722502373941138017801081294493092560800</td>
</tr>
<tr>
<td>XSEngine.cnf</td>
<td>1260</td>
<td>3803</td>
<td>220271</td>
<td>38.7589</td>
<td>20465746440382087936529912643590977513970082939999139929055557568916492561530302110679412575402722502373941138017801081294493092560800</td>
</tr>
<tr>
<td>XSEngine.cnf</td>
<td>1260</td>
<td>3803</td>
<td>220271</td>
<td>41.2888</td>
<td>20465746440382087936529912643590977513970082939999139929055557568916492561530302110679412575402722502373941138017801081294493092560800</td>
</tr>
<tr>
<td>XSEngine.cnf</td>
<td>1260</td>
<td>3803</td>
<td>220271</td>
<td>39.9294</td>
<td>20465746440382087936529912643590977513970082939999139929055557568916492561530302110679412575402722502373941138017801081294493092560800</td>
</tr>
<tr>
<td>XSEngine.cnf</td>
<td>1260</td>
<td>3803</td>
<td>220271</td>
<td>39.6824</td>
<td>20465746440382087936529912643590977513970082939999139929055557568916492561530302110679412575402722502373941138017801081294493092560800</td>
</tr>
<tr>
<td>XSEngine.cnf</td>
<td>1260</td>
<td>3803</td>
<td>220271</td>
<td>42.2453</td>
<td>20465746440382087936529912643590977513970082939999139929055557568916492561530302110679412575402722502373941138017801081294493092560800</td>
</tr>
<tr>
<td>XSEngine.cnf</td>
<td>1260</td>
<td>3803</td>
<td>220271</td>
<td>37.5152</td>
<td>20465746440382087936529912643590977513970082939999139929055557568916492561530302110679412575402722502373941138017801081294493092560800</td>
</tr>
<tr>
<td>adder.cnf</td>
<td>1272</td>
<td>3201</td>
<td>162675</td>
<td>29.0334</td>
<td>98826262955116540654594658579507080173060213668622411355372612317123327888583768001824579847667155986221756840403183315918800</td>
</tr>
<tr>
<td>adder.cnf</td>
<td>1272</td>
<td>3201</td>
<td>162675</td>
<td>28.152</td>
<td>98826262955116540654594658579507080173060213668622411355372612317123327888583768001824579847667155986221756840403183315918800</td>
</tr>
<tr>
<td>adder.cnf</td>
<td>1272</td>
<td>3201</td>
<td>162675</td>
<td>28.9541</td>
<td>98826262955116540654594658579507080173060213668622411355372612317123327888583768001824579847667155986221756840403183315918800</td>
</tr>
<tr>
<td>adder.cnf</td>
<td>1272</td>
<td>3201</td>
<td>162675</td>
<td>29.7717</td>
<td>98826262955116540654594658579507080173060213668622411355372612317123327888583768001824579847667155986221756840403183315918800</td>
</tr>
<tr>
<td>adder.cnf</td>
<td>1272</td>
<td>3201</td>
<td>162675</td>
<td>30.7158</td>
<td>98826262955116540654594658579507080173060213668622411355372612317123327888583768001824579847667155986221756840403183315918800</td>
</tr>
<tr>
<td>adder.cnf</td>
<td>1272</td>
<td>3201</td>
<td>162675</td>
<td>30.917</td>
<td>98826262955116540654594658579507080173060213668622411355372612317123327888583768001824579847667155986221756840403183315918800</td>
</tr>
<tr>
<td>adder.cnf</td>
<td>1272</td>
<td>3201</td>
<td>162675</td>
<td>30.5705</td>
<td>98826262955116540654594658579507080173060213668622411355372612317123327888583768001824579847667155986221756840403183315918800</td>
</tr>
<tr>
<td>adder.cnf</td>
<td>1272</td>
<td>3201</td>
<td>162675</td>
<td>31.2709</td>
<td>98826262955116540654594658579507080173060213668622411355372612317123327888583768001824579847667155986221756840403183315918800</td>
</tr>
<tr>
<td>adder.cnf</td>
<td>1272</td>
<td>3201</td>
<td>162675</td>
<td>30.7526</td>
<td>98826262955116540654594658579507080173060213668622411355372612317123327888583768001824579847667155986221756840403183315918800</td>
</tr>
<tr>
<td>adder.cnf</td>
<td>1272</td>
<td>3201</td>
<td>162675</td>
<td>30.4985</td>
<td>98826262955116540654594658579507080173060213668622411355372612317123327888583768001824579847667155986221756840403183315918800</td>
</tr>
<tr>
<td>adder.cnf</td>
<td>1272</td>
<td>3201</td>
<td>162675</td>
<td>31.9344</td>
<td>98826262955116540654594658579507080173060213668622411355372612317123327888583768001824579847667155986221756840403183315918800</td>
</tr>
<tr>
<td>adder.cnf</td>
<td>1272</td>
<td>3201</td>
<td>162675</td>
<td>31.6811</td>
<td>98826262955116540654594658579507080173060213668622411355372612317123327888583768001824579847667155986221756840403183315918800</td>
</tr>
<tr>
<td>adder.cnf</td>
<td>1272</td>
<td>3201</td>
<td>162675</td>
<td>30.8876</td>
<td>98826262955116540654594658579507080173060213668622411355372612317123327888583768001824579847667155986221756840403183315918800</td>
</tr>
<tr>
<td>adder.cnf</td>
<td>1272</td>
<td>3201</td>
<td>162675</td>
<td>33.248</td>
<td>98826262955116540654594658579507080173060213668622411355372612317123327888583768001824579847667155986221756840403183315918800</td>
</tr>
<tr>
<td>adder.cnf</td>
<td>1272</td>
<td>3201</td>
<td>162675</td>
<td>31.8706</td>
<td>98826262955116540654594658579507080173060213668622411355372612317123327888583768001824579847667155986221756840403183315918800</td>
</tr>
<tr>
<td>adder.cnf</td>
<td>1272</td>
<td>3201</td>
<td>162675</td>
<td>31.0563</td>
<td>98826262955116540654594658579507080173060213668622411355372612317123327888583768001824579847667155986221756840403183315918800</td>
</tr>
<tr>
<td>adder.cnf</td>
<td>1272</td>
<td>3201</td>
<td>162675</td>
<td>29.8906</td>
<td>98826262955116540654594658579507080173060213668622411355372612317123327888583768001824579847667155986221756840403183315918800</td>
</tr>
<tr>
<td>adder.cnf</td>
<td>1272</td>
<td>3201</td>
<td>162675</td>
<td>30.2502</td>
<td>98826262955116540654594658579507080173060213668622411355372612317123327888583768001824579847667155986221756840403183315918800</td>
</tr>
<tr>
<td>adder.cnf</td>
<td>1272</td>
<td>3201</td>
<td>162675</td>
<td>28.1013</td>
<td>98826262955116540654594658579507080173060213668622411355372612317123327888583768001824579847667155986221756840403183315918800</td>
</tr>
<tr>
<td>adder.cnf</td>
<td>1272</td>
<td>3201</td>
<td>162675</td>
<td>30.6042</td>
<td>98826262955116540654594658579507080173060213668622411355372612317123327888583768001824579847667155986221756840403183315918800</td>
</tr>
<tr>
<td>adder.cnf</td>
<td>1272</td>
<td>3201</td>
<td>162675</td>
<td>28.1803</td>
<td>98826262955116540654594658579507080173060213668622411355372612317123327888583768001824579847667155986221756840403183315918800</td>
</tr>
<tr>
<td>axtls.cnf</td>
<td>94</td>
<td>190</td>
<td>58</td>
<td>0.006519</td>
<td>1962126104736</td>
</tr>
<tr>
<td>axtls.cnf</td>
<td>94</td>
<td>190</td>
<td>58</td>
<td>0.005373</td>
<td>1962126104736</td>
</tr>
<tr>
<td>axtls.cnf</td>
<td>94</td>
<td>190</td>
<td>58</td>
<td>0.005216</td>
<td>1962126104736</td>
</tr>
<tr>
<td>axtls.cnf</td>
<td>94</td>
<td>190</td>
<td>58</td>
<td>0.005023</td>
<td>1962126104736</td>
</tr>
<tr>
<td>axtls.cnf</td>
<td>94</td>
<td>190</td>
<td>58</td>
<td>0.00446</td>
<td>1962126104736</td>
</tr>
<tr>
<td>axtls.cnf</td>
<td>94</td>
<td>190</td>
<td>58</td>
<td>0.004576</td>
<td>1962126104736</td>
</tr>
<tr>
<td>axtls.cnf</td>
<td>94</td>
<td>190</td>
<td>58</td>
<td>0.004715</td>
<td>1962126104736</td>
</tr>
<tr>
<td>axtls.cnf</td>
<td>94</td>
<td>190</td>
<td>58</td>
<td>0.004462</td>
<td>1962126104736</td>
</tr>
<tr>
<td>axtls.cnf</td>
<td>94</td>
<td>190</td>
<td>58</td>
<td>0.004511</td>
<td>1962126104736</td>
</tr>
<tr>
<td>axtls.cnf</td>
<td>94</td>
<td>190</td>
<td>58</td>
<td>0.004474</td>
<td>1962126104736</td>
</tr>
<tr>
<td>axtls.cnf</td>
<td>94</td>
<td>190</td>
<td>58</td>
<td>0.0059</td>
<td>1962126104736</td>
</tr>
<tr>
<td>axtls.cnf</td>
<td>94</td>
<td>190</td>
<td>58</td>
<td>0.004309</td>
<td>1962126104736</td>
</tr>
<tr>
<td>axtls.cnf</td>
<td>94</td>
<td>190</td>
<td>58</td>
<td>0.004429</td>
<td>1962126104736</td>
</tr>
<tr>
<td>axtls.cnf</td>
<td>94</td>
<td>190</td>
<td>58</td>
<td>0.004539</td>
<td>1962126104736</td>
</tr>
<tr>
<td>axtls.cnf</td>
<td>94</td>
<td>190</td>
<td>58</td>
<td>0.004424</td>
<td>1962126104736</td>
</tr>
<tr>
<td>axtls.cnf</td>
<td>94</td>
<td>190</td>
<td>58</td>
<td>0.004413</td>
<td>1962126104736</td>
</tr>
<tr>
<td>axtls.cnf</td>
<td>94</td>
<td>190</td>
<td>58</td>
<td>0.004413</td>
<td>1962126104736</td>
</tr>
<tr>
<td>axtls.cnf</td>
<td>94</td>
<td>190</td>
<td>58</td>
<td>0.004521</td>
<td>1962126104736</td>
</tr>
<tr>
<td>axtls.cnf</td>
<td>94</td>
<td>190</td>
<td>58</td>
<td>0.004676</td>
<td>1962126104736</td>
</tr>
<tr>
<td>axtls.cnf</td>
<td>94</td>
<td>190</td>
<td>58</td>
<td>0.004445</td>
<td>1962126104736</td>
</tr>
<tr>
<td>axtls.cnf</td>
<td>94</td>
<td>190</td>
<td>58</td>
<td>0.004575</td>
<td>1962126104736</td>
</tr>
<tr>
<td>busybox_1_28_0.cnf</td>
<td>998</td>
<td>962</td>
<td>17832</td>
<td>2.55583</td>
<td>131015637986869066594955808134501079028008039381985671612410564630862006108883152140836568227782153439006643161483440812593354976024587487374556603949573514223359777319658981065823636430801458215710142246414031293804813368688640000000000000000000000</td>
</tr>
<tr>
<td>busybox_1_28_0.cnf</td>
<td>998</td>
<td>962</td>
<td>17832</td>
<td>2.59431</td>
<td>131015637986869066594955808134501079028008039381985671612410564630862006108883152140836568227782153439006643161483440812593354976024587487374556603949573514223359777319658981065823636430801458215710142246414031293804813368688640000000000000000000000</td>
</tr>
<tr>
<td>busybox_1_28_0.cnf</td>
<td>998</td>
<td>962</td>
<td>17832</td>
<td>2.65927</td>
<td>131015637986869066594955808134501079028008039381985671612410564630862006108883152140836568227782153439006643161483440812593354976024587487374556603949573514223359777319658981065823636430801458215710142246414031293804813368688640000000000000000000000</td>
</tr>
<tr>
<td>busybox_1_28_0.cnf</td>
<td>998</td>
<td>962</td>
<td>17832</td>
<td>4.2515</td>
<td>131015637986869066594955808134501079028008039381985671612410564630862006108883152140836568227782153439006643161483440812593354976024587487374556603949573514223359777319658981065823636430801458215710142246414031293804813368688640000000000000000000000</td>
</tr>
<tr>
<td>busybox_1_28_0.cnf</td>
<td>998</td>
<td>962</td>
<td>17832</td>
<td>2.52138</td>
<td>131015637986869066594955808134501079028008039381985671612410564630862006108883152140836568227782153439006643161483440812593354976024587487374556603949573514223359777319658981065823636430801458215710142246414031293804813368688640000000000000000000000</td>
</tr>
<tr>
<td>busybox_1_28_0.cnf</td>
<td>998</td>
<td>962</td>
<td>17832</td>
<td>2.4996</td>
<td>131015637986869066594955808134501079028008039381985671612410564630862006108883152140836568227782153439006643161483440812593354976024587487374556603949573514223359777319658981065823636430801458215710142246414031293804813368688640000000000000000000000</td>
</tr>
<tr>
<td>busybox_1_28_0.cnf</td>
<td>998</td>
<td>962</td>
<td>17832</td>
<td>2.5548</td>
<td>131015637986869066594955808134501079028008039381985671612410564630862006108883152140836568227782153439006643161483440812593354976024587487374556603949573514223359777319658981065823636430801458215710142246414031293804813368688640000000000000000000000</td>
</tr>
<tr>
<td>busybox_1_28_0.cnf</td>
<td>998</td>
<td>962</td>
<td>17832</td>
<td>2.42614</td>
<td>131015637986869066594955808134501079028008039381985671612410564630862006108883152140836568227782153439006643161483440812593354976024587487374556603949573514223359777319658981065823636430801458215710142246414031293804813368688640000000000000000000000</td>
</tr>
<tr>
<td>busybox_1_28_0.cnf</td>
<td>998</td>
<td>962</td>
<td>17832</td>
<td>2.31333</td>
<td>131015637986869066594955808134501079028008039381985671612410564630862006108883152140836568227782153439006643161483440812593354976024587487374556603949573514223359777319658981065823636430801458215710142246414031293804813368688640000000000000000000000</td>
</tr>
<tr>
<td>busybox_1_28_0.cnf</td>
<td>998</td>
<td>962</td>
<td>17832</td>
<td>2.52807</td>
<td>131015637986869066594955808134501079028008039381985671612410564630862006108883152140836568227782153439006643161483440812593354976024587487374556603949573514223359777319658981065823636430801458215710142246414031293804813368688640000000000000000000000</td>
</tr>
<tr>
<td>busybox_1_28_0.cnf</td>
<td>998</td>
<td>962</td>
<td>17832</td>
<td>2.60732</td>
<td>131015637986869066594955808134501079028008039381985671612410564630862006108883152140836568227782153439006643161483440812593354976024587487374556603949573514223359777319658981065823636430801458215710142246414031293804813368688640000000000000000000000</td>
</tr>
<tr>
<td>busybox_1_28_0.cnf</td>
<td>998</td>
<td>962</td>
<td>17832</td>
<td>2.49304</td>
<td>131015637986869066594955808134501079028008039381985671612410564630862006108883152140836568227782153439006643161483440812593354976024587487374556603949573514223359777319658981065823636430801458215710142246414031293804813368688640000000000000000000000</td>
</tr>
<tr>
<td>busybox_1_28_0.cnf</td>
<td>998</td>
<td>962</td>
<td>17832</td>
<td>3.01765</td>
<td>131015637986869066594955808134501079028008039381985671612410564630862006108883152140836568227782153439006643161483440812593354976024587487374556603949573514223359777319658981065823636430801458215710142246414031293804813368688640000000000000000000000</td>
</tr>
<tr>
<td>busybox_1_28_0.cnf</td>
<td>998</td>
<td>962</td>
<td>17832</td>
<td>2.57063</td>
<td>131015637986869066594955808134501079028008039381985671612410564630862006108883152140836568227782153439006643161483440812593354976024587487374556603949573514223359777319658981065823636430801458215710142246414031293804813368688640000000000000000000000</td>
</tr>
<tr>
<td>busybox_1_28_0.cnf</td>
<td>998</td>
<td>962</td>
<td>17832</td>
<td>2.64135</td>
<td>131015637986869066594955808134501079028008039381985671612410564630862006108883152140836568227782153439006643161483440812593354976024587487374556603949573514223359777319658981065823636430801458215710142246414031293804813368688640000000000000000000000</td>
</tr>
<tr>
<td>busybox_1_28_0.cnf</td>
<td>998</td>
<td>962</td>
<td>17832</td>
<td>2.62441</td>
<td>131015637986869066594955808134501079028008039381985671612410564630862006108883152140836568227782153439006643161483440812593354976024587487374556603949573514223359777319658981065823636430801458215710142246414031293804813368688640000000000000000000000</td>
</tr>
<tr>
<td>busybox_1_28_0.cnf</td>
<td>998</td>
<td>962</td>
<td>17832</td>
<td>4.40995</td>
<td>131015637986869066594955808134501079028008039381985671612410564630862006108883152140836568227782153439006643161483440812593354976024587487374556603949573514223359777319658981065823636430801458215710142246414031293804813368688640000000000000000000000</td>
</tr>
<tr>
<td>busybox_1_28_0.cnf</td>
<td>998</td>
<td>962</td>
<td>17832</td>
<td>2.72377</td>
<td>131015637986869066594955808134501079028008039381985671612410564630862006108883152140836568227782153439006643161483440812593354976024587487374556603949573514223359777319658981065823636430801458215710142246414031293804813368688640000000000000000000000</td>
</tr>
<tr>
<td>busybox_1_28_0.cnf</td>
<td>998</td>
<td>962</td>
<td>17832</td>
<td>2.49007</td>
<td>131015637986869066594955808134501079028008039381985671612410564630862006108883152140836568227782153439006643161483440812593354976024587487374556603949573514223359777319658981065823636430801458215710142246414031293804813368688640000000000000000000000</td>
</tr>
<tr>
<td>busybox_1_28_0.cnf</td>
<td>998</td>
<td>962</td>
<td>17832</td>
<td>2.42565</td>
<td>131015637986869066594955808134501079028008039381985671612410564630862006108883152140836568227782153439006643161483440812593354976024587487374556603949573514223359777319658981065823636430801458215710142246414031293804813368688640000000000000000000000</td>
</tr>
<tr>
<td>busybox_1_28_0.cnf</td>
<td>998</td>
<td>962</td>
<td>17832</td>
<td>2.467</td>
<td>131015637986869066594955808134501079028008039381985671612410564630862006108883152140836568227782153439006643161483440812593354976024587487374556603949573514223359777319658981065823636430801458215710142246414031293804813368688640000000000000000000000</td>
</tr>
<tr>
<td>am31_sim.cnf</td>
<td>1165</td>
<td>2968</td>
<td>45971</td>
<td>7.06443</td>
<td>31506117330638209963044978072983956210771703423518162467137502207143887426026525283299774751701910447997211646995406800</td>
</tr>
<tr>
<td>am31_sim.cnf</td>
<td>1165</td>
<td>2968</td>
<td>45971</td>
<td>7.26313</td>
<td>31506117330638209963044978072983956210771703423518162467137502207143887426026525283299774751701910447997211646995406800</td>
</tr>
<tr>
<td>am31_sim.cnf</td>
<td>1165</td>
<td>2968</td>
<td>45971</td>
<td>8.94866</td>
<td>31506117330638209963044978072983956210771703423518162467137502207143887426026525283299774751701910447997211646995406800</td>
</tr>
<tr>
<td>am31_sim.cnf</td>
<td>1165</td>
<td>2968</td>
<td>45971</td>
<td>6.92107</td>
<td>31506117330638209963044978072983956210771703423518162467137502207143887426026525283299774751701910447997211646995406800</td>
</tr>
<tr>
<td>am31_sim.cnf</td>
<td>1165</td>
<td>2968</td>
<td>45971</td>
<td>6.75546</td>
<td>31506117330638209963044978072983956210771703423518162467137502207143887426026525283299774751701910447997211646995406800</td>
</tr>
<tr>
<td>am31_sim.cnf</td>
<td>1165</td>
<td>2968</td>
<td>45971</td>
<td>6.97965</td>
<td>31506117330638209963044978072983956210771703423518162467137502207143887426026525283299774751701910447997211646995406800</td>
</tr>
<tr>
<td>am31_sim.cnf</td>
<td>1165</td>
<td>2968</td>
<td>45971</td>
<td>9.46841</td>
<td>31506117330638209963044978072983956210771703423518162467137502207143887426026525283299774751701910447997211646995406800</td>
</tr>
<tr>
<td>am31_sim.cnf</td>
<td>1165</td>
<td>2968</td>
<td>45971</td>
<td>7.6941</td>
<td>31506117330638209963044978072983956210771703423518162467137502207143887426026525283299774751701910447997211646995406800</td>
</tr>
<tr>
<td>am31_sim.cnf</td>
<td>1165</td>
<td>2968</td>
<td>45971</td>
<td>7.53895</td>
<td>31506117330638209963044978072983956210771703423518162467137502207143887426026525283299774751701910447997211646995406800</td>
</tr>
<tr>
<td>am31_sim.cnf</td>
<td>1165</td>
<td>2968</td>
<td>45971</td>
<td>7.88807</td>
<td>31506117330638209963044978072983956210771703423518162467137502207143887426026525283299774751701910447997211646995406800</td>
</tr>
<tr>
<td>am31_sim.cnf</td>
<td>1165</td>
<td>2968</td>
<td>45971</td>
<td>7.55211</td>
<td>31506117330638209963044978072983956210771703423518162467137502207143887426026525283299774751701910447997211646995406800</td>
</tr>
<tr>
<td>XSEngine.cnf</td>
<td>1260</td>
<td>3803</td>
<td>220271</td>
<td>41.3659</td>
<td>20465746440382087936529912643590977513970082939999139929055557568916492561530302110679412575402722502373941138017801081294493092560800</td>
</tr>
<tr>
<td>XSEngine.cnf</td>
<td>1260</td>
<td>3803</td>
<td>220271</td>
<td>38.6132</td>
<td>20465746440382087936529912643590977513970082939999139929055557568916492561530302110679412575402722502373941138017801081294493092560800</td>
</tr>
<tr>
<td>XSEngine.cnf</td>
<td>1260</td>
<td>3803</td>
<td>220271</td>
<td>39.7396</td>
<td>20465746440382087936529912643590977513970082939999139929055557568916492561530302110679412575402722502373941138017801081294493092560800</td>
</tr>
<tr>
<td>XSEngine.cnf</td>
<td>1260</td>
<td>3803</td>
<td>220271</td>
<td>40.5253</td>
<td>20465746440382087936529912643590977513970082939999139929055557568916492561530302110679412575402722502373941138017801081294493092560800</td>
</tr>
<tr>
<td>XSEngine.cnf</td>
<td>1260</td>
<td>3803</td>
<td>220271</td>
<td>40.3661</td>
<td>20465746440382087936529912643590977513970082939999139929055557568916492561530302110679412575402722502373941138017801081294493092560800</td>
</tr>
<tr>
<td>XSEngine.cnf</td>
<td>1260</td>
<td>3803</td>
<td>220271</td>
<td>164</td>
<td>20465746440382087936529912643590977513970082939999139929055557568916492561530302110679412575402722502373941138017801081294493092560800</td>
</tr>
<tr>
<td>XSEngine.cnf</td>
<td>1260</td>
<td>3803</td>
<td>220271</td>
<td>25.6755</td>
<td>20465746440382087936529912643590977513970082939999139929055557568916492561530302110679412575402722502373941138017801081294493092560800</td>
</tr>
<tr>
<td>XSEngine.cnf</td>
<td>1260</td>
<td>3803</td>
<td>220271</td>
<td>27.854</td>
<td>20465746440382087936529912643590977513970082939999139929055557568916492561530302110679412575402722502373941138017801081294493092560800</td>
</tr>
<tr>
<td>XSEngine.cnf</td>
<td>1260</td>
<td>3803</td>
<td>220271</td>
<td>34.2034</td>
<td>20465746440382087936529912643590977513970082939999139929055557568916492561530302110679412575402722502373941138017801081294493092560800</td>
</tr>
<tr>
<td>XSEngine.cnf</td>
<td>1260</td>
<td>3803</td>
<td>220271</td>
<td>39.5064</td>
<td>20465746440382087936529912643590977513970082939999139929055557568916492561530302110679412575402722502373941138017801081294493092560800</td>
</tr>
<tr>
<td>XSEngine.cnf</td>
<td>1260</td>
<td>3803</td>
<td>220271</td>
<td>40.9426</td>
<td>20465746440382087936529912643590977513970082939999139929055557568916492561530302110679412575402722502373941138017801081294493092560800</td>
</tr>
<tr>
<td>adder.cnf</td>
<td>1272</td>
<td>3201</td>
<td>162675</td>
<td>27.5548</td>
<td>98826262955116540654594658579507080173060213668622411355372612317123327888583768001824579847667155986221756840403183315918800</td>
</tr>
<tr>
<td>adder.cnf</td>
<td>1272</td>
<td>3201</td>
<td>162675</td>
<td>29.661</td>
<td>98826262955116540654594658579507080173060213668622411355372612317123327888583768001824579847667155986221756840403183315918800</td>
</tr>
<tr>
<td>adder.cnf</td>
<td>1272</td>
<td>3201</td>
<td>162675</td>
<td>29.63</td>
<td>98826262955116540654594658579507080173060213668622411355372612317123327888583768001824579847667155986221756840403183315918800</td>
</tr>
<tr>
<td>adder.cnf</td>
<td>1272</td>
<td>3201</td>
<td>162675</td>
<td>28.8971</td>
<td>98826262955116540654594658579507080173060213668622411355372612317123327888583768001824579847667155986221756840403183315918800</td>
</tr>
<tr>
<td>adder.cnf</td>
<td>1272</td>
<td>3201</td>
<td>162675</td>
<td>29.7031</td>
<td>98826262955116540654594658579507080173060213668622411355372612317123327888583768001824579847667155986221756840403183315918800</td>
</tr>
<tr>
<td>adder.cnf</td>
<td>1272</td>
<td>3201</td>
<td>162675</td>
<td>28.8081</td>
<td>98826262955116540654594658579507080173060213668622411355372612317123327888583768001824579847667155986221756840403183315918800</td>
</tr>
<tr>
<td>adder.cnf</td>
<td>1272</td>
<td>3201</td>
<td>162675</td>
<td>26.7964</td>
<td>98826262955116540654594658579507080173060213668622411355372612317123327888583768001824579847667155986221756840403183315918800</td>
</tr>
<tr>
<td>adder.cnf</td>
<td>1272</td>
<td>3201</td>
<td>162675</td>
<td>27.9908</td>
<td>98826262955116540654594658579507080173060213668622411355372612317123327888583768001824579847667155986221756840403183315918800</td>
</tr>
<tr>
<td>adder.cnf</td>
<td>1272</td>
<td>3201</td>
<td>162675</td>
<td>28.8663</td>
<td>98826262955116540654594658579507080173060213668622411355372612317123327888583768001824579847667155986221756840403183315918800</td>
</tr>
<tr>
<td>adder.cnf</td>
<td>1272</td>
<td>3201</td>
<td>162675</td>
<td>25.8901</td>
<td>98826262955116540654594658579507080173060213668622411355372612317123327888583768001824579847667155986221756840403183315918800</td>
</tr>
<tr>
<td>adder.cnf</td>
<td>1272</td>
<td>3201</td>
<td>162675</td>
<td>29.0631</td>
<td>98826262955116540654594658579507080173060213668622411355372612317123327888583768001824579847667155986221756840403183315918800</td>
</tr>
<tr>
<td>axtls.cnf</td>
<td>94</td>
<td>190</td>
<td>58</td>
<td>0.005795</td>
<td>1962126104736</td>
</tr>
<tr>
<td>axtls.cnf</td>
<td>94</td>
<td>190</td>
<td>58</td>
<td>0.004947</td>
<td>1962126104736</td>
</tr>
<tr>
<td>axtls.cnf</td>
<td>94</td>
<td>190</td>
<td>58</td>
<td>0.00493</td>
<td>1962126104736</td>
</tr>
<tr>
<td>axtls.cnf</td>
<td>94</td>
<td>190</td>
<td>58</td>
<td>0.004173</td>
<td>1962126104736</td>
</tr>
<tr>
<td>axtls.cnf</td>
<td>94</td>
<td>190</td>
<td>58</td>
<td>0.004668</td>
<td>1962126104736</td>
</tr>
<tr>
<td>axtls.cnf</td>
<td>94</td>
<td>190</td>
<td>58</td>
<td>0.004398</td>
<td>1962126104736</td>
</tr>
<tr>
<td>axtls.cnf</td>
<td>94</td>
<td>190</td>
<td>58</td>
<td>0.00587</td>
<td>1962126104736</td>
</tr>
<tr>
<td>axtls.cnf</td>
<td>94</td>
<td>190</td>
<td>58</td>
<td>0.006464</td>
<td>1962126104736</td>
</tr>
<tr>
<td>axtls.cnf</td>
<td>94</td>
<td>190</td>
<td>58</td>
<td>0.005073</td>
<td>1962126104736</td>
</tr>
<tr>
<td>axtls.cnf</td>
<td>94</td>
<td>190</td>
<td>58</td>
<td>0.004839</td>
<td>1962126104736</td>
</tr>
<tr>
<td>axtls.cnf</td>
<td>94</td>
<td>190</td>
<td>58</td>
<td>0.004624</td>
<td>1962126104736</td>
</tr>
<tr>
<td>busybox_1_28_0.cnf</td>
<td>998</td>
<td>962</td>
<td>17832</td>
<td>2.61904</td>
<td>131015637986869066594955808134501079028008039381985671612410564630862006108883152140836568227782153439006643161483440812593354976024587487374556603949573514223359777319658981065823636430801458215710142246414031293804813368688640000000000000000000000</td>
</tr>
<tr>
<td>busybox_1_28_0.cnf</td>
<td>998</td>
<td>962</td>
<td>17832</td>
<td>2.3351</td>
<td>131015637986869066594955808134501079028008039381985671612410564630862006108883152140836568227782153439006643161483440812593354976024587487374556603949573514223359777319658981065823636430801458215710142246414031293804813368688640000000000000000000000</td>
</tr>
<tr>
<td>busybox_1_28_0.cnf</td>
<td>998</td>
<td>962</td>
<td>17832</td>
<td>2.33969</td>
<td>131015637986869066594955808134501079028008039381985671612410564630862006108883152140836568227782153439006643161483440812593354976024587487374556603949573514223359777319658981065823636430801458215710142246414031293804813368688640000000000000000000000</td>
</tr>
<tr>
<td>busybox_1_28_0.cnf</td>
<td>998</td>
<td>962</td>
<td>17832</td>
<td>4.52253</td>
<td>131015637986869066594955808134501079028008039381985671612410564630862006108883152140836568227782153439006643161483440812593354976024587487374556603949573514223359777319658981065823636430801458215710142246414031293804813368688640000000000000000000000</td>
</tr>
<tr>
<td>busybox_1_28_0.cnf</td>
<td>998</td>
<td>962</td>
<td>17832</td>
<td>2.35836</td>
<td>131015637986869066594955808134501079028008039381985671612410564630862006108883152140836568227782153439006643161483440812593354976024587487374556603949573514223359777319658981065823636430801458215710142246414031293804813368688640000000000000000000000</td>
</tr>
<tr>
<td>busybox_1_28_0.cnf</td>
<td>998</td>
<td>962</td>
<td>17832</td>
<td>2.52611</td>
<td>131015637986869066594955808134501079028008039381985671612410564630862006108883152140836568227782153439006643161483440812593354976024587487374556603949573514223359777319658981065823636430801458215710142246414031293804813368688640000000000000000000000</td>
</tr>
<tr>
<td>busybox_1_28_0.cnf</td>
<td>998</td>
<td>962</td>
<td>17832</td>
<td>2.48233</td>
<td>131015637986869066594955808134501079028008039381985671612410564630862006108883152140836568227782153439006643161483440812593354976024587487374556603949573514223359777319658981065823636430801458215710142246414031293804813368688640000000000000000000000</td>
</tr>
<tr>
<td>busybox_1_28_0.cnf</td>
<td>998</td>
<td>962</td>
<td>17832</td>
<td>2.48731</td>
<td>131015637986869066594955808134501079028008039381985671612410564630862006108883152140836568227782153439006643161483440812593354976024587487374556603949573514223359777319658981065823636430801458215710142246414031293804813368688640000000000000000000000</td>
</tr>
<tr>
<td>busybox_1_28_0.cnf</td>
<td>998</td>
<td>962</td>
<td>17832</td>
<td>2.51304</td>
<td>131015637986869066594955808134501079028008039381985671612410564630862006108883152140836568227782153439006643161483440812593354976024587487374556603949573514223359777319658981065823636430801458215710142246414031293804813368688640000000000000000000000</td>
</tr>
<tr>
<td>busybox_1_28_0.cnf</td>
<td>998</td>
<td>962</td>
<td>17832</td>
<td>2.5377</td>
<td>131015637986869066594955808134501079028008039381985671612410564630862006108883152140836568227782153439006643161483440812593354976024587487374556603949573514223359777319658981065823636430801458215710142246414031293804813368688640000000000000000000000</td>
</tr>
<tr>
<td>busybox_1_28_0.cnf</td>
<td>998</td>
<td>962</td>
<td>17832</td>
<td>2.40489</td>
<td>131015637986869066594955808134501079028008039381985671612410564630862006108883152140836568227782153439006643161483440812593354976024587487374556603949573514223359777319658981065823636430801458215710142246414031293804813368688640000000000000000000000</td>
</tr>
<tr>
<td>am31_sim.cnf</td>
<td>1165</td>
<td>2968</td>
<td>45971</td>
<td>7.2939</td>
<td>31506117330638209963044978072983956210771703423518162467137502207143887426026525283299774751701910447997211646995406800</td>
</tr>
<tr>
<td>am31_sim.cnf</td>
<td>1165</td>
<td>2968</td>
<td>45971</td>
<td>7.28969</td>
<td>31506117330638209963044978072983956210771703423518162467137502207143887426026525283299774751701910447997211646995406800</td>
</tr>
<tr>
<td>am31_sim.cnf</td>
<td>1165</td>
<td>2968</td>
<td>45971</td>
<td>9.50776</td>
<td>31506117330638209963044978072983956210771703423518162467137502207143887426026525283299774751701910447997211646995406800</td>
</tr>
<tr>
<td>am31_sim.cnf</td>
<td>1165</td>
<td>2968</td>
<td>45971</td>
<td>7.44402</td>
<td>31506117330638209963044978072983956210771703423518162467137502207143887426026525283299774751701910447997211646995406800</td>
</tr>
<tr>
<td>am31_sim.cnf</td>
<td>1165</td>
<td>2968</td>
<td>45971</td>
<td>7.47992</td>
<td>31506117330638209963044978072983956210771703423518162467137502207143887426026525283299774751701910447997211646995406800</td>
</tr>
<tr>
<td>am31_sim.cnf</td>
<td>1165</td>
<td>2968</td>
<td>45971</td>
<td>7.1736</td>
<td>31506117330638209963044978072983956210771703423518162467137502207143887426026525283299774751701910447997211646995406800</td>
</tr>
<tr>
<td>am31_sim.cnf</td>
<td>1165</td>
<td>2968</td>
<td>45971</td>
<td>7.22945</td>
<td>31506117330638209963044978072983956210771703423518162467137502207143887426026525283299774751701910447997211646995406800</td>
</tr>
<tr>
<td>am31_sim.cnf</td>
<td>1165</td>
<td>2968</td>
<td>45971</td>
<td>9.70483</td>
<td>31506117330638209963044978072983956210771703423518162467137502207143887426026525283299774751701910447997211646995406800</td>
</tr>
<tr>
<td>am31_sim.cnf</td>
<td>1165</td>
<td>2968</td>
<td>45971</td>
<td>7.2593</td>
<td>31506117330638209963044978072983956210771703423518162467137502207143887426026525283299774751701910447997211646995406800</td>
</tr>
<tr>
<td>am31_sim.cnf</td>
<td>1165</td>
<td>2968</td>
<td>45971</td>
<td>7.05373</td>
<td>31506117330638209963044978072983956210771703423518162467137502207143887426026525283299774751701910447997211646995406800</td>
</tr>
<tr>
<td>am31_sim.cnf</td>
<td>1165</td>
<td>2968</td>
<td>45971</td>
<td>7.35319</td>
<td>31506117330638209963044978072983956210771703423518162467137502207143887426026525283299774751701910447997211646995406800</td>
</tr>
<tr>
<td>XSEngine.cnf</td>
<td>1260</td>
<td>3803</td>
<td>220271</td>
<td>38.8981</td>
<td>20465746440382087936529912643590977513970082939999139929055557568916492561530302110679412575402722502373941138017801081294493092560800</td>
</tr>
<tr>
<td>XSEngine.cnf</td>
<td>1260</td>
<td>3803</td>
<td>220271</td>
<td>42.7239</td>
<td>20465746440382087936529912643590977513970082939999139929055557568916492561530302110679412575402722502373941138017801081294493092560800</td>
</tr>
<tr>
<td>XSEngine.cnf</td>
<td>1260</td>
<td>3803</td>
<td>220271</td>
<td>38.3253</td>
<td>20465746440382087936529912643590977513970082939999139929055557568916492561530302110679412575402722502373941138017801081294493092560800</td>
</tr>
<tr>
<td>XSEngine.cnf</td>
<td>1260</td>
<td>3803</td>
<td>220271</td>
<td>37.8124</td>
<td>20465746440382087936529912643590977513970082939999139929055557568916492561530302110679412575402722502373941138017801081294493092560800</td>
</tr>
<tr>
<td>XSEngine.cnf</td>
<td>1260</td>
<td>3803</td>
<td>220271</td>
<td>38.211</td>
<td>20465746440382087936529912643590977513970082939999139929055557568916492561530302110679412575402722502373941138017801081294493092560800</td>
</tr>
<tr>
<td>XSEngine.cnf</td>
<td>1260</td>
<td>3803</td>
<td>220271</td>
<td>40.8469</td>
<td>20465746440382087936529912643590977513970082939999139929055557568916492561530302110679412575402722502373941138017801081294493092560800</td>
</tr>
<tr>
<td>XSEngine.cnf</td>
<td>1260</td>
<td>3803</td>
<td>220271</td>
<td>42.2168</td>
<td>20465746440382087936529912643590977513970082939999139929055557568916492561530302110679412575402722502373941138017801081294493092560800</td>
</tr>
<tr>
<td>XSEngine.cnf</td>
<td>1260</td>
<td>3803</td>
<td>220271</td>
<td>38.8905</td>
<td>20465746440382087936529912643590977513970082939999139929055557568916492561530302110679412575402722502373941138017801081294493092560800</td>
</tr>
<tr>
<td>XSEngine.cnf</td>
<td>1260</td>
<td>3803</td>
<td>220271</td>
<td>37.0706</td>
<td>20465746440382087936529912643590977513970082939999139929055557568916492561530302110679412575402722502373941138017801081294493092560800</td>
</tr>
<tr>
<td>XSEngine.cnf</td>
<td>1260</td>
<td>3803</td>
<td>220271</td>
<td>38.866</td>
<td>20465746440382087936529912643590977513970082939999139929055557568916492561530302110679412575402722502373941138017801081294493092560800</td>
</tr>
<tr>
<td>XSEngine.cnf</td>
<td>1260</td>
<td>3803</td>
<td>220271</td>
<td>39.3296</td>
<td>20465746440382087936529912643590977513970082939999139929055557568916492561530302110679412575402722502373941138017801081294493092560800</td>
</tr>
<tr>
<td>adder.cnf</td>
<td>1272</td>
<td>3201</td>
<td>162675</td>
<td>28.1808</td>
<td>98826262955116540654594658579507080173060213668622411355372612317123327888583768001824579847667155986221756840403183315918800</td>
</tr>
<tr>
<td>adder.cnf</td>
<td>1272</td>
<td>3201</td>
<td>162675</td>
<td>28.7113</td>
<td>98826262955116540654594658579507080173060213668622411355372612317123327888583768001824579847667155986221756840403183315918800</td>
</tr>
<tr>
<td>adder.cnf</td>
<td>1272</td>
<td>3201</td>
<td>162675</td>
<td>26.1186</td>
<td>98826262955116540654594658579507080173060213668622411355372612317123327888583768001824579847667155986221756840403183315918800</td>
</tr>
<tr>
<td>adder.cnf</td>
<td>1272</td>
<td>3201</td>
<td>162675</td>
<td>28.4558</td>
<td>98826262955116540654594658579507080173060213668622411355372612317123327888583768001824579847667155986221756840403183315918800</td>
</tr>
<tr>
<td>adder.cnf</td>
<td>1272</td>
<td>3201</td>
<td>162675</td>
<td>29.4911</td>
<td>98826262955116540654594658579507080173060213668622411355372612317123327888583768001824579847667155986221756840403183315918800</td>
</tr>
<tr>
<td>adder.cnf</td>
<td>1272</td>
<td>3201</td>
<td>162675</td>
<td>28.2202</td>
<td>98826262955116540654594658579507080173060213668622411355372612317123327888583768001824579847667155986221756840403183315918800</td>
</tr>
<tr>
<td>adder.cnf</td>
<td>1272</td>
<td>3201</td>
<td>162675</td>
<td>29.0491</td>
<td>98826262955116540654594658579507080173060213668622411355372612317123327888583768001824579847667155986221756840403183315918800</td>
</tr>
<tr>
<td>adder.cnf</td>
<td>1272</td>
<td>3201</td>
<td>162675</td>
<td>28.6596</td>
<td>98826262955116540654594658579507080173060213668622411355372612317123327888583768001824579847667155986221756840403183315918800</td>
</tr>
<tr>
<td>adder.cnf</td>
<td>1272</td>
<td>3201</td>
<td>162675</td>
<td>26.4827</td>
<td>98826262955116540654594658579507080173060213668622411355372612317123327888583768001824579847667155986221756840403183315918800</td>
</tr>
<tr>
<td>adder.cnf</td>
<td>1272</td>
<td>3201</td>
<td>162675</td>
<td>28.8141</td>
<td>98826262955116540654594658579507080173060213668622411355372612317123327888583768001824579847667155986221756840403183315918800</td>
</tr>
<tr>
<td>adder.cnf</td>
<td>1272</td>
<td>3201</td>
<td>162675</td>
<td>29.1323</td>
<td>98826262955116540654594658579507080173060213668622411355372612317123327888583768001824579847667155986221756840403183315918800</td>
</tr>
<tr>
<td>axtls.cnf</td>
<td>94</td>
<td>190</td>
<td>58</td>
<td>0.005094</td>
<td>1962126104736</td>
</tr>
<tr>
<td>axtls.cnf</td>
<td>94</td>
<td>190</td>
<td>58</td>
<td>0.005203</td>
<td>1962126104736</td>
</tr>
<tr>
<td>axtls.cnf</td>
<td>94</td>
<td>190</td>
<td>58</td>
<td>0.005077</td>
<td>1962126104736</td>
</tr>
<tr>
<td>axtls.cnf</td>
<td>94</td>
<td>190</td>
<td>58</td>
<td>0.011233</td>
<td>1962126104736</td>
</tr>
<tr>
<td>axtls.cnf</td>
<td>94</td>
<td>190</td>
<td>58</td>
<td>0.007852</td>
<td>1962126104736</td>
</tr>
<tr>
<td>axtls.cnf</td>
<td>94</td>
<td>190</td>
<td>58</td>
<td>0.006862</td>
<td>1962126104736</td>
</tr>
<tr>
<td>axtls.cnf</td>
<td>94</td>
<td>190</td>
<td>58</td>
<td>0.009311</td>
<td>1962126104736</td>
</tr>
<tr>
<td>axtls.cnf</td>
<td>94</td>
<td>190</td>
<td>58</td>
<td>0.005573</td>
<td>1962126104736</td>
</tr>
<tr>
<td>axtls.cnf</td>
<td>94</td>
<td>190</td>
<td>58</td>
<td>0.004276</td>
<td>1962126104736</td>
</tr>
<tr>
<td>axtls.cnf</td>
<td>94</td>
<td>190</td>
<td>58</td>
<td>0.005398</td>
<td>1962126104736</td>
</tr>
<tr>
<td>axtls.cnf</td>
<td>94</td>
<td>190</td>
<td>58</td>
<td>0.004269</td>
<td>1962126104736</td>
</tr>
<tr>
<td>busybox_1_28_0.cnf</td>
<td>998</td>
<td>962</td>
<td>17832</td>
<td>2.48193</td>
<td>131015637986869066594955808134501079028008039381985671612410564630862006108883152140836568227782153439006643161483440812593354976024587487374556603949573514223359777319658981065823636430801458215710142246414031293804813368688640000000000000000000000</td>
</tr>
<tr>
<td>busybox_1_28_0.cnf</td>
<td>998</td>
<td>962</td>
<td>17832</td>
<td>2.46922</td>
<td>131015637986869066594955808134501079028008039381985671612410564630862006108883152140836568227782153439006643161483440812593354976024587487374556603949573514223359777319658981065823636430801458215710142246414031293804813368688640000000000000000000000</td>
</tr>
<tr>
<td>busybox_1_28_0.cnf</td>
<td>998</td>
<td>962</td>
<td>17832</td>
<td>2.47569</td>
<td>131015637986869066594955808134501079028008039381985671612410564630862006108883152140836568227782153439006643161483440812593354976024587487374556603949573514223359777319658981065823636430801458215710142246414031293804813368688640000000000000000000000</td>
</tr>
<tr>
<td>busybox_1_28_0.cnf</td>
<td>998</td>
<td>962</td>
<td>17832</td>
<td>2.37628</td>
<td>131015637986869066594955808134501079028008039381985671612410564630862006108883152140836568227782153439006643161483440812593354976024587487374556603949573514223359777319658981065823636430801458215710142246414031293804813368688640000000000000000000000</td>
</tr>
<tr>
<td>busybox_1_28_0.cnf</td>
<td>998</td>
<td>962</td>
<td>17832</td>
<td>2.44605</td>
<td>131015637986869066594955808134501079028008039381985671612410564630862006108883152140836568227782153439006643161483440812593354976024587487374556603949573514223359777319658981065823636430801458215710142246414031293804813368688640000000000000000000000</td>
</tr>
<tr>
<td>busybox_1_28_0.cnf</td>
<td>998</td>
<td>962</td>
<td>17832</td>
<td>4.48414</td>
<td>131015637986869066594955808134501079028008039381985671612410564630862006108883152140836568227782153439006643161483440812593354976024587487374556603949573514223359777319658981065823636430801458215710142246414031293804813368688640000000000000000000000</td>
</tr>
<tr>
<td>busybox_1_28_0.cnf</td>
<td>998</td>
<td>962</td>
<td>17832</td>
<td>2.58563</td>
<td>131015637986869066594955808134501079028008039381985671612410564630862006108883152140836568227782153439006643161483440812593354976024587487374556603949573514223359777319658981065823636430801458215710142246414031293804813368688640000000000000000000000</td>
</tr>
<tr>
<td>busybox_1_28_0.cnf</td>
<td>998</td>
<td>962</td>
<td>17832</td>
<td>2.4368</td>
<td>131015637986869066594955808134501079028008039381985671612410564630862006108883152140836568227782153439006643161483440812593354976024587487374556603949573514223359777319658981065823636430801458215710142246414031293804813368688640000000000000000000000</td>
</tr>
<tr>
<td>busybox_1_28_0.cnf</td>
<td>998</td>
<td>962</td>
<td>17832</td>
<td>2.46991</td>
<td>131015637986869066594955808134501079028008039381985671612410564630862006108883152140836568227782153439006643161483440812593354976024587487374556603949573514223359777319658981065823636430801458215710142246414031293804813368688640000000000000000000000</td>
</tr>
<tr>
<td>busybox_1_28_0.cnf</td>
<td>998</td>
<td>962</td>
<td>17832</td>
<td>2.35841</td>
<td>131015637986869066594955808134501079028008039381985671612410564630862006108883152140836568227782153439006643161483440812593354976024587487374556603949573514223359777319658981065823636430801458215710142246414031293804813368688640000000000000000000000</td>
</tr>
<tr>
<td>busybox_1_28_0.cnf</td>
<td>998</td>
<td>962</td>
<td>17832</td>
<td>2.35638</td>
<td>131015637986869066594955808134501079028008039381985671612410564630862006108883152140836568227782153439006643161483440812593354976024587487374556603949573514223359777319658981065823636430801458215710142246414031293804813368688640000000000000000000000</td>
</tr>
<tr>
<td>busybox_1_28_0.cnf</td>
<td>998</td>
<td>962</td>
<td>17832</td>
<td>4.29941</td>
<td>131015637986869066594955808134501079028008039381985671612410564630862006108883152140836568227782153439006643161483440812593354976024587487374556603949573514223359777319658981065823636430801458215710142246414031293804813368688640000000000000000000000</td>
</tr>
<tr>
<td>busybox_1_28_0.cnf</td>
<td>998</td>
<td>962</td>
<td>17832</td>
<td>2.46327</td>
<td>131015637986869066594955808134501079028008039381985671612410564630862006108883152140836568227782153439006643161483440812593354976024587487374556603949573514223359777319658981065823636430801458215710142246414031293804813368688640000000000000000000000</td>
</tr>
<tr>
<td>busybox_1_28_0.cnf</td>
<td>998</td>
<td>962</td>
<td>17832</td>
<td>2.44289</td>
<td>131015637986869066594955808134501079028008039381985671612410564630862006108883152140836568227782153439006643161483440812593354976024587487374556603949573514223359777319658981065823636430801458215710142246414031293804813368688640000000000000000000000</td>
</tr>
<tr>
<td>busybox_1_28_0.cnf</td>
<td>998</td>
<td>962</td>
<td>17832</td>
<td>2.48882</td>
<td>131015637986869066594955808134501079028008039381985671612410564630862006108883152140836568227782153439006643161483440812593354976024587487374556603949573514223359777319658981065823636430801458215710142246414031293804813368688640000000000000000000000</td>
</tr>
<tr>
<td>busybox_1_28_0.cnf</td>
<td>998</td>
<td>962</td>
<td>17832</td>
<td>2.74696</td>
<td>131015637986869066594955808134501079028008039381985671612410564630862006108883152140836568227782153439006643161483440812593354976024587487374556603949573514223359777319658981065823636430801458215710142246414031293804813368688640000000000000000000000</td>
</tr>
<tr>
<td>busybox_1_28_0.cnf</td>
<td>998</td>
<td>962</td>
<td>17832</td>
<td>2.44844</td>
<td>131015637986869066594955808134501079028008039381985671612410564630862006108883152140836568227782153439006643161483440812593354976024587487374556603949573514223359777319658981065823636430801458215710142246414031293804813368688640000000000000000000000</td>
</tr>
<tr>
<td>busybox_1_28_0.cnf</td>
<td>998</td>
<td>962</td>
<td>17832</td>
<td>2.54669</td>
<td>131015637986869066594955808134501079028008039381985671612410564630862006108883152140836568227782153439006643161483440812593354976024587487374556603949573514223359777319658981065823636430801458215710142246414031293804813368688640000000000000000000000</td>
</tr>
<tr>
<td>busybox_1_28_0.cnf</td>
<td>998</td>
<td>962</td>
<td>17832</td>
<td>2.55318</td>
<td>131015637986869066594955808134501079028008039381985671612410564630862006108883152140836568227782153439006643161483440812593354976024587487374556603949573514223359777319658981065823636430801458215710142246414031293804813368688640000000000000000000000</td>
</tr>
<tr>
<td>busybox_1_28_0.cnf</td>
<td>998</td>
<td>962</td>
<td>17832</td>
<td>2.52755</td>
<td>131015637986869066594955808134501079028008039381985671612410564630862006108883152140836568227782153439006643161483440812593354976024587487374556603949573514223359777319658981065823636430801458215710142246414031293804813368688640000000000000000000000</td>
</tr>
<tr>
<td>busybox_1_28_0.cnf</td>
<td>998</td>
<td>962</td>
<td>17832</td>
<td>2.42144</td>
<td>131015637986869066594955808134501079028008039381985671612410564630862006108883152140836568227782153439006643161483440812593354976024587487374556603949573514223359777319658981065823636430801458215710142246414031293804813368688640000000000000000000000</td>
</tr>
<tr>
<td>busybox_1_28_0.cnf</td>
<td>998</td>
<td>962</td>
<td>17832</td>
<td>2.49661</td>
<td>131015637986869066594955808134501079028008039381985671612410564630862006108883152140836568227782153439006643161483440812593354976024587487374556603949573514223359777319658981065823636430801458215710142246414031293804813368688640000000000000000000000</td>
</tr>
